sample_index,client_id,class_id
0,3,0
1,1,5
2,1,5
3,1,5
4,2,4
5,2,5
6,2,4
7,1,5
8,2,5
9,0,5
10,1,2
11,0,5
12,4,1
13,0,5
14,1,4
15,1,5
16,2,2
17,0,5
18,0,5
19,1,5
20,0,5
21,1,5
22,1,5
23,6,6
24,2,2
25,0,5
26,0,5
27,1,5
28,0,5
29,0,5
30,2,2
31,0,4
32,0,5
33,4,1
34,1,5
35,2,4
36,0,5
37,2,4
38,0,5
39,2,4
40,1,5
41,4,5
42,0,5
43,2,2
44,1,2
45,1,5
46,1,5
47,2,2
48,1,5
49,6,6
50,0,4
51,0,5
52,0,5
53,0,5
54,0,5
55,2,2
56,1,5
57,0,4
58,0,5
59,0,5
60,2,4
61,0,5
62,0,5
63,4,1
64,3,0
65,1,5
66,3,0
67,5,3
68,3,0
69,3,5
70,0,5
71,6,2
72,3,0
73,2,5
74,0,5
75,1,5
76,1,5
77,0,5
78,0,5
79,6,5
80,1,5
81,0,5
82,0,5
83,2,5
84,0,5
85,4,5
86,2,4
87,2,2
88,0,5
89,1,2
90,2,4
91,3,0
92,1,5
93,4,1
94,4,5
95,2,4
96,1,5
97,5,5
98,6,6
99,1,5
100,2,2
101,0,5
102,0,5
103,2,5
104,4,1
105,0,5
106,1,5
107,1,5
108,2,4
109,1,5
110,2,2
111,2,2
112,1,5
113,0,5
114,2,4
115,1,5
116,1,2
117,0,5
118,0,5
119,0,5
120,1,5
121,2,2
122,0,5
123,1,5
124,2,4
125,2,4
126,1,5
127,1,5
128,0,5
129,1,5
130,5,3
131,0,5
132,2,4
133,3,5
134,1,2
135,0,5
136,0,5
137,0,5
138,2,2
139,2,5
140,1,5
141,1,5
142,6,6
143,0,5
144,3,0
145,1,5
146,1,5
147,2,4
148,1,5
149,3,5
150,0,5
151,0,5
152,1,5
153,2,2
154,0,5
155,0,5
156,0,5
157,1,5
158,0,5
159,1,2
160,2,5
161,2,4
162,4,1
163,1,5
164,0,2
165,4,1
166,2,4
167,0,5
168,0,5
169,1,5
170,3,0
171,0,5
172,4,5
173,6,4
174,0,5
175,2,4
176,0,2
177,1,5
178,0,5
179,2,5
180,3,0
181,1,5
182,2,4
183,0,5
184,1,5
185,2,4
186,2,2
187,0,5
188,0,5
189,2,4
190,1,2
191,4,1
192,2,5
193,2,5
194,0,5
195,0,5
196,4,1
197,1,5
198,0,5
199,3,0
200,1,5
201,1,5
202,0,5
203,1,5
204,0,5
205,0,5
206,1,5
207,4,1
208,1,5
209,4,1
210,4,1
211,1,5
212,0,5
213,0,5
214,0,5
215,1,5
216,2,2
217,1,5
218,1,5
219,6,6
220,1,5
221,4,1
222,4,1
223,6,5
224,1,2
225,1,5
226,0,5
227,1,5
228,0,5
229,0,5
230,1,5
231,2,4
232,1,5
233,2,2
234,0,5
235,0,5
236,0,5
237,0,5
238,1,5
239,1,5
240,2,4
241,2,5
242,0,5
243,1,5
244,0,5
245,2,2
246,4,1
247,3,5
248,2,2
249,4,1
250,0,5
251,0,5
252,0,5
253,0,5
254,1,5
255,3,0
256,1,4
257,1,5
258,0,5
259,0,5
260,3,5
261,0,4
262,0,5
263,1,5
264,1,5
265,2,4
266,0,5
267,1,5
268,2,4
269,2,4
270,5,3
271,2,2
272,0,5
273,1,5
274,1,5
275,4,1
276,1,5
277,0,2
278,0,5
279,4,1
280,1,5
281,6,5
282,0,5
283,1,5
284,1,5
285,6,5
286,1,5
287,0,5
288,2,4
289,0,5
290,1,5
291,0,5
292,0,5
293,2,4
294,2,4
295,0,5
296,2,4
297,0,5
298,2,4
299,2,4
300,1,5
301,1,5
302,3,0
303,0,5
304,1,5
305,0,5
306,0,5
307,6,6
308,3,5
309,2,2
310,3,0
311,0,5
312,0,5
313,2,5
314,1,5
315,3,0
316,6,6
317,1,5
318,4,5
319,4,1
320,3,0
321,1,5
322,6,6
323,1,5
324,0,5
325,2,5
326,0,5
327,0,5
328,0,5
329,3,5
330,5,3
331,2,4
332,0,5
333,3,0
334,5,3
335,2,4
336,3,0
337,1,5
338,2,2
339,1,5
340,1,5
341,1,5
342,0,5
343,1,5
344,1,5
345,2,4
346,2,2
347,4,5
348,0,5
349,1,5
350,1,5
351,2,4
352,0,5
353,0,5
354,6,5
355,1,5
356,1,5
357,3,0
358,1,5
359,0,5
360,0,5
361,0,5
362,0,5
363,2,5
364,3,0
365,4,1
366,1,5
367,4,1
368,0,5
369,2,5
370,1,4
371,0,5
372,0,5
373,0,5
374,0,5
375,2,2
376,1,5
377,0,5
378,2,4
379,0,4
380,6,5
381,2,4
382,0,4
383,1,5
384,2,2
385,0,5
386,0,4
387,4,1
388,1,2
389,4,1
390,1,2
391,4,1
392,0,5
393,1,5
394,1,5
395,5,5
396,4,5
397,6,5
398,3,0
399,1,5
400,3,5
401,3,0
402,1,5
403,1,5
404,0,5
405,1,4
406,2,5
407,6,6
408,0,4
409,0,5
410,0,5
411,2,5
412,1,5
413,0,5
414,2,4
415,6,6
416,4,5
417,1,5
418,2,4
419,1,5
420,4,5
421,1,5
422,3,5
423,0,5
424,1,5
425,0,5
426,4,1
427,0,5
428,2,2
429,2,2
430,0,5
431,2,4
432,0,5
433,0,5
434,2,5
435,0,5
436,1,4
437,5,2
438,1,5
439,0,5
440,2,4
441,0,5
442,1,5
443,0,5
444,2,4
445,1,5
446,1,5
447,3,5
448,0,5
449,0,5
450,1,5
451,0,5
452,0,5
453,1,5
454,1,5
455,1,5
456,2,4
457,3,5
458,2,4
459,1,5
460,1,2
461,4,1
462,0,5
463,1,5
464,2,4
465,4,1
466,0,5
467,1,5
468,2,4
469,1,5
470,2,4
471,2,5
472,2,5
473,0,5
474,0,5
475,1,4
476,1,5
477,1,5
478,1,5
479,1,5
480,1,5
481,2,2
482,1,5
483,1,5
484,4,5
485,0,5
486,0,5
487,1,2
488,2,2
489,2,4
490,0,5
491,1,5
492,1,5
493,1,5
494,1,5
495,1,5
496,0,5
497,1,5
498,1,5
499,1,5
500,0,5
501,2,4
502,0,5
503,0,5
504,0,5
505,0,5
506,2,5
507,0,5
508,0,5
509,0,5
510,1,4
511,0,5
512,2,4
513,2,5
514,1,5
515,2,5
516,1,2
517,0,5
518,4,1
519,1,5
520,6,4
521,1,5
522,3,5
523,2,5
524,0,5
525,1,5
526,0,5
527,2,4
528,0,5
529,0,5
530,4,1
531,4,1
532,0,5
533,0,5
534,0,5
535,0,5
536,2,2
537,0,5
538,0,5
539,1,5
540,0,5
541,0,5
542,0,5
543,0,5
544,0,5
545,1,2
546,1,5
547,0,5
548,0,5
549,2,4
550,0,2
551,0,4
552,2,4
553,2,4
554,0,5
555,0,5
556,0,5
557,3,5
558,1,5
559,1,2
560,0,5
561,1,5
562,1,5
563,0,5
564,0,5
565,4,5
566,1,5
567,0,5
568,3,5
569,1,4
570,0,5
571,0,5
572,0,5
573,0,5
574,0,5
575,1,5
576,2,4
577,2,5
578,6,2
579,2,4
580,4,1
581,0,5
582,0,4
583,0,2
584,2,5
585,2,4
586,4,5
587,4,5
588,1,5
589,0,5
590,1,5
591,0,5
592,2,2
593,1,5
594,1,2
595,1,5
596,2,5
597,0,5
598,1,5
599,2,2
600,3,0
601,2,2
602,5,2
603,0,5
604,2,4
605,1,5
606,1,5
607,1,5
608,1,4
609,0,5
610,2,5
611,0,5
612,1,2
613,1,4
614,2,2
615,1,5
616,2,4
617,1,5
618,2,2
619,0,2
620,0,5
621,4,1
622,1,5
623,0,5
624,1,5
625,2,5
626,1,5
627,1,5
628,0,5
629,3,0
630,2,2
631,4,1
632,0,5
633,0,5
634,0,5
635,2,4
636,0,5
637,1,5
638,1,5
639,0,5
640,2,2
641,1,5
642,4,1
643,2,2
644,2,2
645,4,1
646,0,5
647,0,4
648,0,5
649,3,0
650,0,5
651,0,5
652,1,2
653,0,5
654,4,1
655,6,6
656,0,5
657,1,5
658,1,5
659,2,4
660,0,5
661,3,0
662,4,1
663,1,2
664,1,5
665,5,3
666,0,5
667,0,5
668,6,6
669,0,5
670,0,5
671,2,4
672,1,5
673,3,0
674,4,1
675,1,5
676,0,5
677,2,5
678,1,5
679,1,5
680,2,4
681,4,1
682,2,4
683,1,2
684,2,4
685,2,4
686,2,4
687,0,5
688,0,5
689,1,5
690,0,5
691,1,5
692,4,5
693,0,5
694,0,5
695,2,4
696,6,6
697,2,2
698,0,5
699,1,5
700,0,5
701,4,1
702,0,5
703,0,5
704,0,4
705,1,5
706,4,5
707,1,5
708,1,2
709,1,5
710,2,2
711,0,5
712,1,5
713,2,2
714,1,5
715,1,5
716,0,5
717,1,5
718,0,5
719,2,2
720,3,0
721,2,5
722,1,5
723,3,5
724,1,5
725,3,5
726,2,4
727,3,0
728,2,2
729,0,5
730,0,5
731,0,5
732,2,2
733,2,2
734,0,5
735,0,5
736,1,5
737,1,5
738,1,5
739,0,5
740,1,5
741,0,5
742,0,5
743,3,0
744,2,4
745,0,5
746,0,5
747,4,1
748,0,5
749,4,5
750,4,1
751,0,5
752,0,5
753,0,5
754,0,5
755,0,5
756,1,5
757,3,5
758,2,4
759,0,5
760,1,5
761,1,5
762,0,5
763,5,3
764,5,2
765,0,5
766,0,5
767,2,4
768,1,5
769,0,5
770,2,4
771,2,4
772,6,6
773,0,5
774,1,5
775,1,5
776,3,0
777,0,5
778,3,5
779,1,2
780,1,5
781,1,5
782,1,5
783,3,0
784,3,0
785,0,4
786,2,2
787,2,4
788,0,5
789,0,5
790,0,4
791,1,5
792,1,5
793,0,5
794,0,5
795,0,5
796,0,5
797,3,0
798,2,2
799,0,5
800,0,5
801,1,5
802,0,5
803,2,4
804,1,5
805,2,4
806,1,5
807,1,5
808,0,2
809,2,4
810,0,5
811,1,5
812,0,5
813,0,5
814,4,5
815,4,1
816,2,4
817,2,5
818,4,1
819,0,5
820,0,5
821,1,5
822,0,5
823,1,5
824,2,2
825,2,5
826,4,1
827,2,4
828,0,5
829,2,4
830,2,4
831,1,5
832,0,5
833,0,5
834,0,2
835,2,4
836,4,5
837,1,2
838,0,5
839,0,5
840,1,2
841,1,5
842,6,6
843,4,5
844,6,6
845,6,6
846,1,5
847,0,5
848,2,4
849,2,4
850,0,5
851,2,5
852,2,4
853,0,4
854,0,5
855,1,5
856,4,1
857,0,5
858,3,5
859,0,5
860,0,5
861,1,5
862,6,2
863,1,5
864,0,5
865,3,0
866,1,2
867,2,2
868,1,5
869,4,5
870,4,5
871,2,4
872,2,2
873,1,5
874,0,5
875,0,5
876,2,5
877,1,5
878,2,2
879,6,6
880,0,5
881,0,5
882,3,0
883,1,5
884,1,5
885,1,5
886,1,5
887,0,5
888,2,4
889,2,5
890,1,5
891,1,5
892,0,5
893,0,4
894,0,5
895,0,5
896,5,2
897,0,5
898,0,5
899,4,1
900,2,4
901,2,2
902,0,5
903,1,5
904,5,5
905,1,5
906,2,4
907,6,6
908,1,5
909,0,5
910,1,5
911,0,5
912,4,1
913,1,4
914,2,2
915,1,5
916,4,1
917,1,5
918,6,6
919,0,5
920,6,6
921,2,4
922,3,0
923,0,5
924,0,5
925,2,4
926,1,5
927,0,5
928,0,5
929,2,2
930,1,5
931,6,5
932,3,0
933,2,4
934,5,3
935,2,4
936,2,4
937,1,5
938,0,5
939,2,2
940,0,5
941,1,5
942,1,5
943,0,5
944,0,5
945,6,6
946,0,5
947,1,5
948,0,5
949,4,1
950,2,5
951,2,4
952,1,2
953,1,5
954,1,5
955,0,5
956,6,4
957,2,2
958,0,5
959,1,5
960,0,5
961,3,5
962,0,5
963,0,5
964,4,1
965,0,5
966,2,2
967,2,4
968,2,2
969,2,2
970,1,4
971,0,5
972,1,5
973,0,5
974,4,5
975,0,5
976,0,5
977,0,5
978,0,5
979,1,5
980,0,5
981,1,2
982,0,5
983,1,5
984,0,5
985,1,5
986,0,5
987,1,5
988,2,4
989,0,5
990,1,5
991,0,5
992,0,5
993,0,5
994,5,3
995,1,5
996,2,2
997,1,4
998,1,2
999,0,5
1000,1,5
1001,0,5
1002,1,4
1003,2,5
1004,2,4
1005,2,4
1006,1,5
1007,0,5
1008,0,5
1009,0,5
1010,1,5
1011,1,5
1012,2,4
1013,3,0
1014,0,5
1015,0,5
1016,3,5
1017,0,5
1018,0,5
1019,2,2
1020,1,5
1021,2,4
1022,0,5
1023,1,5
1024,3,0
1025,2,4
1026,2,5
1027,0,5
1028,1,4
1029,1,5
1030,0,5
1031,2,2
1032,2,4
1033,1,5
1034,0,2
1035,1,5
1036,1,5
1037,1,2
1038,4,5
1039,2,4
1040,0,5
1041,1,5
1042,2,4
1043,2,2
1044,1,5
1045,1,2
1046,3,0
1047,1,2
1048,0,5
1049,4,1
1050,0,5
1051,2,4
1052,0,5
1053,1,2
1054,0,5
1055,2,4
1056,1,5
1057,2,4
1058,1,5
1059,0,5
1060,1,5
1061,0,5
1062,2,4
1063,0,5
1064,2,4
1065,0,5
1066,0,5
1067,1,5
1068,1,5
1069,4,1
1070,1,5
1071,4,5
1072,1,2
1073,1,4
1074,3,0
1075,1,5
1076,1,5
1077,2,4
1078,1,5
1079,1,5
1080,1,5
1081,0,5
1082,0,5
1083,0,4
1084,2,4
1085,1,5
1086,0,5
1087,3,0
1088,1,5
1089,3,5
1090,2,2
1091,5,3
1092,2,2
1093,3,5
1094,0,5
1095,3,5
1096,5,2
1097,2,4
1098,2,2
1099,1,5
1100,1,5
1101,1,2
1102,1,5
1103,1,5
1104,0,5
1105,6,6
1106,1,5
1107,0,5
1108,0,5
1109,1,5
1110,2,2
1111,1,5
1112,4,1
1113,2,2
1114,1,5
1115,0,5
1116,0,5
1117,2,4
1118,0,5
1119,0,5
1120,0,5
1121,2,2
1122,1,5
1123,0,5
1124,3,0
1125,1,5
1126,4,1
1127,2,4
1128,2,4
1129,2,2
1130,4,1
1131,0,5
1132,0,5
1133,2,2
1134,1,5
1135,0,5
1136,0,5
1137,0,5
1138,0,5
1139,1,2
1140,1,2
1141,1,5
1142,4,1
1143,1,5
1144,2,4
1145,4,1
1146,1,5
1147,0,5
1148,6,6
1149,2,4
1150,0,5
1151,4,1
1152,0,5
1153,1,5
1154,0,5
1155,0,5
1156,0,5
1157,0,5
1158,0,5
1159,4,1
1160,0,5
1161,4,5
1162,1,5
1163,0,5
1164,1,5
1165,4,1
1166,1,5
1167,2,4
1168,2,4
1169,0,5
1170,4,1
1171,1,5
1172,0,5
1173,1,5
1174,1,5
1175,0,5
1176,0,5
1177,1,2
1178,1,2
1179,0,5
1180,0,5
1181,0,5
1182,1,5
1183,1,5
1184,1,5
1185,0,5
1186,0,5
1187,1,5
1188,0,5
1189,4,5
1190,0,5
1191,1,5
1192,0,5
1193,2,2
1194,0,5
1195,0,5
1196,1,5
1197,1,5
1198,1,5
1199,0,2
1200,2,4
1201,1,4
1202,0,5
1203,2,2
1204,2,5
1205,0,5
1206,0,5
1207,0,5
1208,2,4
1209,4,1
1210,3,5
1211,0,5
1212,0,5
1213,0,5
1214,4,5
1215,1,5
1216,1,2
1217,1,5
1218,4,1
1219,0,2
1220,1,5
1221,1,5
1222,2,5
1223,0,5
1224,0,5
1225,5,3
1226,3,0
1227,1,2
1228,0,5
1229,0,5
1230,0,5
1231,0,5
1232,3,5
1233,0,5
1234,2,2
1235,0,5
1236,1,5
1237,3,0
1238,1,5
1239,1,5
1240,1,2
1241,0,5
1242,3,5
1243,1,5
1244,6,6
1245,1,5
1246,0,5
1247,1,5
1248,2,5
1249,3,5
1250,0,5
1251,0,5
1252,0,5
1253,6,6
1254,1,5
1255,1,4
1256,0,5
1257,0,5
1258,0,5
1259,0,5
1260,4,5
1261,0,5
1262,6,6
1263,4,1
1264,0,5
1265,1,5
1266,1,5
1267,4,1
1268,1,2
1269,6,6
1270,2,5
1271,1,5
1272,1,5
1273,2,5
1274,0,5
1275,1,2
1276,0,5
1277,5,3
1278,1,5
1279,2,4
1280,0,5
1281,3,0
1282,1,5
1283,1,5
1284,1,5
1285,0,5
1286,1,5
1287,0,5
1288,2,5
1289,4,1
1290,2,2
1291,1,5
1292,1,5
1293,1,5
1294,2,5
1295,1,5
1296,2,5
1297,2,4
1298,2,2
1299,1,5
1300,0,5
1301,0,5
1302,0,5
1303,4,5
1304,1,2
1305,0,5
1306,2,2
1307,1,2
1308,5,3
1309,2,2
1310,0,5
1311,6,5
1312,4,1
1313,5,3
1314,0,5
1315,5,3
1316,1,5
1317,3,0
1318,1,5
1319,0,5
1320,2,4
1321,4,1
1322,2,4
1323,0,5
1324,0,5
1325,4,1
1326,1,2
1327,1,5
1328,1,5
1329,0,5
1330,5,3
1331,3,0
1332,0,5
1333,1,5
1334,0,5
1335,0,5
1336,1,5
1337,0,5
1338,0,5
1339,1,5
1340,0,5
1341,1,2
1342,0,5
1343,0,5
1344,1,2
1345,0,4
1346,4,5
1347,1,5
1348,1,5
1349,2,4
1350,0,5
1351,0,5
1352,0,5
1353,6,5
1354,1,5
1355,0,5
1356,5,3
1357,1,5
1358,1,2
1359,0,5
1360,0,5
1361,3,0
1362,0,5
1363,1,5
1364,1,5
1365,1,2
1366,2,2
1367,1,5
1368,4,1
1369,0,5
1370,0,5
1371,1,4
1372,1,2
1373,0,5
1374,2,4
1375,1,5
1376,1,5
1377,2,5
1378,2,4
1379,1,5
1380,0,5
1381,0,5
1382,4,5
1383,0,5
1384,2,2
1385,4,1
1386,4,1
1387,0,5
1388,0,5
1389,0,5
1390,2,4
1391,1,5
1392,0,5
1393,1,2
1394,0,5
1395,0,5
1396,0,5
1397,0,5
1398,0,5
1399,6,5
1400,0,5
1401,2,2
1402,1,5
1403,5,5
1404,2,4
1405,1,5
1406,5,5
1407,1,5
1408,0,5
1409,0,5
1410,1,2
1411,1,5
1412,1,5
1413,0,5
1414,1,5
1415,5,2
1416,0,5
1417,1,5
1418,0,5
1419,0,5
1420,0,5
1421,6,6
1422,3,0
1423,2,4
1424,0,5
1425,0,5
1426,0,5
1427,0,5
1428,0,5
1429,1,5
1430,0,5
1431,1,5
1432,5,3
1433,2,2
1434,2,4
1435,0,5
1436,3,5
1437,1,5
1438,0,5
1439,0,5
1440,0,5
1441,4,1
1442,0,5
1443,2,5
1444,1,5
1445,4,5
1446,3,0
1447,0,5
1448,2,5
1449,2,5
1450,0,5
1451,2,5
1452,0,5
1453,0,5
1454,0,5
1455,6,5
1456,2,4
1457,0,5
1458,0,5
1459,4,1
1460,0,5
1461,1,5
1462,1,2
1463,2,4
1464,2,2
1465,1,5
1466,0,5
1467,0,5
1468,2,5
1469,1,5
1470,0,5
1471,2,5
1472,0,5
1473,0,5
1474,2,4
1475,0,5
1476,2,4
1477,2,4
1478,3,0
1479,0,5
1480,0,5
1481,0,5
1482,0,5
1483,2,4
1484,3,0
1485,2,5
1486,1,5
1487,2,4
1488,2,4
1489,2,5
1490,0,5
1491,1,5
1492,3,5
1493,2,5
1494,0,5
1495,0,5
1496,1,5
1497,3,0
1498,0,5
1499,0,5
1500,1,5
1501,1,2
1502,4,5
1503,1,4
1504,0,5
1505,4,5
1506,4,1
1507,0,5
1508,0,5
1509,1,5
1510,1,5
1511,1,5
1512,1,5
1513,1,5
1514,1,4
1515,1,4
1516,0,4
1517,0,5
1518,2,2
1519,0,5
1520,4,1
1521,6,2
1522,4,1
1523,3,5
1524,0,5
1525,1,2
1526,4,1
1527,0,5
1528,0,5
1529,2,2
1530,1,5
1531,0,5
1532,3,5
1533,1,5
1534,0,5
1535,0,5
1536,2,4
1537,3,0
1538,0,5
1539,1,5
1540,0,2
1541,3,0
1542,2,2
1543,0,5
1544,0,5
1545,1,4
1546,4,1
1547,3,0
1548,1,5
1549,0,5
1550,2,4
1551,1,5
1552,2,5
1553,1,5
1554,0,5
1555,0,5
1556,2,2
1557,1,5
1558,0,5
1559,1,5
1560,6,6
1561,0,5
1562,1,5
1563,4,1
1564,0,5
1565,1,5
1566,0,5
1567,1,5
1568,1,5
1569,1,2
1570,1,5
1571,6,5
1572,2,2
1573,1,2
1574,1,5
1575,0,5
1576,4,1
1577,0,5
1578,0,5
1579,1,5
1580,1,5
1581,0,5
1582,1,5
1583,2,4
1584,0,5
1585,0,5
1586,5,5
1587,1,5
1588,2,5
1589,1,5
1590,0,2
1591,1,5
1592,4,1
1593,1,5
1594,0,5
1595,3,0
1596,5,3
1597,0,5
1598,2,2
1599,0,5
1600,0,5
1601,1,5
1602,0,5
1603,6,2
1604,1,5
1605,1,5
1606,1,5
1607,0,5
1608,2,5
1609,2,5
1610,2,5
1611,4,1
1612,1,5
1613,1,5
1614,0,5
1615,0,5
1616,0,5
1617,0,2
1618,4,1
1619,2,5
1620,1,5
1621,0,5
1622,1,5
1623,0,5
1624,2,5
1625,1,5
1626,2,4
1627,4,1
1628,4,1
1629,0,5
1630,0,5
1631,1,5
1632,1,5
1633,2,5
1634,0,5
1635,1,5
1636,2,4
1637,2,4
1638,3,0
1639,2,5
1640,0,4
1641,0,5
1642,0,4
1643,4,5
1644,0,5
1645,4,1
1646,0,5
1647,1,2
1648,1,5
1649,1,5
1650,1,5
1651,4,5
1652,0,5
1653,1,5
1654,1,2
1655,1,4
1656,0,5
1657,3,0
1658,2,4
1659,2,5
1660,0,5
1661,4,1
1662,0,5
1663,0,5
1664,0,5
1665,0,5
1666,0,5
1667,1,2
1668,4,1
1669,0,5
1670,2,4
1671,0,5
1672,4,1
1673,0,5
1674,1,5
1675,0,4
1676,1,5
1677,1,2
1678,6,2
1679,2,2
1680,2,4
1681,0,5
1682,2,2
1683,0,5
1684,1,2
1685,2,4
1686,0,5
1687,1,2
1688,1,5
1689,1,5
1690,6,6
1691,1,5
1692,2,5
1693,1,2
1694,0,5
1695,1,5
1696,0,5
1697,0,5
1698,1,5
1699,1,5
1700,0,5
1701,0,5
1702,5,2
1703,1,5
1704,4,1
1705,1,5
1706,0,5
1707,0,5
1708,1,5
1709,0,5
1710,2,4
1711,1,5
1712,2,4
1713,1,5
1714,1,5
1715,0,5
1716,0,5
1717,2,5
1718,2,2
1719,0,2
1720,0,5
1721,1,5
1722,0,5
1723,0,5
1724,3,0
1725,1,5
1726,0,5
1727,0,5
1728,0,5
1729,2,5
1730,6,4
1731,0,5
1732,0,5
1733,4,1
1734,5,5
1735,0,5
1736,2,4
1737,5,3
1738,0,5
1739,4,1
1740,1,5
1741,0,5
1742,0,5
1743,0,5
1744,1,5
1745,1,5
1746,0,5
1747,4,5
1748,5,3
1749,1,5
1750,1,5
1751,0,5
1752,3,5
1753,0,5
1754,1,5
1755,0,5
1756,1,2
1757,0,5
1758,2,2
1759,6,6
1760,2,4
1761,0,4
1762,1,2
1763,0,5
1764,0,5
1765,2,5
1766,1,5
1767,0,5
1768,0,5
1769,1,5
1770,0,5
1771,2,5
1772,6,2
1773,0,5
1774,5,3
1775,1,5
1776,0,5
1777,1,2
1778,0,5
1779,5,5
1780,0,5
1781,2,4
1782,0,5
1783,0,5
1784,1,5
1785,0,5
1786,0,2
1787,1,5
1788,0,4
1789,2,2
1790,4,1
1791,0,5
1792,0,5
1793,0,5
1794,0,5
1795,0,5
1796,1,5
1797,0,5
1798,0,5
1799,3,5
1800,0,5
1801,1,5
1802,1,5
1803,0,5
1804,0,5
1805,4,1
1806,0,5
1807,3,5
1808,3,0
1809,2,2
1810,6,5
1811,1,5
1812,1,5
1813,1,5
1814,0,5
1815,0,5
1816,6,6
1817,1,5
1818,2,2
1819,0,5
1820,2,2
1821,0,5
1822,2,4
1823,0,5
1824,1,5
1825,0,5
1826,2,2
1827,0,4
1828,2,2
1829,2,2
1830,1,5
1831,2,4
1832,2,2
1833,0,5
1834,0,5
1835,2,2
1836,5,3
1837,2,4
1838,3,0
1839,2,5
1840,5,3
1841,1,5
1842,1,5
1843,4,1
1844,0,5
1845,1,5
1846,1,5
1847,1,5
1848,0,5
1849,0,5
1850,0,4
1851,1,5
1852,0,5
1853,1,5
1854,1,5
1855,0,5
1856,1,5
1857,0,5
1858,1,5
1859,1,2
1860,0,5
1861,0,5
1862,0,5
1863,0,5
1864,1,5
1865,1,5
1866,4,1
1867,0,5
1868,1,5
1869,0,5
1870,1,5
1871,0,4
1872,1,5
1873,0,5
1874,2,5
1875,0,5
1876,1,5
1877,0,5
1878,3,0
1879,0,5
1880,0,5
1881,0,5
1882,5,5
1883,1,5
1884,1,5
1885,2,2
1886,2,5
1887,2,4
1888,1,5
1889,2,5
1890,2,4
1891,0,5
1892,2,5
1893,1,5
1894,1,5
1895,1,5
1896,0,5
1897,0,5
1898,1,5
1899,1,5
1900,1,5
1901,0,5
1902,1,5
1903,1,5
1904,3,0
1905,1,5
1906,4,1
1907,0,5
1908,6,6
1909,6,6
1910,0,5
1911,0,5
1912,2,2
1913,0,5
1914,4,1
1915,0,5
1916,0,5
1917,4,1
1918,2,5
1919,0,5
1920,3,0
1921,2,5
1922,0,5
1923,2,4
1924,0,5
1925,0,5
1926,3,0
1927,2,5
1928,2,5
1929,0,5
1930,1,5
1931,0,5
1932,2,5
1933,0,5
1934,0,5
1935,1,5
1936,0,5
1937,3,5
1938,0,5
1939,2,5
1940,2,2
1941,6,2
1942,0,5
1943,0,5
1944,0,5
1945,1,4
1946,1,5
1947,3,0
1948,0,5
1949,1,5
1950,1,5
1951,4,5
1952,2,4
1953,0,5
1954,0,5
1955,6,5
1956,1,5
1957,4,1
1958,0,4
1959,2,2
1960,2,2
1961,3,0
1962,4,5
1963,3,0
1964,1,5
1965,0,5
1966,0,5
1967,4,1
1968,1,5
1969,0,5
1970,0,5
1971,0,5
1972,1,5
1973,0,5
1974,4,1
1975,6,5
1976,2,5
1977,2,4
1978,1,5
1979,1,5
1980,2,2
1981,1,5
1982,0,5
1983,0,5
1984,1,5
1985,5,5
1986,1,5
1987,1,5
1988,0,5
1989,0,5
1990,1,5
1991,2,2
1992,1,5
1993,1,5
1994,0,5
1995,1,2
1996,0,5
1997,3,5
1998,3,0
1999,0,5
2000,0,5
2001,0,5
2002,1,5
2003,0,5
2004,4,5
2005,1,5
2006,3,5
2007,1,5
2008,1,5
2009,1,5
2010,1,5
2011,0,5
2012,4,1
2013,0,5
2014,4,1
2015,1,5
2016,1,5
2017,4,1
2018,2,5
2019,2,4
2020,2,5
2021,2,5
2022,0,5
2023,0,5
2024,4,1
2025,1,5
2026,0,5
2027,4,1
2028,2,4
2029,1,4
2030,1,5
2031,0,5
2032,1,5
2033,2,2
2034,2,2
2035,0,5
2036,0,5
2037,2,4
2038,3,0
2039,4,1
2040,1,5
2041,1,5
2042,2,4
2043,1,5
2044,4,1
2045,0,2
2046,6,6
2047,1,5
2048,1,5
2049,6,6
2050,2,4
2051,0,5
2052,1,5
2053,4,1
2054,0,5
2055,5,3
2056,1,5
2057,2,4
2058,1,5
2059,2,5
2060,1,2
2061,2,2
2062,2,4
2063,1,5
2064,1,5
2065,1,5
2066,1,2
2067,1,2
2068,1,5
2069,0,5
2070,1,5
2071,2,4
2072,3,5
2073,2,2
2074,4,1
2075,0,5
2076,1,5
2077,2,2
2078,1,5
2079,0,5
2080,0,5
2081,0,5
2082,0,5
2083,2,5
2084,0,5
2085,0,5
2086,6,6
2087,0,5
2088,2,2
2089,2,4
2090,0,5
2091,1,5
2092,1,2
2093,0,5
2094,5,3
2095,1,5
2096,1,4
2097,0,5
2098,5,3
2099,0,5
2100,4,5
2101,3,0
2102,5,3
2103,3,0
2104,4,5
2105,0,5
2106,0,5
2107,1,5
2108,0,5
2109,2,2
2110,0,5
2111,1,5
2112,0,5
2113,1,5
2114,1,5
2115,1,2
2116,1,5
2117,0,5
2118,1,2
2119,0,5
2120,0,5
2121,2,4
2122,2,2
2123,1,5
2124,1,5
2125,1,5
2126,0,5
2127,0,5
2128,1,5
2129,3,0
2130,0,5
2131,0,5
2132,5,2
2133,0,5
2134,1,5
2135,2,5
2136,2,5
2137,3,0
2138,2,4
2139,0,5
2140,0,5
2141,1,5
2142,0,5
2143,4,5
2144,0,5
2145,1,5
2146,0,5
2147,2,4
2148,0,5
2149,1,5
2150,6,6
2151,2,4
2152,0,5
2153,0,5
2154,4,5
2155,0,5
2156,0,5
2157,0,4
2158,3,0
2159,1,5
2160,0,5
2161,0,5
2162,2,5
2163,0,5
2164,3,0
2165,2,4
2166,3,5
2167,0,4
2168,1,5
2169,1,5
2170,1,5
2171,0,5
2172,0,4
2173,2,2
2174,2,4
2175,2,5
2176,6,6
2177,2,2
2178,0,5
2179,1,5
2180,0,5
2181,0,5
2182,3,0
2183,0,5
2184,0,5
2185,4,1
2186,0,5
2187,2,2
2188,6,6
2189,1,5
2190,0,5
2191,2,4
2192,0,5
2193,2,4
2194,0,5
2195,2,2
2196,0,5
2197,2,4
2198,1,5
2199,1,5
2200,0,5
2201,3,0
2202,0,5
2203,4,1
2204,0,5
2205,0,5
2206,2,4
2207,0,5
2208,1,5
2209,5,5
2210,0,4
2211,3,0
2212,1,5
2213,2,4
2214,1,5
2215,4,1
2216,1,5
2217,1,5
2218,0,5
2219,1,2
2220,1,5
2221,2,4
2222,1,5
2223,2,5
2224,1,5
2225,2,4
2226,0,5
2227,0,5
2228,0,5
2229,0,5
2230,0,5
2231,0,4
2232,0,5
2233,1,2
2234,0,5
2235,1,5
2236,1,2
2237,1,5
2238,2,5
2239,0,5
2240,1,5
2241,2,4
2242,0,5
2243,0,5
2244,0,5
2245,0,5
2246,0,5
2247,0,5
2248,2,4
2249,0,5
2250,5,3
2251,0,5
2252,0,5
2253,1,5
2254,2,5
2255,2,4
2256,1,5
2257,1,5
2258,1,5
2259,3,5
2260,1,5
2261,0,2
2262,5,5
2263,1,5
2264,0,5
2265,4,1
2266,0,5
2267,4,5
2268,2,5
2269,4,1
2270,2,4
2271,0,5
2272,1,5
2273,1,5
2274,1,5
2275,2,2
2276,1,2
2277,2,4
2278,0,5
2279,4,1
2280,4,5
2281,1,5
2282,1,5
2283,1,5
2284,0,5
2285,1,5
2286,2,2
2287,1,4
2288,4,1
2289,1,2
2290,0,5
2291,4,1
2292,0,4
2293,1,2
2294,1,5
2295,2,2
2296,1,5
2297,0,5
2298,3,0
2299,2,2
2300,0,5
2301,0,5
2302,2,5
2303,1,5
2304,0,5
2305,0,5
2306,4,1
2307,1,5
2308,0,5
2309,0,2
2310,0,5
2311,1,2
2312,2,2
2313,1,4
2314,0,5
2315,0,5
2316,2,4
2317,0,5
2318,0,5
2319,2,5
2320,2,2
2321,0,5
2322,2,5
2323,0,5
2324,0,5
2325,2,2
2326,1,2
2327,4,1
2328,1,5
2329,1,5
2330,1,2
2331,1,5
2332,2,5
2333,0,5
2334,0,5
2335,1,5
2336,0,5
2337,2,4
2338,1,2
2339,6,6
2340,1,5
2341,0,5
2342,1,5
2343,1,5
2344,1,5
2345,1,2
2346,0,5
2347,3,0
2348,1,5
2349,1,5
2350,0,5
2351,3,0
2352,0,5
2353,0,5
2354,2,2
2355,2,4
2356,3,5
2357,1,4
2358,1,5
2359,2,4
2360,2,5
2361,0,5
2362,0,5
2363,1,5
2364,0,5
2365,1,5
2366,1,5
2367,0,5
2368,3,0
2369,0,5
2370,0,5
2371,1,5
2372,3,0
2373,1,5
2374,0,4
2375,0,5
2376,1,4
2377,0,5
2378,3,0
2379,0,5
2380,0,5
2381,0,5
2382,1,5
2383,0,5
2384,0,5
2385,2,2
2386,1,5
2387,0,5
2388,1,5
2389,2,2
2390,1,5
2391,0,5
2392,0,5
2393,2,2
2394,0,5
2395,1,5
2396,4,1
2397,1,5
2398,4,1
2399,4,1
2400,6,6
2401,2,4
2402,0,5
2403,2,5
2404,0,5
2405,2,5
2406,0,5
2407,2,4
2408,3,5
2409,0,5
2410,2,2
2411,1,5
2412,1,5
2413,1,5
2414,1,5
2415,0,5
2416,0,5
2417,0,5
2418,1,5
2419,5,3
2420,4,5
2421,3,5
2422,6,6
2423,2,2
2424,6,4
2425,6,4
2426,0,5
2427,2,5
2428,1,5
2429,0,5
2430,0,5
2431,1,5
2432,1,5
2433,1,5
2434,0,5
2435,2,4
2436,1,5
2437,2,2
2438,6,2
2439,1,2
2440,0,5
2441,4,1
2442,1,5
2443,0,5
2444,1,5
2445,0,5
2446,0,5
2447,3,5
2448,0,5
2449,0,5
2450,0,5
2451,4,1
2452,3,5
2453,6,6
2454,0,5
2455,0,5
2456,1,4
2457,1,5
2458,0,5
2459,3,0
2460,1,5
2461,1,5
2462,0,5
2463,0,5
2464,0,5
2465,0,5
2466,1,5
2467,0,5
2468,6,6
2469,0,5
2470,1,4
2471,2,4
2472,2,5
2473,4,1
2474,1,5
2475,2,4
2476,0,5
2477,0,5
2478,0,5
2479,2,4
2480,4,1
2481,1,5
2482,2,2
2483,4,1
2484,0,5
2485,3,0
2486,2,4
2487,2,4
2488,0,5
2489,0,5
2490,2,4
2491,1,5
2492,1,5
2493,2,4
2494,1,5
2495,2,4
2496,1,5
2497,1,5
2498,2,4
2499,2,2
2500,2,4
2501,0,5
2502,4,1
2503,2,4
2504,0,5
2505,1,5
2506,1,5
2507,1,2
2508,1,5
2509,6,6
2510,1,4
2511,4,5
2512,1,5
2513,4,5
2514,4,1
2515,2,4
2516,2,2
2517,2,2
2518,1,5
2519,1,4
2520,1,5
2521,0,5
2522,4,1
2523,2,2
2524,2,4
2525,1,5
2526,2,2
2527,0,5
2528,2,2
2529,2,5
2530,0,5
2531,1,5
2532,1,5
2533,3,0
2534,0,5
2535,6,5
2536,1,5
2537,0,5
2538,0,5
2539,0,5
2540,1,5
2541,0,5
2542,3,0
2543,1,5
2544,1,5
2545,2,2
2546,2,2
2547,0,5
2548,2,2
2549,2,4
2550,1,5
2551,4,1
2552,0,4
2553,4,1
2554,2,5
2555,0,5
2556,1,5
2557,0,5
2558,2,2
2559,0,5
2560,3,0
2561,1,4
2562,2,2
2563,1,5
2564,0,5
2565,3,5
2566,2,5
2567,2,5
2568,0,5
2569,0,5
2570,1,5
2571,1,5
2572,6,6
2573,1,5
2574,1,5
2575,0,5
2576,2,5
2577,0,5
2578,2,5
2579,2,5
2580,6,4
2581,6,5
2582,1,5
2583,1,5
2584,3,0
2585,0,5
2586,1,5
2587,0,5
2588,0,5
2589,2,2
2590,5,3
2591,0,5
2592,2,2
2593,0,5
2594,0,5
2595,2,4
2596,1,5
2597,0,5
2598,1,4
2599,5,3
2600,3,5
2601,2,2
2602,3,5
2603,2,4
2604,1,5
2605,1,5
2606,1,5
2607,0,5
2608,0,5
2609,2,4
2610,2,4
2611,1,5
2612,0,5
2613,6,2
2614,4,5
2615,1,5
2616,1,5
2617,0,5
2618,1,5
2619,0,5
2620,0,5
2621,1,5
2622,1,5
2623,0,5
2624,0,5
2625,1,5
2626,1,5
2627,0,5
2628,0,5
2629,1,5
2630,0,5
2631,2,2
2632,0,5
2633,1,5
2634,1,5
2635,2,2
2636,1,2
2637,0,5
2638,2,2
2639,1,5
2640,0,5
2641,0,5
2642,1,5
2643,2,4
2644,0,5
2645,1,5
2646,1,5
2647,1,2
2648,0,5
2649,2,2
2650,3,0
2651,2,4
2652,0,5
2653,2,5
2654,1,5
2655,2,5
2656,3,0
2657,2,5
2658,1,5
2659,0,5
2660,1,2
2661,4,1
2662,1,5
2663,0,5
2664,1,2
2665,1,5
2666,0,5
2667,1,5
2668,3,0
2669,1,4
2670,2,2
2671,1,5
2672,2,5
2673,1,4
2674,0,5
2675,0,5
2676,2,5
2677,1,5
2678,1,5
2679,2,4
2680,0,5
2681,0,5
2682,0,5
2683,2,4
2684,2,4
2685,0,5
2686,0,5
2687,4,1
2688,1,5
2689,1,5
2690,6,6
2691,1,5
2692,1,5
2693,1,5
2694,2,2
2695,0,5
2696,1,5
2697,0,5
2698,0,5
2699,0,5
2700,4,5
2701,1,5
2702,1,5
2703,2,2
2704,2,5
2705,2,2
2706,1,5
2707,1,5
2708,4,5
2709,0,5
2710,4,1
2711,5,2
2712,1,5
2713,3,0
2714,0,5
2715,1,2
2716,2,2
2717,4,1
2718,2,2
2719,0,5
2720,2,4
2721,2,4
2722,2,4
2723,1,5
2724,0,5
2725,0,5
2726,1,5
2727,2,4
2728,0,5
2729,0,5
2730,1,5
2731,0,5
2732,0,5
2733,1,5
2734,2,4
2735,1,5
2736,1,2
2737,0,5
2738,0,5
2739,0,5
2740,0,5
2741,5,3
2742,0,5
2743,0,5
2744,6,6
2745,1,5
2746,4,5
2747,4,5
2748,1,2
2749,1,5
2750,0,5
2751,1,5
2752,2,5
2753,2,4
2754,2,4
2755,0,2
2756,1,5
2757,2,4
2758,1,4
2759,4,1
2760,0,5
2761,1,5
2762,1,5
2763,0,4
2764,3,5
2765,0,5
2766,0,5
2767,4,1
2768,1,5
2769,4,1
2770,2,4
2771,0,5
2772,0,5
2773,4,1
2774,4,1
2775,1,5
2776,0,5
2777,3,0
2778,0,5
2779,2,4
2780,2,2
2781,5,3
2782,1,5
2783,2,4
2784,0,5
2785,0,5
2786,2,2
2787,0,5
2788,2,5
2789,1,5
2790,1,5
2791,1,5
2792,0,5
2793,1,5
2794,4,1
2795,1,5
2796,2,2
2797,1,5
2798,0,5
2799,6,2
2800,2,4
2801,3,0
2802,2,2
2803,1,5
2804,1,5
2805,0,5
2806,2,5
2807,0,5
2808,1,5
2809,0,5
2810,3,0
2811,1,5
2812,3,0
2813,1,5
2814,1,5
2815,0,5
2816,1,5
2817,6,6
2818,0,5
2819,1,5
2820,2,5
2821,2,5
2822,0,5
2823,1,5
2824,2,5
2825,2,2
2826,2,5
2827,0,5
2828,1,5
2829,2,4
2830,1,5
2831,1,2
2832,0,5
2833,4,1
2834,0,5
2835,1,5
2836,1,5
2837,0,5
2838,2,2
2839,0,5
2840,0,5
2841,4,5
2842,0,5
2843,1,5
2844,1,5
2845,0,4
2846,0,5
2847,2,4
2848,5,3
2849,0,5
2850,4,1
2851,2,2
2852,0,5
2853,0,5
2854,1,2
2855,0,5
2856,0,5
2857,1,5
2858,0,5
2859,1,5
2860,2,5
2861,2,4
2862,2,2
2863,4,1
2864,0,5
2865,1,5
2866,0,5
2867,4,1
2868,0,5
2869,2,2
2870,1,5
2871,2,5
2872,1,5
2873,2,2
2874,1,5
2875,2,4
2876,1,5
2877,6,6
2878,2,4
2879,1,5
2880,1,5
2881,1,5
2882,0,5
2883,2,4
2884,4,1
2885,0,5
2886,2,4
2887,2,5
2888,0,5
2889,1,5
2890,0,5
2891,1,5
2892,0,5
2893,0,5
2894,6,6
2895,2,2
2896,0,5
2897,2,4
2898,0,5
2899,2,5
2900,0,5
2901,1,5
2902,4,5
2903,0,5
2904,2,4
2905,0,5
2906,1,2
2907,1,5
2908,2,4
2909,4,1
2910,1,5
2911,0,5
2912,4,1
2913,1,5
2914,0,5
2915,2,4
2916,6,5
2917,0,5
2918,2,4
2919,1,5
2920,3,5
2921,1,5
2922,2,4
2923,0,5
2924,0,5
2925,2,2
2926,2,5
2927,0,5
2928,1,5
2929,0,4
2930,3,0
2931,0,5
2932,0,5
2933,1,5
2934,0,5
2935,1,5
2936,0,5
2937,1,5
2938,2,4
2939,1,5
2940,0,5
2941,0,5
2942,0,5
2943,4,1
2944,0,5
2945,3,0
2946,1,4
2947,0,5
2948,2,5
2949,3,0
2950,1,5
2951,0,5
2952,1,5
2953,0,5
2954,0,5
2955,6,4
2956,0,5
2957,2,2
2958,4,1
2959,0,5
2960,2,5
2961,1,5
2962,1,5
2963,1,5
2964,4,1
2965,3,5
2966,2,2
2967,4,1
2968,1,2
2969,1,5
2970,1,5
2971,0,5
2972,1,5
2973,1,2
2974,0,4
2975,0,5
2976,0,5
2977,0,5
2978,1,2
2979,2,4
2980,2,4
2981,0,5
2982,3,0
2983,2,4
2984,0,5
2985,1,5
2986,0,5
2987,2,4
2988,4,5
2989,1,5
2990,0,5
2991,4,1
2992,0,5
2993,1,4
2994,0,5
2995,1,5
2996,1,5
2997,1,5
2998,0,5
2999,0,5
3000,4,5
3001,0,5
3002,4,1
3003,1,5
3004,3,0
3005,1,5
3006,2,5
3007,1,5
3008,2,2
3009,1,5
3010,0,5
3011,2,2
3012,2,5
3013,2,2
3014,4,1
3015,0,5
3016,0,5
3017,0,5
3018,0,5
3019,1,4
3020,2,4
3021,6,6
3022,2,2
3023,5,3
3024,2,4
3025,1,5
3026,0,5
3027,1,5
3028,0,5
3029,1,5
3030,0,2
3031,0,5
3032,6,5
3033,2,4
3034,1,4
3035,4,5
3036,0,5
3037,0,5
3038,0,5
3039,4,1
3040,2,4
3041,1,5
3042,2,4
3043,0,5
3044,2,4
3045,2,2
3046,1,5
3047,0,5
3048,4,1
3049,0,5
3050,1,4
3051,0,5
3052,1,5
3053,1,2
3054,5,3
3055,3,0
3056,0,5
3057,4,1
3058,0,5
3059,1,5
3060,5,5
3061,0,5
3062,0,5
3063,0,5
3064,1,5
3065,1,5
3066,5,2
3067,2,5
3068,1,5
3069,2,4
3070,0,5
3071,2,5
3072,0,5
3073,0,5
3074,0,5
3075,0,5
3076,4,5
3077,2,4
3078,1,2
3079,0,2
3080,1,5
3081,0,5
3082,2,4
3083,0,5
3084,3,0
3085,1,5
3086,1,5
3087,0,5
3088,2,4
3089,1,4
3090,4,5
3091,4,1
3092,1,5
3093,2,2
3094,2,2
3095,0,5
3096,0,5
3097,6,6
3098,0,5
3099,0,5
3100,1,5
3101,1,5
3102,1,4
3103,2,4
3104,0,5
3105,2,2
3106,3,5
3107,1,5
3108,5,3
3109,0,5
3110,4,1
3111,2,2
3112,2,5
3113,1,5
3114,0,5
3115,6,5
3116,1,5
3117,0,5
3118,2,2
3119,1,5
3120,0,5
3121,0,5
3122,0,5
3123,1,5
3124,0,5
3125,2,2
3126,4,1
3127,0,5
3128,0,5
3129,5,3
3130,2,4
3131,2,2
3132,0,5
3133,2,5
3134,2,5
3135,4,1
3136,1,4
3137,1,5
3138,2,4
3139,1,2
3140,2,2
3141,1,5
3142,0,5
3143,1,5
3144,4,1
3145,4,1
3146,1,5
3147,0,5
3148,2,5
3149,5,5
3150,1,5
3151,0,5
3152,1,2
3153,1,5
3154,0,5
3155,1,5
3156,5,5
3157,3,0
3158,3,0
3159,2,2
3160,2,4
3161,3,0
3162,2,4
3163,1,5
3164,1,5
3165,1,5
3166,0,5
3167,0,5
3168,1,2
3169,2,2
3170,1,5
3171,0,5
3172,1,2
3173,0,5
3174,1,5
3175,0,5
3176,0,5
3177,1,5
3178,1,5
3179,0,5
3180,2,2
3181,0,5
3182,2,2
3183,2,2
3184,1,5
3185,4,1
3186,0,5
3187,2,4
3188,2,4
3189,4,1
3190,2,4
3191,0,5
3192,0,5
3193,1,5
3194,0,5
3195,0,5
3196,0,5
3197,3,5
3198,0,5
3199,1,2
3200,1,5
3201,1,5
3202,0,5
3203,2,2
3204,1,5
3205,1,2
3206,1,4
3207,3,0
3208,2,5
3209,1,5
3210,4,1
3211,6,5
3212,4,1
3213,2,2
3214,1,5
3215,1,5
3216,0,5
3217,0,5
3218,2,2
3219,0,5
3220,2,4
3221,0,5
3222,0,5
3223,4,1
3224,4,5
3225,0,5
3226,4,1
3227,0,5
3228,2,2
3229,0,5
3230,2,5
3231,2,2
3232,1,5
3233,0,5
3234,0,5
3235,2,5
3236,0,5
3237,0,5
3238,2,5
3239,1,5
3240,2,4
3241,3,0
3242,0,5
3243,2,5
3244,5,5
3245,6,4
3246,3,0
3247,1,2
3248,0,5
3249,0,5
3250,1,5
3251,0,5
3252,0,5
3253,2,4
3254,0,5
3255,3,0
3256,2,4
3257,2,2
3258,0,4
3259,0,5
3260,5,3
3261,0,5
3262,4,1
3263,1,5
3264,0,5
3265,0,5
3266,2,5
3267,2,4
3268,0,5
3269,0,5
3270,0,5
3271,1,5
3272,0,5
3273,0,5
3274,1,2
3275,3,0
3276,0,5
3277,0,5
3278,2,2
3279,1,5
3280,1,5
3281,2,4
3282,3,0
3283,0,5
3284,5,3
3285,0,5
3286,1,5
3287,1,5
3288,1,5
3289,0,5
3290,1,5
3291,1,2
3292,2,5
3293,1,5
3294,0,5
3295,0,5
3296,0,5
3297,0,5
3298,2,4
3299,0,5
3300,2,4
3301,0,5
3302,0,5
3303,6,2
3304,2,4
3305,2,2
3306,1,5
3307,4,5
3308,1,5
3309,1,2
3310,0,5
3311,5,3
3312,1,5
3313,2,4
3314,2,5
3315,1,5
3316,4,5
3317,1,5
3318,1,5
3319,0,5
3320,0,5
3321,1,5
3322,3,5
3323,4,1
3324,0,5
3325,1,4
3326,6,2
3327,2,2
3328,0,4
3329,0,5
3330,1,4
3331,1,5
3332,0,5
3333,1,5
3334,2,2
3335,0,5
3336,4,5
3337,0,5
3338,0,5
3339,0,5
3340,4,1
3341,3,5
3342,0,5
3343,4,1
3344,5,3
3345,0,5
3346,0,5
3347,2,4
3348,2,4
3349,4,1
3350,0,5
3351,0,5
3352,0,5
3353,0,5
3354,0,5
3355,2,5
3356,1,2
3357,1,5
3358,2,4
3359,2,4
3360,3,5
3361,3,5
3362,0,5
3363,2,4
3364,2,5
3365,1,5
3366,0,5
3367,0,5
3368,0,5
3369,0,5
3370,1,5
3371,1,5
3372,1,5
3373,0,5
3374,2,2
3375,2,4
3376,0,5
3377,5,5
3378,2,5
3379,4,1
3380,6,6
3381,2,5
3382,1,5
3383,3,0
3384,1,5
3385,1,5
3386,4,1
3387,1,5
3388,0,5
3389,3,0
3390,1,2
3391,1,5
3392,0,5
3393,3,0
3394,2,2
3395,0,5
3396,2,4
3397,1,5
3398,1,5
3399,4,5
3400,2,4
3401,1,5
3402,0,5
3403,0,5
3404,0,5
3405,0,5
3406,2,4
3407,1,2
3408,0,5
3409,1,5
3410,5,3
3411,1,5
3412,3,0
3413,1,5
3414,2,4
3415,0,5
3416,0,5
3417,5,3
3418,4,1
3419,1,5
3420,2,5
3421,0,5
3422,2,2
3423,4,5
3424,0,5
3425,0,5
3426,1,5
3427,1,5
3428,0,5
3429,1,5
3430,0,5
3431,0,5
3432,1,5
3433,0,5
3434,2,5
3435,0,5
3436,0,5
3437,2,5
3438,0,5
3439,0,5
3440,1,5
3441,4,1
3442,1,5
3443,0,5
3444,0,4
3445,1,5
3446,0,5
3447,2,4
3448,2,5
3449,0,5
3450,0,4
3451,0,5
3452,0,5
3453,1,2
3454,1,5
3455,3,5
3456,1,5
3457,1,5
3458,2,4
3459,2,2
3460,0,5
3461,4,1
3462,2,2
3463,2,2
3464,2,4
3465,2,4
3466,2,2
3467,4,1
3468,1,5
3469,1,5
3470,0,5
3471,0,4
3472,0,5
3473,0,5
3474,0,5
3475,1,5
3476,1,4
3477,0,5
3478,1,5
3479,2,5
3480,1,5
3481,1,5
3482,2,4
3483,2,4
3484,1,5
3485,0,5
3486,4,5
3487,0,5
3488,4,1
3489,0,5
3490,4,1
3491,0,5
3492,4,1
3493,1,5
3494,4,1
3495,1,2
3496,6,2
3497,2,4
3498,2,4
3499,1,5
3500,1,5
3501,0,5
3502,1,5
3503,0,5
3504,2,4
3505,2,2
3506,5,3
3507,3,0
3508,6,5
3509,0,5
3510,3,5
3511,1,5
3512,2,5
3513,0,5
3514,1,5
3515,0,5
3516,0,5
3517,1,2
3518,4,1
3519,1,5
3520,0,5
3521,0,5
3522,0,5
3523,2,4
3524,0,5
3525,0,5
3526,4,1
3527,0,5
3528,2,2
3529,0,5
3530,6,6
3531,3,0
3532,0,5
3533,3,5
3534,2,4
3535,5,5
3536,2,2
3537,6,6
3538,1,2
3539,0,5
3540,3,5
3541,0,5
3542,1,5
3543,1,5
3544,1,5
3545,2,2
3546,1,5
3547,1,5
3548,0,5
3549,1,2
3550,2,5
3551,1,4
3552,1,5
3553,1,5
3554,3,5
3555,1,5
3556,3,5
3557,0,5
3558,1,5
3559,1,2
3560,0,5
3561,1,5
3562,0,5
3563,0,5
3564,3,0
3565,0,5
3566,3,5
3567,5,3
3568,0,5
3569,0,5
3570,2,2
3571,0,5
3572,0,5
3573,2,5
3574,1,5
3575,0,5
3576,0,5
3577,0,5
3578,1,5
3579,0,5
3580,0,5
3581,1,5
3582,0,5
3583,1,5
3584,0,5
3585,0,4
3586,3,0
3587,1,5
3588,0,5
3589,0,2
3590,6,2
3591,0,5
3592,0,5
3593,0,5
3594,4,5
3595,0,5
3596,2,4
3597,0,5
3598,1,5
3599,0,5
3600,1,5
3601,0,5
3602,2,4
3603,0,5
3604,2,2
3605,1,5
3606,1,5
3607,0,5
3608,0,5
3609,1,5
3610,2,5
3611,0,5
3612,0,5
3613,1,5
3614,4,1
3615,5,2
3616,1,5
3617,4,5
3618,2,4
3619,2,5
3620,0,5
3621,4,1
3622,0,5
3623,1,2
3624,0,5
3625,0,5
3626,2,4
3627,2,5
3628,1,5
3629,1,2
3630,1,5
3631,2,5
3632,0,5
3633,1,5
3634,5,3
3635,0,5
3636,1,5
3637,0,5
3638,1,5
3639,3,0
3640,0,4
3641,4,1
3642,1,5
3643,0,5
3644,0,5
3645,1,5
3646,0,5
3647,5,5
3648,1,5
3649,1,5
3650,0,5
3651,2,2
3652,2,2
3653,1,5
3654,2,4
3655,0,2
3656,1,5
3657,3,0
3658,1,5
3659,1,4
3660,5,5
3661,0,5
3662,0,5
3663,3,5
3664,0,5
3665,5,3
3666,0,5
3667,0,5
3668,3,0
3669,3,0
3670,1,5
3671,0,5
3672,1,5
3673,1,5
3674,0,5
3675,4,5
3676,4,5
3677,0,5
3678,1,5
3679,1,2
3680,0,5
3681,0,4
3682,0,5
3683,3,5
3684,0,5
3685,2,5
3686,0,5
3687,3,0
3688,1,5
3689,5,3
3690,0,5
3691,2,4
3692,3,5
3693,2,4
3694,0,5
3695,1,5
3696,1,5
3697,0,5
3698,0,5
3699,1,5
3700,2,4
3701,1,5
3702,1,5
3703,4,1
3704,0,5
3705,0,2
3706,1,5
3707,1,2
3708,0,5
3709,2,4
3710,1,5
3711,4,1
3712,0,5
3713,4,1
3714,1,5
3715,1,5
3716,1,5
3717,3,0
3718,0,5
3719,0,5
3720,1,5
3721,0,5
3722,0,5
3723,2,5
3724,0,5
3725,0,5
3726,1,2
3727,1,5
3728,4,5
3729,2,5
3730,0,5
3731,1,5
3732,0,5
3733,1,2
3734,0,5
3735,0,5
3736,1,5
3737,0,5
3738,0,5
3739,1,5
3740,0,5
3741,1,5
3742,1,5
3743,1,5
3744,2,5
3745,1,5
3746,1,2
3747,5,3
3748,0,5
3749,1,5
3750,1,5
3751,2,5
3752,1,5
3753,0,5
3754,4,1
3755,1,5
3756,2,5
3757,1,5
3758,0,5
3759,1,5
3760,0,5
3761,0,5
3762,3,0
3763,0,5
3764,0,5
3765,4,1
3766,4,1
3767,3,0
3768,0,5
3769,2,2
3770,3,0
3771,1,2
3772,4,1
3773,0,5
3774,0,5
3775,6,6
3776,0,5
3777,1,5
3778,1,5
3779,1,5
3780,0,5
3781,6,5
3782,0,5
3783,1,2
3784,1,5
3785,4,1
3786,0,5
3787,1,5
3788,0,5
3789,1,5
3790,0,5
3791,0,5
3792,1,5
3793,0,5
3794,1,5
3795,0,5
3796,2,5
3797,0,4
3798,1,5
3799,0,5
3800,0,5
3801,1,5
3802,4,1
3803,2,4
3804,1,5
3805,1,5
3806,2,4
3807,2,4
3808,4,1
3809,2,5
3810,0,5
3811,1,5
3812,1,5
3813,0,4
3814,1,5
3815,0,5
3816,0,5
3817,1,5
3818,0,5
3819,1,5
3820,1,5
3821,2,2
3822,2,2
3823,0,5
3824,0,5
3825,1,5
3826,1,5
3827,1,5
3828,4,5
3829,4,1
3830,2,2
3831,2,4
3832,1,5
3833,0,5
3834,5,5
3835,0,5
3836,5,5
3837,1,5
3838,3,0
3839,2,2
3840,4,5
3841,1,5
3842,0,5
3843,0,5
3844,0,5
3845,1,5
3846,5,3
3847,2,4
3848,6,2
3849,1,5
3850,0,5
3851,0,4
3852,0,5
3853,3,0
3854,1,2
3855,6,6
3856,0,5
3857,3,0
3858,1,5
3859,0,5
3860,1,5
3861,1,5
3862,2,2
3863,0,5
3864,1,2
3865,2,2
3866,1,5
3867,6,2
3868,2,4
3869,4,1
3870,1,5
3871,2,4
3872,2,5
3873,1,5
3874,1,2
3875,0,5
3876,0,5
3877,0,5
3878,4,1
3879,0,5
3880,4,5
3881,5,5
3882,2,4
3883,4,5
3884,0,5
3885,0,5
3886,0,5
3887,6,6
3888,1,5
3889,1,5
3890,1,5
3891,1,2
3892,2,2
3893,1,5
3894,3,5
3895,1,5
3896,4,5
3897,4,1
3898,4,1
3899,5,5
3900,1,5
3901,0,5
3902,1,5
3903,0,5
3904,0,2
3905,0,5
3906,0,5
3907,1,5
3908,3,0
3909,1,2
3910,0,5
3911,0,5
3912,1,5
3913,0,5
3914,4,1
3915,4,5
3916,2,2
3917,0,4
3918,0,5
3919,2,4
3920,1,5
3921,0,5
3922,0,5
3923,1,5
3924,0,5
3925,5,2
3926,0,5
3927,2,4
3928,1,5
3929,0,5
3930,1,5
3931,1,5
3932,5,3
3933,0,5
3934,1,5
3935,1,5
3936,2,5
3937,1,5
3938,2,2
3939,5,5
3940,1,5
3941,1,5
3942,1,2
3943,3,0
3944,1,5
3945,2,5
3946,1,5
3947,0,5
3948,2,4
3949,2,4
3950,2,4
3951,1,5
3952,1,5
3953,1,5
3954,2,2
3955,2,5
3956,1,5
3957,0,5
3958,2,4
3959,1,5
3960,1,2
3961,0,5
3962,0,5
3963,4,5
3964,0,5
3965,0,5
3966,0,5
3967,4,5
3968,1,5
3969,0,4
3970,6,5
3971,1,5
3972,2,5
3973,1,5
3974,1,5
3975,0,5
3976,0,5
3977,3,0
3978,0,5
3979,0,5
3980,0,5
3981,1,5
3982,6,6
3983,0,5
3984,2,4
3985,0,5
3986,2,4
3987,0,5
3988,2,5
3989,2,4
3990,1,2
3991,0,5
3992,2,4
3993,1,5
3994,1,5
3995,2,4
3996,5,3
3997,1,5
3998,0,5
3999,0,5
4000,1,5
4001,0,5
4002,0,5
4003,0,5
4004,2,2
4005,0,5
4006,1,5
4007,1,5
4008,0,5
4009,4,1
4010,2,4
4011,3,5
4012,1,5
4013,1,5
4014,0,5
4015,2,2
4016,3,0
4017,0,5
4018,1,5
4019,0,5
4020,4,1
4021,4,1
4022,1,5
4023,2,4
4024,0,5
4025,3,5
4026,0,5
4027,0,5
4028,0,5
4029,2,2
4030,0,5
4031,0,5
4032,4,1
4033,1,5
4034,6,5
4035,0,5
4036,1,5
4037,0,5
4038,1,5
4039,2,2
4040,2,2
4041,1,5
4042,1,5
4043,1,2
4044,3,0
4045,0,5
4046,1,2
4047,3,0
4048,2,4
4049,1,5
4050,0,5
4051,3,0
4052,0,5
4053,0,5
4054,1,5
4055,3,5
4056,0,5
4057,2,2
4058,4,5
4059,1,5
4060,0,5
4061,2,4
4062,0,5
4063,2,5
4064,1,5
4065,0,5
4066,1,5
4067,4,1
4068,0,5
4069,1,5
4070,1,5
4071,1,5
4072,2,5
4073,0,5
4074,2,4
4075,0,5
4076,2,4
4077,0,5
4078,0,5
4079,0,5
4080,1,2
4081,2,4
4082,1,5
4083,2,2
4084,0,5
4085,1,5
4086,2,5
4087,1,5
4088,0,5
4089,2,2
4090,1,5
4091,1,4
4092,0,5
4093,0,5
4094,0,5
4095,1,5
4096,2,2
4097,1,5
4098,0,5
4099,0,5
4100,4,1
4101,1,2
4102,1,5
4103,1,5
4104,2,5
4105,0,5
4106,6,5
4107,0,5
4108,1,5
4109,0,5
4110,2,5
4111,1,5
4112,1,5
4113,2,4
4114,2,4
4115,4,1
4116,0,5
4117,4,5
4118,0,5
4119,0,5
4120,0,5
4121,0,5
4122,0,5
4123,2,4
4124,0,5
4125,2,4
4126,4,1
4127,4,5
4128,1,5
4129,0,5
4130,0,5
4131,2,4
4132,3,0
4133,4,1
4134,4,5
4135,1,5
4136,0,5
4137,0,5
4138,0,5
4139,5,5
4140,1,2
4141,0,5
4142,0,5
4143,4,1
4144,1,5
4145,0,5
4146,0,5
4147,4,5
4148,0,5
4149,0,5
4150,0,5
4151,4,1
4152,1,5
4153,0,5
4154,0,5
4155,2,4
4156,2,5
4157,0,5
4158,0,5
4159,5,5
4160,0,5
4161,4,5
4162,0,5
4163,0,5
4164,2,4
4165,4,1
4166,1,5
4167,1,5
4168,1,5
4169,2,4
4170,1,5
4171,1,5
4172,1,2
4173,2,2
4174,2,2
4175,1,5
4176,2,4
4177,1,5
4178,2,2
4179,1,5
4180,1,5
4181,2,2
4182,1,5
4183,4,5
4184,2,2
4185,0,5
4186,4,1
4187,4,1
4188,1,4
4189,3,0
4190,0,5
4191,4,1
4192,0,5
4193,2,5
4194,0,5
4195,4,1
4196,0,5
4197,5,3
4198,0,5
4199,1,5
4200,0,5
4201,1,5
4202,0,5
4203,4,5
4204,1,5
4205,2,2
4206,2,5
4207,0,5
4208,2,4
4209,1,5
4210,0,5
4211,0,2
4212,0,5
4213,0,5
4214,0,5
4215,0,5
4216,2,4
4217,4,1
4218,2,5
4219,2,2
4220,2,4
4221,2,2
4222,0,5
4223,2,2
4224,0,5
4225,2,2
4226,0,5
4227,2,4
4228,4,1
4229,1,5
4230,1,5
4231,3,0
4232,0,5
4233,0,5
4234,0,5
4235,1,5
4236,0,5
4237,0,5
4238,2,2
4239,0,5
4240,1,5
4241,4,1
4242,2,4
4243,0,5
4244,2,2
4245,0,5
4246,0,5
4247,1,4
4248,2,2
4249,2,5
4250,0,5
4251,3,5
4252,1,4
4253,1,5
4254,1,2
4255,0,5
4256,1,2
4257,1,5
4258,2,2
4259,0,5
4260,2,4
4261,1,4
4262,1,5
4263,4,1
4264,0,5
4265,0,5
4266,3,5
4267,0,5
4268,1,2
4269,0,5
4270,0,5
4271,0,5
4272,3,0
4273,4,5
4274,2,5
4275,4,1
4276,0,5
4277,2,2
4278,2,4
4279,2,2
4280,3,0
4281,1,5
4282,4,1
4283,1,5
4284,0,4
4285,1,5
4286,0,5
4287,1,5
4288,0,5
4289,0,5
4290,1,5
4291,3,0
4292,0,5
4293,4,1
4294,2,5
4295,1,5
4296,0,5
4297,0,5
4298,2,4
4299,0,5
4300,0,5
4301,1,2
4302,1,2
4303,2,4
4304,2,2
4305,0,5
4306,0,5
4307,0,5
4308,6,5
4309,0,5
4310,4,1
4311,0,5
4312,0,5
4313,1,5
4314,3,0
4315,0,5
4316,1,5
4317,1,5
4318,0,5
4319,1,5
4320,1,2
4321,1,5
4322,0,5
4323,0,5
4324,1,5
4325,4,1
4326,2,2
4327,1,5
4328,0,5
4329,4,1
4330,2,2
4331,1,5
4332,0,5
4333,2,4
4334,0,5
4335,0,5
4336,2,4
4337,0,5
4338,1,5
4339,2,4
4340,0,5
4341,0,4
4342,4,1
4343,1,5
4344,0,5
4345,6,5
4346,1,2
4347,0,5
4348,1,4
4349,0,5
4350,2,2
4351,2,4
4352,2,5
4353,0,5
4354,0,5
4355,0,5
4356,0,5
4357,1,2
4358,0,5
4359,0,5
4360,0,5
4361,2,4
4362,1,5
4363,2,4
4364,1,5
4365,0,5
4366,0,5
4367,2,5
4368,0,5
4369,1,5
4370,0,5
4371,5,3
4372,1,5
4373,0,5
4374,1,5
4375,2,4
4376,2,2
4377,2,2
4378,0,5
4379,1,2
4380,0,5
4381,2,4
4382,2,5
4383,0,2
4384,0,5
4385,0,5
4386,0,5
4387,1,5
4388,6,5
4389,0,5
4390,1,5
4391,1,5
4392,4,5
4393,0,5
4394,0,5
4395,6,6
4396,1,5
4397,0,5
4398,0,5
4399,2,5
4400,2,5
4401,0,5
4402,1,5
4403,0,5
4404,0,5
4405,6,6
4406,2,4
4407,0,5
4408,0,5
4409,0,5
4410,2,5
4411,0,5
4412,5,5
4413,1,5
4414,1,2
4415,4,5
4416,4,1
4417,1,2
4418,0,5
4419,0,5
4420,1,5
4421,2,4
4422,0,5
4423,2,4
4424,0,5
4425,4,1
4426,5,3
4427,3,0
4428,6,6
4429,0,5
4430,3,5
4431,1,5
4432,0,5
4433,0,5
4434,2,5
4435,1,2
4436,0,5
4437,4,1
4438,0,5
4439,0,5
4440,0,5
4441,4,1
4442,6,5
4443,1,5
4444,0,5
4445,2,4
4446,4,1
4447,1,5
4448,2,4
4449,1,5
4450,1,5
4451,1,5
4452,2,4
4453,4,1
4454,0,5
4455,1,5
4456,1,5
4457,3,0
4458,2,4
4459,0,5
4460,1,5
4461,1,5
4462,2,2
4463,1,2
4464,1,5
4465,2,2
4466,1,5
4467,1,5
4468,2,4
4469,0,5
4470,1,5
4471,1,5
4472,2,5
4473,1,4
4474,0,5
4475,1,5
4476,3,0
4477,0,5
4478,1,5
4479,3,5
4480,1,5
4481,1,5
4482,0,5
4483,6,6
4484,1,5
4485,1,5
4486,0,5
4487,1,2
4488,1,5
4489,1,4
4490,1,5
4491,0,5
4492,1,5
4493,1,5
4494,1,5
4495,0,5
4496,0,4
4497,5,3
4498,0,5
4499,1,4
4500,0,4
4501,0,5
4502,0,5
4503,3,0
4504,2,4
4505,0,5
4506,4,1
4507,0,5
4508,0,5
4509,2,4
4510,0,5
4511,0,5
4512,0,5
4513,2,4
4514,0,5
4515,2,2
4516,3,0
4517,0,5
4518,1,5
4519,0,5
4520,1,2
4521,1,5
4522,2,4
4523,2,5
4524,0,5
4525,1,5
4526,0,5
4527,1,5
4528,3,0
4529,0,5
4530,2,2
4531,6,5
4532,0,5
4533,1,5
4534,1,4
4535,0,5
4536,4,5
4537,4,5
4538,0,5
4539,1,5
4540,0,5
4541,2,2
4542,2,5
4543,2,2
4544,2,4
4545,4,1
4546,1,2
4547,2,5
4548,5,3
4549,5,3
4550,2,2
4551,4,5
4552,3,0
4553,0,5
4554,1,5
4555,0,5
4556,1,5
4557,0,4
4558,1,2
4559,1,5
4560,6,5
4561,1,5
4562,2,4
4563,1,5
4564,0,5
4565,1,5
4566,4,1
4567,1,5
4568,0,5
4569,1,5
4570,6,2
4571,3,5
4572,1,5
4573,1,5
4574,0,5
4575,0,5
4576,1,2
4577,0,5
4578,2,4
4579,0,5
4580,2,4
4581,6,6
4582,2,2
4583,4,1
4584,1,5
4585,1,2
4586,3,0
4587,1,5
4588,1,5
4589,6,4
4590,6,5
4591,2,2
4592,0,5
4593,0,5
4594,1,2
4595,1,5
4596,0,5
4597,0,5
4598,1,5
4599,2,5
4600,0,5
4601,0,5
4602,6,6
4603,1,5
4604,0,5
4605,0,5
4606,1,5
4607,0,5
4608,0,5
4609,1,5
4610,1,5
4611,1,5
4612,1,5
4613,1,2
4614,2,4
4615,2,4
4616,1,2
4617,0,5
4618,5,5
4619,6,6
4620,0,5
4621,6,5
4622,5,3
4623,1,5
4624,4,1
4625,0,5
4626,1,5
4627,3,0
4628,0,5
4629,0,5
4630,6,4
4631,0,5
4632,0,5
4633,3,0
4634,0,2
4635,1,5
4636,0,5
4637,3,0
4638,4,5
4639,1,5
4640,0,5
4641,0,5
4642,1,5
4643,1,5
4644,0,5
4645,0,5
4646,1,2
4647,2,4
4648,6,6
4649,0,5
4650,2,5
4651,3,0
4652,6,5
4653,2,4
4654,3,5
4655,0,5
4656,1,5
4657,1,5
4658,6,2
4659,0,5
4660,1,5
4661,0,5
4662,1,5
4663,2,2
4664,0,5
4665,1,5
4666,1,5
4667,5,3
4668,0,5
4669,0,5
4670,1,5
4671,1,5
4672,3,5
4673,0,5
4674,0,5
4675,2,4
4676,1,5
4677,1,5
4678,2,5
4679,2,2
4680,4,5
4681,1,2
4682,1,2
4683,1,5
4684,0,5
4685,0,5
4686,0,5
4687,0,4
4688,3,5
4689,1,5
4690,0,5
4691,1,5
4692,0,5
4693,1,2
4694,2,2
4695,1,2
4696,0,5
4697,0,5
4698,0,5
4699,1,5
4700,2,5
4701,0,5
4702,1,5
4703,0,5
4704,2,5
4705,0,5
4706,4,1
4707,0,5
4708,1,5
4709,1,5
4710,1,5
4711,2,2
4712,0,5
4713,0,5
4714,2,2
4715,2,2
4716,3,5
4717,0,5
4718,2,2
4719,2,2
4720,1,2
4721,2,2
4722,2,5
4723,2,4
4724,0,5
4725,0,5
4726,0,5
4727,1,5
4728,4,1
4729,0,5
4730,2,4
4731,3,5
4732,2,4
4733,0,5
4734,1,5
4735,2,2
4736,2,5
4737,1,5
4738,2,4
4739,2,2
4740,1,5
4741,2,4
4742,1,2
4743,2,4
4744,0,4
4745,0,5
4746,2,4
4747,0,5
4748,0,4
4749,2,4
4750,0,5
4751,0,5
4752,0,5
4753,0,5
4754,1,5
4755,2,2
4756,1,5
4757,0,5
4758,1,5
4759,0,5
4760,0,5
4761,1,2
4762,1,5
4763,2,2
4764,0,5
4765,1,5
4766,0,5
4767,1,5
4768,2,4
4769,0,5
4770,1,5
4771,0,5
4772,0,5
4773,0,5
4774,2,4
4775,0,5
4776,3,0
4777,2,2
4778,4,1
4779,2,5
4780,0,5
4781,0,5
4782,3,0
4783,0,5
4784,4,1
4785,1,5
4786,1,2
4787,1,5
4788,1,5
4789,0,5
4790,0,5
4791,1,5
4792,0,5
4793,1,5
4794,0,5
4795,0,5
4796,5,5
4797,6,4
4798,1,5
4799,1,5
4800,1,2
4801,1,2
4802,2,2
4803,2,4
4804,0,5
4805,4,1
4806,1,5
4807,2,2
4808,2,2
4809,1,5
4810,2,4
4811,4,1
4812,0,5
4813,0,5
4814,1,5
4815,1,5
4816,0,5
4817,0,5
4818,1,5
4819,6,4
4820,1,5
4821,0,5
4822,0,5
4823,2,4
4824,5,2
4825,4,5
4826,3,0
4827,5,3
4828,0,5
4829,0,5
4830,0,5
4831,2,2
4832,0,5
4833,1,5
4834,1,5
4835,1,5
4836,0,5
4837,1,5
4838,1,5
4839,1,5
4840,2,5
4841,4,5
4842,0,5
4843,1,5
4844,3,0
4845,2,5
4846,1,5
4847,1,5
4848,6,2
4849,0,5
4850,5,5
4851,2,4
4852,4,1
4853,2,5
4854,1,5
4855,2,5
4856,2,2
4857,2,4
4858,1,5
4859,0,5
4860,1,5
4861,0,5
4862,0,5
4863,0,5
4864,0,5
4865,2,5
4866,2,4
4867,0,5
4868,4,1
4869,4,1
4870,4,1
4871,2,5
4872,0,5
4873,0,5
4874,0,5
4875,1,5
4876,1,5
4877,2,4
4878,2,4
4879,0,5
4880,0,5
4881,3,0
4882,1,5
4883,2,4
4884,1,4
4885,0,5
4886,0,5
4887,1,5
4888,0,5
4889,0,5
4890,1,5
4891,0,5
4892,1,5
4893,1,5
4894,0,5
4895,2,5
4896,2,4
4897,1,5
4898,2,2
4899,0,5
4900,0,5
4901,0,5
4902,1,5
4903,2,5
4904,2,4
4905,0,5
4906,0,5
4907,1,5
4908,2,4
4909,1,5
4910,1,5
4911,0,5
4912,1,5
4913,1,4
4914,2,2
4915,1,5
4916,4,1
4917,4,1
4918,0,5
4919,1,4
4920,1,5
4921,3,5
4922,0,5
4923,0,5
4924,3,5
4925,1,5
4926,0,5
4927,1,5
4928,2,2
4929,1,5
4930,1,5
4931,0,5
4932,0,5
4933,2,2
4934,1,5
4935,4,1
4936,1,5
4937,6,4
4938,1,5
4939,1,5
4940,0,5
4941,6,4
4942,1,5
4943,1,4
4944,2,2
4945,6,4
4946,0,5
4947,1,5
4948,0,5
4949,0,5
4950,4,1
4951,0,5
4952,1,5
4953,1,5
4954,1,5
4955,2,4
4956,0,5
4957,1,5
4958,0,5
4959,2,4
4960,4,1
4961,2,2
4962,0,5
4963,0,5
4964,1,5
4965,1,2
4966,5,5
4967,1,5
4968,0,5
4969,3,5
4970,0,5
4971,1,2
4972,0,5
4973,1,5
4974,2,4
4975,1,5
4976,0,5
4977,2,4
4978,0,5
4979,1,2
4980,1,5
4981,0,5
4982,1,5
4983,1,5
4984,0,5
4985,1,5
4986,0,4
4987,1,5
4988,1,5
4989,0,5
4990,4,1
4991,4,1
4992,1,2
4993,1,5
4994,1,5
4995,1,5
4996,1,5
4997,1,5
4998,3,5
4999,0,5
5000,1,5
5001,0,5
5002,0,5
5003,2,4
5004,2,4
5005,0,5
5006,0,5
5007,0,5
5008,6,5
5009,1,5
5010,1,2
5011,2,5
5012,2,5
5013,0,5
5014,0,5
5015,1,5
5016,0,5
5017,3,0
5018,6,4
5019,6,6
5020,1,5
5021,0,5
5022,0,5
5023,1,2
5024,0,5
5025,1,5
5026,1,5
5027,0,4
5028,1,5
5029,0,5
5030,2,5
5031,0,5
5032,4,1
5033,0,5
5034,0,5
5035,1,5
5036,0,5
5037,1,5
5038,1,5
5039,2,4
5040,0,5
5041,2,5
5042,2,5
5043,0,5
5044,2,2
5045,1,5
5046,2,2
5047,3,0
5048,0,5
5049,4,1
5050,0,5
5051,3,5
5052,3,0
5053,2,4
5054,0,5
5055,5,5
5056,0,5
5057,1,5
5058,0,2
5059,2,2
5060,2,2
5061,2,5
5062,1,5
5063,4,5
5064,2,4
5065,0,5
5066,1,2
5067,2,5
5068,0,5
5069,1,5
5070,0,5
5071,2,4
5072,1,5
5073,1,5
5074,0,5
5075,0,5
5076,0,5
5077,2,4
5078,1,5
5079,1,5
5080,2,4
5081,1,5
5082,2,4
5083,0,5
5084,1,2
5085,1,2
5086,3,5
5087,0,5
5088,2,5
5089,1,5
5090,0,5
5091,0,5
5092,0,5
5093,1,5
5094,4,5
5095,2,5
5096,1,5
5097,1,5
5098,2,2
5099,4,5
5100,0,5
5101,0,5
5102,1,5
5103,0,5
5104,1,5
5105,0,5
5106,2,4
5107,1,5
5108,1,5
5109,4,1
5110,1,5
5111,0,5
5112,0,5
5113,1,5
5114,0,5
5115,0,5
5116,1,2
5117,0,5
5118,0,5
5119,1,5
5120,2,4
5121,2,5
5122,2,2
5123,1,2
5124,0,5
5125,0,5
5126,3,5
5127,1,2
5128,4,5
5129,0,5
5130,3,5
5131,0,5
5132,1,5
5133,0,5
5134,4,1
5135,1,5
5136,2,5
5137,2,5
5138,0,5
5139,0,5
5140,1,2
5141,5,5
5142,3,0
5143,1,5
5144,1,5
5145,1,5
5146,1,2
5147,2,4
5148,3,0
5149,2,2
5150,4,5
5151,1,2
5152,0,5
5153,1,5
5154,0,5
5155,1,5
5156,2,5
5157,1,5
5158,5,5
5159,6,6
5160,0,5
5161,0,5
5162,2,5
5163,4,5
5164,1,2
5165,2,5
5166,1,2
5167,1,5
5168,2,5
5169,1,5
5170,2,4
5171,0,5
5172,0,5
5173,0,5
5174,1,5
5175,0,5
5176,1,5
5177,2,5
5178,0,5
5179,0,5
5180,0,5
5181,1,4
5182,2,2
5183,2,5
5184,3,0
5185,2,4
5186,0,5
5187,0,5
5188,2,5
5189,2,4
5190,4,1
5191,3,0
5192,2,4
5193,2,4
5194,1,5
5195,0,5
5196,3,0
5197,6,2
5198,0,5
5199,0,2
5200,0,4
5201,2,4
5202,0,5
5203,2,4
5204,0,5
5205,2,5
5206,2,4
5207,3,0
5208,0,5
5209,0,5
5210,1,2
5211,2,4
5212,4,5
5213,4,1
5214,0,5
5215,1,2
5216,3,0
5217,2,5
5218,0,4
5219,4,1
5220,2,5
5221,0,5
5222,6,6
5223,5,3
5224,2,4
5225,4,1
5226,1,5
5227,2,5
5228,1,5
5229,2,4
5230,0,5
5231,0,5
5232,3,5
5233,4,5
5234,1,5
5235,1,2
5236,0,2
5237,1,5
5238,0,5
5239,2,5
5240,3,0
5241,1,4
5242,0,5
5243,3,0
5244,0,5
5245,0,5
5246,3,0
5247,4,1
5248,1,5
5249,0,5
5250,1,5
5251,2,4
5252,1,2
5253,1,5
5254,2,5
5255,0,5
5256,2,2
5257,1,5
5258,0,5
5259,4,1
5260,6,6
5261,2,4
5262,2,5
5263,1,5
5264,0,5
5265,0,5
5266,0,5
5267,2,4
5268,0,5
5269,2,2
5270,1,5
5271,1,5
5272,0,5
5273,0,5
5274,0,5
5275,1,5
5276,0,5
5277,2,2
5278,0,5
5279,0,5
5280,2,4
5281,1,5
5282,1,5
5283,0,2
5284,0,5
5285,0,5
5286,1,5
5287,0,5
5288,4,5
5289,2,4
5290,4,1
5291,4,1
5292,0,5
5293,2,5
5294,5,5
5295,0,5
5296,2,2
5297,0,5
5298,1,5
5299,1,5
5300,1,5
5301,0,5
5302,2,4
5303,2,4
5304,3,5
5305,1,5
5306,0,5
5307,4,1
5308,3,0
5309,0,5
5310,3,5
5311,1,5
5312,2,5
5313,0,5
5314,2,2
5315,1,4
5316,2,5
5317,1,5
5318,6,5
5319,2,2
5320,0,5
5321,4,5
5322,1,5
5323,2,4
5324,0,5
5325,1,5
5326,1,5
5327,4,5
5328,2,4
5329,0,5
5330,1,2
5331,2,5
5332,1,5
5333,1,2
5334,0,5
5335,1,2
5336,2,2
5337,0,5
5338,0,5
5339,2,4
5340,0,5
5341,6,5
5342,2,4
5343,1,5
5344,0,5
5345,0,5
5346,2,4
5347,1,5
5348,4,5
5349,0,5
5350,0,5
5351,0,5
5352,1,5
5353,0,2
5354,0,5
5355,0,5
5356,0,5
5357,0,5
5358,6,2
5359,0,5
5360,2,2
5361,2,4
5362,0,5
5363,1,5
5364,2,2
5365,0,5
5366,1,5
5367,0,5
5368,2,5
5369,2,4
5370,4,1
5371,0,5
5372,2,4
5373,0,5
5374,2,5
5375,2,4
5376,2,4
5377,3,0
5378,0,5
5379,0,5
5380,2,2
5381,6,5
5382,2,2
5383,0,5
5384,2,4
5385,4,1
5386,4,5
5387,0,5
5388,2,4
5389,4,5
5390,0,5
5391,1,5
5392,2,4
5393,0,5
5394,0,5
5395,0,5
5396,1,5
5397,0,5
5398,0,5
5399,2,4
5400,0,5
5401,1,5
5402,5,5
5403,1,5
5404,0,5
5405,0,5
5406,2,2
5407,4,5
5408,0,5
5409,0,5
5410,2,5
5411,1,5
5412,1,5
5413,1,4
5414,0,5
5415,1,5
5416,1,5
5417,3,0
5418,1,5
5419,0,5
5420,1,5
5421,0,5
5422,0,5
5423,5,3
5424,0,5
5425,1,5
5426,2,2
5427,2,2
5428,3,0
5429,1,5
5430,2,2
5431,2,2
5432,1,5
5433,0,5
5434,0,5
5435,1,5
5436,1,5
5437,1,5
5438,2,2
5439,6,2
5440,1,5
5441,1,5
5442,1,2
5443,0,5
5444,0,5
5445,2,2
5446,0,5
5447,0,5
5448,2,2
5449,2,2
5450,0,5
5451,0,5
5452,2,2
5453,0,5
5454,1,5
5455,0,5
5456,0,4
5457,0,5
5458,6,6
5459,1,5
5460,5,3
5461,1,4
5462,0,5
5463,1,5
5464,4,1
5465,1,5
5466,2,4
5467,4,1
5468,1,5
5469,4,1
5470,2,5
5471,1,5
5472,0,4
5473,5,5
5474,0,5
5475,1,5
5476,1,5
5477,4,1
5478,0,5
5479,1,5
5480,1,5
5481,0,5
5482,1,2
5483,0,5
5484,0,5
5485,0,5
5486,2,2
5487,2,4
5488,0,5
5489,1,5
5490,2,4
5491,2,5
5492,2,4
5493,0,5
5494,2,4
5495,1,2
5496,0,5
5497,0,5
5498,4,1
5499,0,5
5500,1,5
5501,4,1
5502,0,2
5503,1,5
5504,1,5
5505,1,5
5506,0,5
5507,2,5
5508,6,6
5509,0,5
5510,1,5
5511,0,5
5512,5,5
5513,2,4
5514,1,5
5515,1,5
5516,1,5
5517,0,5
5518,2,4
5519,1,5
5520,2,2
5521,0,5
5522,2,2
5523,1,5
5524,2,4
5525,1,2
5526,0,5
5527,2,2
5528,0,5
5529,4,1
5530,3,5
5531,0,5
5532,3,5
5533,2,2
5534,1,5
5535,1,2
5536,0,5
5537,1,5
5538,0,5
5539,2,4
5540,2,2
5541,2,4
5542,2,4
5543,6,5
5544,4,5
5545,1,5
5546,1,5
5547,0,4
5548,2,4
5549,1,5
5550,4,1
5551,1,5
5552,0,5
5553,1,5
5554,1,5
5555,1,5
5556,1,5
5557,4,5
5558,2,4
5559,1,2
5560,1,5
5561,0,5
5562,0,5
5563,1,5
5564,2,5
5565,1,5
5566,0,5
5567,1,5
5568,4,1
5569,4,1
5570,0,5
5571,2,4
5572,2,2
5573,1,5
5574,2,4
5575,0,5
5576,3,0
5577,2,2
5578,2,2
5579,2,4
5580,2,5
5581,4,1
5582,1,5
5583,1,5
5584,1,5
5585,1,5
5586,1,5
5587,2,4
5588,3,5
5589,0,5
5590,2,2
5591,4,1
5592,2,2
5593,2,4
5594,6,4
5595,0,5
5596,1,5
5597,0,5
5598,1,5
5599,3,0
5600,0,5
5601,6,5
5602,0,5
5603,0,5
5604,3,0
5605,0,5
5606,1,5
5607,1,5
5608,0,5
5609,2,2
5610,0,5
5611,2,2
5612,2,4
5613,1,5
5614,0,5
5615,0,5
5616,2,5
5617,1,5
5618,0,5
5619,2,2
5620,1,5
5621,1,5
5622,0,5
5623,0,5
5624,0,4
5625,0,5
5626,2,4
5627,1,5
5628,5,3
5629,1,2
5630,0,5
5631,1,5
5632,1,2
5633,2,5
5634,1,5
5635,0,5
5636,1,5
5637,2,4
5638,0,5
5639,0,5
5640,2,2
5641,1,5
5642,1,5
5643,0,5
5644,0,5
5645,6,5
5646,3,0
5647,0,5
5648,5,5
5649,1,5
5650,0,5
5651,1,5
5652,4,1
5653,0,5
5654,2,4
5655,0,5
5656,3,0
5657,4,5
5658,4,1
5659,0,5
5660,1,5
5661,1,2
5662,1,5
5663,1,5
5664,0,5
5665,1,5
5666,1,5
5667,0,4
5668,0,5
5669,2,4
5670,0,5
5671,5,3
5672,1,5
5673,5,3
5674,2,4
5675,0,5
5676,2,4
5677,4,1
5678,5,2
5679,1,5
5680,4,1
5681,3,0
5682,0,5
5683,1,5
5684,3,0
5685,2,5
5686,0,5
5687,6,2
5688,1,5
5689,0,5
5690,2,4
5691,2,4
5692,0,5
5693,0,5
5694,1,5
5695,0,5
5696,2,4
5697,1,5
5698,1,5
5699,0,5
5700,2,2
5701,0,5
5702,0,5
5703,2,4
5704,0,5
5705,1,5
5706,1,5
5707,4,1
5708,1,5
5709,0,5
5710,1,5
5711,4,1
5712,2,4
5713,4,1
5714,4,1
5715,1,5
5716,6,6
5717,2,5
5718,1,5
5719,1,5
5720,3,0
5721,0,5
5722,2,5
5723,4,1
5724,0,5
5725,1,5
5726,0,5
5727,1,5
5728,0,5
5729,2,5
5730,1,5
5731,6,6
5732,0,5
5733,2,5
5734,0,5
5735,2,2
5736,1,5
5737,0,5
5738,1,5
5739,2,5
5740,1,5
5741,1,5
5742,2,5
5743,0,5
5744,2,4
5745,2,4
5746,0,5
5747,0,5
5748,1,5
5749,0,5
5750,2,4
5751,1,4
5752,1,5
5753,1,5
5754,0,5
5755,1,5
5756,2,5
5757,0,5
5758,0,5
5759,0,2
5760,4,1
5761,2,2
5762,0,5
5763,2,2
5764,0,5
5765,1,2
5766,1,5
5767,4,5
5768,0,5
5769,1,5
5770,4,1
5771,2,4
5772,0,5
5773,2,4
5774,2,4
5775,1,5
5776,2,4
5777,0,5
5778,1,5
5779,1,5
5780,1,5
5781,0,5
5782,4,5
5783,0,5
5784,1,5
5785,1,5
5786,6,6
5787,1,5
5788,2,4
5789,2,2
5790,4,1
5791,2,4
5792,1,5
5793,4,1
5794,0,5
5795,2,4
5796,6,5
5797,0,5
5798,4,5
5799,3,0
5800,0,5
5801,0,5
5802,5,3
5803,0,5
5804,1,2
5805,1,5
5806,2,2
5807,1,5
5808,2,4
5809,1,5
5810,2,2
5811,0,5
5812,2,5
5813,1,5
5814,0,5
5815,0,5
5816,3,0
5817,1,5
5818,2,5
5819,3,5
5820,6,5
5821,2,2
5822,0,5
5823,0,5
5824,3,0
5825,3,5
5826,5,3
5827,0,5
5828,1,5
5829,2,2
5830,0,5
5831,3,5
5832,0,5
5833,1,5
5834,1,2
5835,2,4
5836,0,5
5837,0,5
5838,1,5
5839,1,5
5840,4,1
5841,4,1
5842,0,5
5843,0,5
5844,0,5
5845,1,5
5846,0,5
5847,0,5
5848,2,5
5849,1,5
5850,0,5
5851,0,5
5852,0,5
5853,1,5
5854,0,5
5855,6,6
5856,2,2
5857,0,5
5858,1,5
5859,1,5
5860,1,2
5861,0,5
5862,3,0
5863,0,5
5864,0,5
5865,1,5
5866,1,5
5867,1,5
5868,2,2
5869,0,5
5870,1,5
5871,2,5
5872,0,5
5873,0,5
5874,0,5
5875,0,5
5876,1,5
5877,1,5
5878,2,4
5879,2,2
5880,0,5
5881,2,2
5882,1,5
5883,2,5
5884,0,5
5885,1,5
5886,0,5
5887,1,5
5888,2,5
5889,1,5
5890,1,2
5891,0,5
5892,1,2
5893,2,5
5894,1,5
5895,1,5
5896,4,1
5897,2,4
5898,2,4
5899,1,4
5900,2,2
5901,2,2
5902,0,5
5903,0,5
5904,0,5
5905,0,5
5906,3,0
5907,1,5
5908,2,4
5909,2,5
5910,4,1
5911,0,5
5912,0,5
5913,4,1
5914,6,6
5915,1,5
5916,0,5
5917,0,2
5918,4,5
5919,2,4
5920,6,6
5921,0,5
5922,6,6
5923,4,1
5924,4,1
5925,5,2
5926,1,5
5927,2,4
5928,0,5
5929,4,1
5930,0,5
5931,1,5
5932,0,5
5933,2,4
5934,2,4
5935,0,5
5936,0,5
5937,5,3
5938,0,5
5939,1,4
5940,2,5
5941,1,5
5942,1,5
5943,0,5
5944,1,5
5945,0,5
5946,1,5
5947,1,4
5948,4,1
5949,3,0
5950,0,5
5951,0,5
5952,0,5
5953,1,5
5954,0,5
5955,2,2
5956,2,2
5957,0,5
5958,0,5
5959,0,5
5960,0,5
5961,1,5
5962,0,5
5963,6,6
5964,2,2
5965,3,5
5966,0,5
5967,0,5
5968,1,5
5969,0,5
5970,1,5
5971,0,5
5972,1,5
5973,1,5
5974,1,2
5975,2,5
5976,2,2
5977,1,5
5978,0,5
5979,4,1
5980,1,5
5981,1,4
5982,4,5
5983,1,5
5984,1,5
5985,1,5
5986,0,5
5987,0,5
5988,3,5
5989,4,1
5990,2,5
5991,0,5
5992,4,5
5993,3,0
5994,1,5
5995,1,5
5996,4,1
5997,4,5
5998,4,5
5999,2,4
6000,0,5
6001,1,5
6002,1,5
6003,0,5
6004,4,5
6005,1,2
6006,0,5
6007,1,5
6008,2,2
6009,0,5
6010,0,5
6011,0,5
6012,1,5
6013,0,5
6014,0,5
6015,0,5
6016,0,5
6017,1,5
6018,1,5
6019,0,5
6020,1,5
6021,1,5
6022,4,5
6023,0,5
6024,2,2
6025,1,5
6026,1,2
6027,4,5
6028,1,5
6029,0,5
6030,3,5
6031,1,5
6032,0,5
6033,4,1
6034,1,5
6035,3,5
6036,6,6
6037,4,5
6038,0,5
6039,0,4
6040,6,6
6041,1,5
6042,0,5
6043,1,5
6044,0,5
6045,2,4
6046,4,1
6047,2,4
6048,4,1
6049,2,4
6050,3,0
6051,0,5
6052,0,5
6053,1,5
6054,2,4
6055,1,5
6056,0,5
6057,1,5
6058,2,2
6059,1,5
6060,1,5
6061,4,1
6062,0,5
6063,0,5
6064,1,5
6065,2,4
6066,1,5
6067,1,2
6068,1,5
6069,1,5
6070,1,5
6071,1,5
6072,1,2
6073,0,5
6074,2,2
6075,2,2
6076,0,5
6077,0,5
6078,0,5
6079,1,5
6080,2,2
6081,1,5
6082,6,6
6083,1,5
6084,0,5
6085,1,5
6086,2,2
6087,1,5
6088,0,5
6089,2,4
6090,1,5
6091,0,5
6092,0,5
6093,6,5
6094,2,2
6095,0,4
6096,1,5
6097,0,5
6098,5,5
6099,1,5
6100,1,5
6101,2,4
6102,2,2
6103,2,4
6104,1,5
6105,0,5
6106,0,5
6107,0,5
6108,2,2
6109,5,5
6110,1,5
6111,2,5
6112,5,3
6113,6,4
6114,2,5
6115,5,5
6116,0,5
6117,0,5
6118,5,3
6119,1,5
6120,2,4
6121,2,5
6122,2,4
6123,2,5
6124,1,5
6125,3,5
6126,4,1
6127,3,5
6128,1,5
6129,0,5
6130,0,5
6131,0,5
6132,6,4
6133,0,5
6134,0,5
6135,1,5
6136,1,5
6137,1,5
6138,4,5
6139,0,5
6140,0,5
6141,0,5
6142,4,1
6143,4,1
6144,1,5
6145,4,1
6146,1,4
6147,1,5
6148,1,5
6149,1,5
6150,2,4
6151,3,5
6152,1,5
6153,0,5
6154,0,4
6155,0,5
6156,1,5
6157,1,5
6158,3,5
6159,1,5
6160,2,4
6161,0,5
6162,2,2
6163,3,0
6164,1,5
6165,5,5
6166,1,2
6167,2,4
6168,0,5
6169,1,5
6170,1,5
6171,1,5
6172,0,5
6173,2,4
6174,0,5
6175,0,5
6176,0,4
6177,0,5
6178,1,5
6179,1,5
6180,1,5
6181,0,5
6182,1,5
6183,0,5
6184,0,5
6185,0,5
6186,4,5
6187,2,2
6188,6,6
6189,1,4
6190,5,3
6191,2,5
6192,1,4
6193,4,5
6194,1,5
6195,0,5
6196,1,5
6197,2,2
6198,0,5
6199,4,5
6200,1,5
6201,0,5
6202,2,4
6203,2,5
6204,0,5
6205,5,5
6206,0,5
6207,2,4
6208,0,5
6209,2,5
6210,2,2
6211,0,5
6212,0,5
6213,2,4
6214,1,5
6215,4,1
6216,3,5
6217,0,5
6218,0,2
6219,0,5
6220,1,5
6221,1,5
6222,1,5
6223,2,5
6224,1,5
6225,0,5
6226,0,5
6227,0,5
6228,0,5
6229,0,5
6230,0,5
6231,0,5
6232,0,5
6233,2,2
6234,1,4
6235,1,5
6236,3,0
6237,0,5
6238,4,1
6239,0,5
6240,0,5
6241,1,4
6242,0,5
6243,0,5
6244,0,5
6245,1,2
6246,1,5
6247,1,5
6248,0,5
6249,0,5
6250,2,4
6251,2,5
6252,0,5
6253,0,5
6254,1,5
6255,0,5
6256,1,5
6257,0,5
6258,2,2
6259,1,2
6260,4,1
6261,2,4
6262,0,5
6263,0,5
6264,5,3
6265,0,5
6266,0,5
6267,1,5
6268,0,5
6269,6,5
6270,0,5
6271,1,5
6272,1,5
6273,3,5
6274,0,5
6275,0,5
6276,0,5
6277,0,5
6278,1,5
6279,1,5
6280,2,5
6281,0,5
6282,0,5
6283,1,5
6284,2,4
6285,1,2
6286,0,5
6287,2,2
6288,1,5
6289,2,2
6290,1,5
6291,4,1
6292,0,5
6293,1,5
6294,2,4
6295,4,5
6296,2,2
6297,1,2
6298,1,5
6299,2,5
6300,2,4
6301,2,2
6302,1,5
6303,1,5
6304,1,5
6305,0,4
6306,1,5
6307,1,2
6308,3,5
6309,0,5
6310,0,5
6311,0,5
6312,4,1
6313,1,5
6314,2,2
6315,4,1
6316,2,2
6317,2,5
6318,0,5
6319,1,5
6320,2,5
6321,1,2
6322,4,1
6323,6,6
6324,6,6
6325,1,5
6326,0,5
6327,2,4
6328,1,4
6329,6,5
6330,4,5
6331,2,5
6332,0,5
6333,2,4
6334,5,5
6335,6,2
6336,0,5
6337,0,5
6338,4,1
6339,2,2
6340,0,5
6341,1,5
6342,4,5
6343,2,4
6344,1,5
6345,1,2
6346,1,5
6347,0,4
6348,1,5
6349,0,5
6350,1,5
6351,4,5
6352,0,5
6353,0,5
6354,3,0
6355,0,5
6356,0,5
6357,3,5
6358,1,5
6359,4,1
6360,1,5
6361,0,5
6362,3,5
6363,0,5
6364,4,1
6365,4,5
6366,1,4
6367,4,5
6368,1,5
6369,2,4
6370,1,5
6371,0,5
6372,0,5
6373,1,2
6374,0,5
6375,1,2
6376,1,2
6377,2,2
6378,0,5
6379,1,5
6380,0,5
6381,0,5
6382,1,5
6383,0,5
6384,2,2
6385,4,1
6386,1,5
6387,1,2
6388,2,2
6389,0,5
6390,1,5
6391,2,4
6392,2,2
6393,5,3
6394,3,0
6395,0,5
6396,4,5
6397,0,5
6398,6,5
6399,1,5
6400,0,5
6401,5,3
6402,1,5
6403,2,2
6404,1,4
6405,2,4
6406,2,2
6407,4,1
6408,0,5
6409,0,5
6410,2,4
6411,1,5
6412,0,5
6413,0,5
6414,0,5
6415,2,4
6416,0,5
6417,1,5
6418,0,5
6419,4,5
6420,1,4
6421,5,5
6422,0,5
6423,1,5
6424,2,4
6425,0,5
6426,2,2
6427,1,5
6428,0,5
6429,0,5
6430,3,0
6431,0,4
6432,0,5
6433,1,5
6434,0,5
6435,2,2
6436,1,5
6437,0,5
6438,1,5
6439,0,5
6440,2,4
6441,0,5
6442,1,5
6443,1,5
6444,0,5
6445,3,0
6446,2,5
6447,2,2
6448,2,4
6449,2,5
6450,0,5
6451,0,5
6452,1,5
6453,2,4
6454,1,5
6455,2,2
6456,6,2
6457,0,5
6458,0,5
6459,6,6
6460,1,5
6461,1,5
6462,1,5
6463,1,5
6464,3,5
6465,1,5
6466,0,5
6467,0,5
6468,2,5
6469,2,5
6470,2,2
6471,2,2
6472,3,0
6473,4,1
6474,0,5
6475,2,5
6476,1,5
6477,1,5
6478,1,2
6479,0,5
6480,5,2
6481,4,1
6482,1,5
6483,1,5
6484,0,5
6485,1,5
6486,1,5
6487,3,0
6488,0,5
6489,2,4
6490,0,5
6491,1,5
6492,3,5
6493,2,2
6494,0,5
6495,0,5
6496,0,5
6497,0,5
6498,1,5
6499,1,5
6500,2,5
6501,0,5
6502,2,5
6503,2,4
6504,0,5
6505,1,5
6506,0,5
6507,1,2
6508,2,2
6509,0,5
6510,1,5
6511,1,5
6512,0,5
6513,2,4
6514,0,5
6515,0,5
6516,1,5
6517,0,5
6518,0,4
6519,1,5
6520,3,0
6521,2,5
6522,1,5
6523,1,4
6524,1,5
6525,0,5
6526,6,2
6527,2,4
6528,0,5
6529,3,5
6530,0,5
6531,4,1
6532,4,1
6533,0,5
6534,0,5
6535,0,5
6536,1,4
6537,2,2
6538,0,5
6539,0,5
6540,1,5
6541,2,2
6542,0,5
6543,1,5
6544,0,5
6545,3,0
6546,1,5
6547,3,0
6548,2,5
6549,0,5
6550,0,5
6551,0,5
6552,1,5
6553,1,5
6554,0,2
6555,2,4
6556,6,2
6557,0,5
6558,0,5
6559,3,0
6560,1,5
6561,2,4
6562,2,5
6563,2,4
6564,4,5
6565,1,5
6566,0,5
6567,0,5
6568,1,5
6569,1,5
6570,2,2
6571,1,5
6572,0,5
6573,2,4
6574,3,0
6575,5,5
6576,1,5
6577,0,5
6578,0,5
6579,2,5
6580,1,5
6581,3,0
6582,2,2
6583,0,5
6584,1,5
6585,1,5
6586,0,5
6587,2,2
6588,1,5
6589,0,5
6590,1,5
6591,2,5
6592,0,5
6593,2,4
6594,0,5
6595,1,5
6596,1,2
6597,6,6
6598,0,5
6599,2,2
6600,0,5
6601,2,4
6602,0,5
6603,0,5
6604,2,5
6605,2,4
6606,6,6
6607,2,5
6608,0,5
6609,2,2
6610,0,5
6611,0,5
6612,0,5
6613,2,5
6614,2,4
6615,0,4
6616,1,5
6617,2,5
6618,2,4
6619,1,5
6620,1,5
6621,0,5
6622,0,5
6623,2,2
6624,0,5
6625,2,4
6626,0,5
6627,1,5
6628,0,5
6629,1,5
6630,4,1
6631,4,1
6632,1,2
6633,1,5
6634,4,5
6635,1,5
6636,3,5
6637,1,5
6638,1,5
6639,1,5
6640,5,3
6641,1,5
6642,3,0
6643,1,2
6644,0,5
6645,2,4
6646,4,1
6647,0,5
6648,1,5
6649,2,2
6650,1,5
6651,2,2
6652,3,0
6653,0,5
6654,3,0
6655,1,5
6656,0,5
6657,2,4
6658,0,5
6659,0,5
6660,6,6
6661,0,5
6662,2,4
6663,1,4
6664,2,2
6665,0,5
6666,0,5
6667,0,5
6668,0,5
6669,2,5
6670,0,5
6671,1,5
6672,6,6
6673,0,5
6674,1,5
6675,0,5
6676,0,5
6677,1,2
6678,2,2
6679,0,5
6680,2,4
6681,1,5
6682,2,5
6683,0,5
6684,6,2
6685,1,5
6686,1,5
6687,0,5
6688,0,5
6689,0,5
6690,2,5
6691,2,2
6692,3,0
6693,0,5
6694,1,2
6695,1,5
6696,0,5
6697,1,5
6698,0,5
6699,1,5
6700,0,5
6701,1,5
6702,0,5
6703,0,5
6704,4,5
6705,1,5
6706,0,5
6707,0,5
6708,1,5
6709,1,5
6710,0,5
6711,0,5
6712,6,6
6713,1,5
6714,2,2
6715,0,5
6716,5,2
6717,3,0
6718,2,4
6719,4,1
6720,2,5
6721,3,0
6722,0,5
6723,2,2
6724,3,5
6725,0,5
6726,0,5
6727,1,5
6728,1,5
6729,2,2
6730,1,5
6731,6,6
6732,1,5
6733,1,5
6734,2,5
6735,4,1
6736,1,4
6737,2,4
6738,1,5
6739,1,5
6740,0,5
6741,2,2
6742,1,5
6743,1,5
6744,0,5
6745,1,5
6746,0,5
6747,1,5
6748,0,5
6749,1,5
6750,2,2
6751,0,5
6752,6,6
6753,0,5
6754,0,5
6755,2,2
6756,2,5
6757,0,5
6758,0,5
6759,0,5
6760,2,2
6761,1,5
6762,0,5
6763,2,2
6764,0,5
6765,1,4
6766,1,5
6767,0,5
6768,2,2
6769,0,5
6770,5,5
6771,4,1
6772,1,5
6773,0,5
6774,4,5
6775,2,4
6776,1,5
6777,1,5
6778,0,5
6779,1,5
6780,1,5
6781,2,2
6782,0,5
6783,1,5
6784,2,2
6785,0,5
6786,1,5
6787,0,5
6788,0,5
6789,0,5
6790,0,5
6791,1,5
6792,0,5
6793,1,4
6794,1,2
6795,0,5
6796,1,5
6797,4,1
6798,1,5
6799,0,5
6800,0,5
6801,0,5
6802,1,5
6803,0,5
6804,1,5
6805,1,5
6806,2,2
6807,1,5
6808,0,5
6809,0,5
6810,1,5
6811,0,5
6812,1,5
6813,0,5
6814,1,4
6815,0,4
6816,2,4
6817,0,5
6818,0,5
6819,2,2
6820,3,0
6821,0,5
6822,1,5
6823,0,5
6824,1,4
6825,2,4
6826,0,5
6827,3,0
6828,0,5
6829,1,5
6830,0,5
6831,0,5
6832,0,5
6833,1,5
6834,1,5
6835,0,5
6836,1,5
6837,1,5
6838,0,5
6839,1,4
6840,0,5
6841,1,5
6842,0,5
6843,1,5
6844,0,5
6845,4,1
6846,0,5
6847,4,1
6848,2,5
6849,1,5
6850,0,5
6851,1,5
6852,0,5
6853,3,5
6854,0,5
6855,1,5
6856,4,5
6857,1,5
6858,1,5
6859,2,4
6860,6,2
6861,0,5
6862,1,5
6863,0,5
6864,2,4
6865,5,2
6866,2,4
6867,2,2
6868,0,5
6869,4,1
6870,3,0
6871,1,5
6872,1,5
6873,5,2
6874,4,1
6875,1,5
6876,2,2
6877,0,5
6878,0,5
6879,4,5
6880,0,5
6881,0,5
6882,0,5
6883,4,1
6884,0,5
6885,1,5
6886,0,5
6887,4,5
6888,1,5
6889,2,4
6890,2,4
6891,1,5
6892,0,5
6893,4,1
6894,5,5
6895,1,5
6896,0,5
6897,2,2
6898,1,4
6899,0,5
6900,1,5
6901,1,4
6902,6,6
6903,3,5
6904,2,4
6905,1,5
6906,2,2
6907,2,2
6908,2,5
6909,2,4
6910,0,5
6911,1,5
6912,3,0
6913,1,5
6914,2,4
6915,0,5
6916,2,4
6917,3,0
6918,0,5
6919,2,2
6920,0,5
6921,2,5
6922,2,5
6923,1,5
6924,1,5
6925,1,2
6926,0,5
6927,1,2
6928,0,5
6929,2,4
6930,1,5
6931,0,5
6932,0,5
6933,4,5
6934,0,5
6935,1,5
6936,2,2
6937,2,5
6938,1,5
6939,0,5
6940,5,2
6941,0,5
6942,2,4
6943,2,4
6944,3,0
6945,3,5
6946,1,5
6947,1,5
6948,2,5
6949,5,3
6950,1,2
6951,2,4
6952,1,5
6953,1,5
6954,4,1
6955,2,4
6956,4,5
6957,3,0
6958,1,5
6959,2,5
6960,0,5
6961,1,5
6962,1,5
6963,1,5
6964,2,5
6965,0,5
6966,0,5
6967,1,4
6968,2,4
6969,2,2
6970,1,5
6971,1,5
6972,2,2
6973,0,5
6974,4,1
6975,0,5
6976,1,2
6977,0,2
6978,0,5
6979,0,5
6980,0,5
6981,1,5
6982,2,5
6983,2,5
6984,2,4
6985,1,5
6986,1,5
6987,1,4
6988,6,5
6989,2,4
6990,0,5
6991,1,5
6992,0,5
6993,0,5
6994,0,5
6995,1,2
6996,4,1
6997,0,5
6998,0,5
6999,1,2
7000,4,1
7001,1,2
7002,0,5
7003,0,5
7004,2,2
7005,0,5
7006,0,5
