round,accuracy,balanced_accuracy,macro_f1,worst_class_f1,worst_class_recall,f1_actinic_keratoses_an,recall_actinic_keratoses_an,f1_basal_cell_carcinoma,recall_basal_cell_carcinoma,f1_benign_keratosis-lik,recall_benign_keratosis-lik,f1_dermatofibroma,recall_dermatofibroma,f1_melanoma,recall_melanoma,f1_melanocytic_nevi,recall_melanocytic_nevi,f1_vascular_lesions,recall_vascular_lesions,loss,train_loss_weighted,train_loss_unweighted
0,0.1106679960119641,0.14285714285714285,0.028468838163631698,0.0,0.0,0.0,0.0,0.0,0.0,0.0,0.0,0.0,0.0,0.1992818671454219,1.0,0.0,0.0,0.0,0.0,1.9143925685350107,,
1,0.6989032901296112,0.1915903768362785,0.17754177951222289,0.0,0.0,0.0,0.0,0.0,0.0,0.4126984126984127,0.35454545454545455,0.0,0.0,0.0,0.0,0.8300940438871474,0.9865871833084948,0.0,0.0,1.1952726063676038,0.5133819765777338,0.6110810101549689
2,0.6610169491525424,0.19434640090377794,0.17119441827185522,0.0,0.0,0.0,0.0,0.0,0.0,0.3764705882352941,0.43636363636363634,0.0,0.0,0.017699115044247787,0.009009009009009009,0.8041912246234446,0.9150521609538003,0.0,0.0,1.2126028953734804,0.5156383358902475,0.8360075836987656
3,0.7248255234297108,0.26711778842926387,0.25651043749260144,0.0,0.0,0.0,0.0,0.0,0.0,0.46956521739130436,0.4909090909090909,0.0,0.0,0.4672897196261682,0.45045045045045046,0.8587181254307374,0.9284649776453056,0.0,0.0,1.1774690983777982,0.5130568913666756,1.08660348424467
4,0.7387836490528414,0.266946316126644,0.26099213192709125,0.0,0.0,0.0,0.0,0.0,0.0,0.49382716049382713,0.5454545454545454,0.0,0.0,0.4659090909090909,0.36936936936936937,0.8672086720867209,0.9538002980625931,0.0,0.0,0.9990132029130238,0.45816574239177227,1.4211833597940662
5,0.7048853439680958,0.2810609417166794,0.25078170222749907,0.0,0.0,0.0,0.0,0.0,0.0,0.4298245614035088,0.44545454545454544,0.0,0.0,0.46006389776357826,0.6486486486486487,0.8655834564254062,0.8733233979135618,0.0,0.0,1.4661313266839724,0.31691931229122977,1.2044576930177349
6,0.6889332003988036,0.1977499534876584,0.19313550208333072,0.0,0.0,0.0,0.0,0.0,0.0,0.1780821917808219,0.11818181818181818,0.0,0.0,0.3434343434343434,0.3063063063063063,0.8304319793681496,0.9597615499254843,0.0,0.0,1.0690507766969897,0.21969497368388874,0.8145640346044669
7,0.674975074775673,0.27305218780628615,0.22810504180236796,0.0,0.0,0.0,0.0,0.0,0.0,0.4413145539906103,0.8545454545454545,0.0,0.0,0.2976190476190476,0.22522522522522523,0.8578016910069177,0.8315946348733234,0.0,0.0,1.62762330072827,0.2966731947886498,0.3884468195727161
8,0.715852442671984,0.21580479777201086,0.19831883439070316,0.0,0.0,0.0,0.0,0.0,0.0,0.48672566371681414,0.5,0.0,0.0,0.05263157894736842,0.02702702702702703,0.8488745980707395,0.9836065573770492,0.0,0.0,2.123550379026685,0.17820392596097825,1.1417127616584135
9,0.732801595214357,0.29803228819622263,0.2697011034516249,0.0,0.0,0.0,0.0,0.0,0.0,0.5106382978723404,0.6545454545454545,0.0,0.0,0.5,0.5315315315315315,0.8772694262890341,0.9001490312965723,0.0,0.0,2.026375115214887,0.11866557414126062,1.25353778883912
10,0.0518444666001994,0.14285714285714285,0.014082599864590387,0.0,0.0,0.0,0.0,0.0985781990521327,1.0,0.0,0.0,0.0,0.0,0.0,0.0,0.0,0.0,0.0,0.0,6.942803767956384,0.8959925781440321,1.3531043252698145
11,0.7168494516450648,0.21269010121469137,0.21082852592530782,0.0,0.0,0.0,0.0,0.0,0.0,0.4946236559139785,0.41818181818181815,0.0,0.0,0.14173228346456693,0.08108108108108109,0.8394437420986094,0.9895678092399404,0.0,0.0,1.576711097600334,0.20433887985783855,0.5086468511157521
12,0.715852442671984,0.2761649663289008,0.2511530272355742,0.0,0.0,0.0,0.0,0.0,0.0,0.4882943143812709,0.6636363636363637,0.0,0.0,0.4019607843137255,0.36936936936936937,0.867816091954023,0.9001490312965723,0.0,0.0,1.457509615366623,0.14806148031541497,1.2235530875116225
13,0.7278165503489531,0.2645692957168367,0.25548164440116444,0.0,0.0,0.0,0.0,0.0,0.0,0.4851063829787234,0.5181818181818182,0.0,0.0,0.44221105527638194,0.3963963963963964,0.8610540725530459,0.9374068554396423,0.0,0.0,1.4712094359716414,0.2260664872643808,1.7452281872313447
14,0.7318045862412762,0.264381903726166,0.25459783623318316,0.0,0.0,0.0,0.0,0.0,0.0,0.49382716049382713,0.5454545454545454,0.0,0.0,0.42105263157894735,0.36036036036036034,0.8673050615595075,0.9448584202682563,0.0,0.0,1.766285508128249,0.1016969498285074,1.3548857622939767
15,0.7248255234297108,0.27275738587213993,0.25095537058923784,0.0,0.0,0.0,0.0,0.0,0.0,0.5150501672240803,0.7,0.0,0.0,0.3742690058479532,0.2882882882882883,0.8673684210526316,0.9210134128166915,0.0,0.0,1.459995351902628,0.14392725632322625,1.0553887756027591
16,0.7387836490528414,0.2884751048685475,0.269936496317475,0.0,0.0,0.0,0.0,0.0,0.0,0.540084388185654,0.5818181818181818,0.0,0.0,0.475,0.5135135135135135,0.8744710860366713,0.9239940387481371,0.0,0.0,1.6760549390779536,0.10665093763791977,0.997251262865537
17,0.7387836490528414,0.28203050826001647,0.26681693345599483,0.0,0.0,0.0,0.0,0.0,0.0,0.5245901639344263,0.5818181818181818,0.0,0.0,0.4700460829493088,0.4594594594594595,0.8730822873082287,0.9329359165424739,0.0,0.0,1.7151899893999338,0.08308519696500713,1.1264722624883903
18,0.5314057826520439,0.192272046370407,0.20912354041182502,0.0,0.0,0.0,0.0,0.0,0.0,0.38372093023255816,0.3,0.0,0.0,0.39408866995073893,0.36036036036036034,0.686055182699478,0.6855439642324889,0.0,0.0,1.5268469306074848,0.19877964847166618,0.7910244299942446
19,0.748753738783649,0.2841244267473776,0.2735079633475356,0.0,0.0,0.0,0.0,0.0,0.0,0.5520361990950227,0.5545454545454546,0.0,0.0,0.4864864864864865,0.4864864864864865,0.8760330578512396,0.9478390461997019,0.0,0.0,1.785776067469436,0.06628514944730625,0.48352985625664135
20,0.7397806580259222,0.2735570145406211,0.26577478028107077,0.0,0.0,0.0,0.0,0.0,0.0,0.5185185185185185,0.509090909090909,0.0,0.0,0.4744186046511628,0.4594594594594595,0.8674863387978142,0.9463487332339792,0.0,0.0,1.6470953735967695,0.06135783251024714,0.42250028857048455
21,0.7337986041874377,0.27564230187181005,0.2620169459394586,0.0,0.0,0.0,0.0,0.0,0.0,0.5190839694656488,0.6181818181818182,0.0,0.0,0.44919786096256686,0.3783783783783784,0.8658367911479945,0.9329359165424739,0.0,0.0,1.485742508592539,0.09788769301033218,0.5814020181362196
22,0.7407776669990029,0.25987682381125005,0.2559392941283748,0.0,0.0,0.0,0.0,0.0,0.0,0.5535714285714286,0.5636363636363636,0.0,0.0,0.37209302325581395,0.2882882882882883,0.8659106070713809,0.9672131147540983,0.0,0.0,2.050613100008142,0.07222064035541213,1.2055805052594728
23,0.7357926221335992,0.28682079993555404,0.2679443386616659,0.0,0.0,0.0,0.0,0.0,0.0,0.5307692307692308,0.6272727272727273,0.0,0.0,0.4744186046511628,0.4594594594594595,0.8704225352112676,0.9210134128166915,0.0,0.0,1.770026677627031,0.05234197945539414,0.41404181610029045
24,0.7318045862412762,0.27307999930950755,0.25847206208794826,0.0,0.0,0.0,0.0,0.0,0.0,0.5307692307692308,0.6272727272727273,0.0,0.0,0.4126984126984127,0.35135135135135137,0.8658367911479945,0.9329359165424739,0.0,0.0,1.6899807517335992,0.09229655747429423,1.0199448125969846
25,0.7457627118644068,0.29324621619703584,0.27587845345476353,0.0,0.0,0.0,0.0,0.0,0.0,0.552,0.6272727272727273,0.0,0.0,0.5045871559633027,0.4954954954954955,0.8745620182200421,0.9299552906110283,0.0,0.0,1.7280260725011853,0.081835713003541,0.9352613233449022
26,0.7308075772681955,0.2782726946661373,0.2602707860533314,0.0,0.0,0.0,0.0,0.0,0.0,0.5179856115107914,0.6545454545454545,0.0,0.0,0.43617021276595747,0.36936936936936937,0.867739678096571,0.9239940387481371,0.0,0.0,1.845234160171311,0.08132700877273338,1.2331657771959752
27,0.7148554336989033,0.26716036879971305,0.25398006394798367,0.0,0.0,0.0,0.0,0.0,0.0,0.4933920704845815,0.509090909090909,0.0,0.0,0.4329004329004329,0.45045045045045046,0.8515679442508711,0.910581222056632,0.0,0.0,1.345172967535192,0.16967644803828416,1.2409610081455666
28,0.7377866400797607,0.28394240525388065,0.26815889038111257,0.0,0.0,0.0,0.0,0.0,0.0,0.5102880658436214,0.5636363636363636,0.0,0.0,0.4954954954954955,0.4954954954954955,0.8713286713286713,0.9284649776453056,0.0,0.0,2.0535214986069015,0.05425550104606663,0.8650557175108318
29,0.7228315054835494,0.262477487067651,0.2522819371403169,0.0,0.0,0.0,0.0,0.0,0.0,0.5083333333333333,0.5545454545454546,0.0,0.0,0.4020618556701031,0.35135135135135137,0.8555783709787816,0.9314456035767511,0.0,0.0,1.5443245237869612,0.09129735992799995,0.979646412174004
30,0.054835493519441676,0.22996051567480139,0.039382343148857024,0.0,0.0,0.10420168067226891,0.9393939393939394,0.13245033112582782,0.38461538461538464,0.0,0.0,0.0,0.0,0.0,0.0,0.0,0.0,0.03902439024390244,0.2857142857142857,16.757392259561648,1.1006253201906167,1.4948795348483448
31,0.7387836490528414,0.28423720718802686,0.2674358771721855,0.0,0.0,0.0,0.0,0.0,0.0,0.5287356321839081,0.6272727272727273,0.0,0.0,0.47058823529411764,0.43243243243243246,0.8727272727272727,0.9299552906110283,0.0,0.0,1.6941155409171123,0.08576378216350979,0.3552899747812597
32,0.7248255234297108,0.24771379853347067,0.2451831450283463,0.0,0.0,0.0,0.0,0.0,0.0,0.45933014354066987,0.43636363636363634,0.0,0.0,0.4,0.34234234234234234,0.856951871657754,0.9552906110283159,0.0,0.0,1.4188711845268638,0.3053138556031616,1.9906044610904854
33,0.7318045862412762,0.2706861001942969,0.2613632466454721,0.0,0.0,0.0,0.0,0.0,0.0,0.46153846153846156,0.43636363636363634,0.0,0.0,0.5065502183406113,0.5225225225225225,0.8614540466392319,0.9359165424739195,0.0,0.0,1.43858153869956,0.19744535208518343,1.6375733714433003
34,0.7298105682951147,0.2831962897536668,0.26473409151646526,0.0,0.0,0.0,0.0,0.0,0.0,0.5,0.4727272727272727,0.0,0.0,0.4852941176470588,0.5945945945945946,0.8678445229681979,0.9150521609538003,0.0,0.0,1.5375535456038425,0.16713778569251964,1.1948346598789914
35,0.7138584247258225,0.27467676320135337,0.2508769715696731,0.0,0.0,0.0,0.0,0.0,0.0,0.5,0.6727272727272727,0.0,0.0,0.39593908629441626,0.35135135135135137,0.8601997146932953,0.8986587183308494,0.0,0.0,1.450608275110201,0.1580901864766348,1.1895886279985266
36,0.7308075772681955,0.26623530066153017,0.2578404885038502,0.0,0.0,0.0,0.0,0.0,0.0,0.49765258215962443,0.4818181818181818,0.0,0.0,0.4434389140271493,0.44144144144144143,0.863791923340178,0.940387481371088,0.0,0.0,1.4364571369300454,0.14555774219926038,1.155397411110132
37,0.0518444666001994,0.14285714285714285,0.014109347442680775,0.0,0.0,0.0,0.0,0.09876543209876543,1.0,0.0,0.0,0.0,0.0,0.0,0.0,0.0,0.0,0.0,0.0,22.05300787510211,0.8162474292715797,1.2950707834167408
38,0.7357926221335992,0.29203919695722974,0.2709768871710371,0.0,0.0,0.0,0.0,0.0,0.0,0.5,0.509090909090909,0.0,0.0,0.5267175572519084,0.6216216216216216,0.8701206529453513,0.9135618479880775,0.0,0.0,1.7384378330063368,0.1253306336597421,0.5226845413214385
39,0.7258225324027916,0.2717908881843308,0.2545065618377035,0.0,0.0,0.0,0.0,0.0,0.0,0.4927536231884058,0.6181818181818182,0.0,0.0,0.42105263157894735,0.36036036036036034,0.867739678096571,0.9239940387481371,0.0,0.0,1.7375563251175885,0.13601315535702954,2.1740327898084715
40,0.7278165503489531,0.29473767998358164,0.2677708850923973,0.0,0.0,0.0,0.0,0.0,0.0,0.5098039215686274,0.5909090909090909,0.0,0.0,0.4942084942084942,0.5765765765765766,0.8703837798696596,0.8956780923994039,0.0,0.0,1.993582255818908,0.05418252577611119,1.8242305754261168
41,0.7387836490528414,0.2820188082483165,0.26544369176464483,0.0,0.0,0.0,0.0,0.0,0.0,0.5185185185185185,0.5727272727272728,0.0,0.0,0.4622222222222222,0.46846846846846846,0.877365101611773,0.9329359165424739,0.0,0.0,1.8124221265018878,0.13511232819599145,1.7303644925902752
42,0.7367896311066799,0.2751835079703932,0.26164139664764574,0.0,0.0,0.0,0.0,0.0,0.0,0.5301204819277109,0.6,0.0,0.0,0.43,0.38738738738738737,0.8713692946058091,0.9388971684053651,0.0,0.0,1.6654497211500037,0.3007976857271758,2.5806686256457203
43,0.7268195413758723,0.2676020921922561,0.25448693671889305,0.0,0.0,0.0,0.0,0.0,0.0,0.4978902953586498,0.5363636363636364,0.0,0.0,0.4166666666666667,0.40540540540540543,0.8668515950069348,0.9314456035767511,0.0,0.0,1.3051501951094044,0.2487581822163932,1.5292412059084977
44,0.7308075772681955,0.2727266973168613,0.25957729468599033,0.0,0.0,0.0,0.0,0.0,0.0,0.4956521739130435,0.5181818181818182,0.0,0.0,0.4533333333333333,0.4594594594594595,0.8680555555555556,0.9314456035767511,0.0,0.0,1.4376428367371337,0.16265311201667476,1.258372181880046
45,0.053838484546360914,0.16326530612244897,0.029076425192930046,0.0,0.0,0.0,0.0,0.10097087378640776,1.0,0.0,0.0,0.0,0.0,0.0,0.0,0.0,0.0,0.10256410256410256,0.14285714285714285,17.034041495052197,0.7646020627868583,1.3407561873968612
46,0.05284147557328016,0.15306122448979592,0.020858134920634923,0.0,0.0,0.0,0.0,0.1015625,1.0,0.0,0.0,0.0,0.0,0.0,0.0,0.0,0.0,0.044444444444444446,0.07142857142857142,20.044078882051963,0.5421955494711773,0.9187611242752366
47,0.04386839481555334,0.25510204081632654,0.028071443631215925,0.0,0.0,0.07885304659498207,1.0,0.0,0.0,0.0,0.0,0.0,0.0,0.0,0.0,0.0,0.0,0.11764705882352941,0.7857142857142857,12.007538694684076,0.7411137389860992,0.940132791182647
48,0.05682951146560319,0.19387755102040818,0.06191851138915624,0.0,0.0,0.0,0.0,0.10009624639076034,1.0,0.0,0.0,0.0,0.0,0.0,0.0,0.0,0.0,0.3333333333333333,0.35714285714285715,13.545899251403505,0.4693183107300323,0.6664654350201211
49,0.715852442671984,0.21656299689086575,0.22228158152893265,0.0,0.0,0.0,0.0,0.0,0.0,0.358974358974359,0.2545454545454545,0.0,0.0,0.35428571428571426,0.27927927927927926,0.8427109974424553,0.9821162444113264,0.0,0.0,1.7583288321585384,0.19116801112242002,0.49199097463710323
50,0.7168494516450648,0.29892225629930547,0.26465693553179714,0.0,0.0,0.0,0.0,0.0,0.0,0.5070422535211268,0.6545454545454545,0.0,0.0,0.4790874524714829,0.5675675675675675,0.8664688427299704,0.8703427719821163,0.0,0.0,1.57943020503994,0.10229128475256918,0.9634850942048047
51,0.7268195413758723,0.2881620816047045,0.26404465283494005,0.0,0.0,0.0,0.0,0.0,0.0,0.5294117647058824,0.6545454545454545,0.0,0.0,0.45132743362831856,0.4594594594594595,0.8675733715103794,0.9031296572280179,0.0,0.0,1.4378030728010214,0.09473384136620057,0.519426528297436
52,0.7397806580259222,0.29085960561370394,0.2710752392813001,0.0,0.0,0.0,0.0,0.0,0.0,0.5409836065573771,0.6,0.0,0.0,0.4810126582278481,0.5135135135135135,0.8755304101838756,0.9225037257824144,0.0,0.0,1.8198862033018681,0.03351857603441349,0.5835702217174663
53,0.6590229312063809,0.28352715074026547,0.23755923050366676,0.0,0.0,0.0,0.0,0.0,0.0,0.45430809399477806,0.7909090909090909,0.0,0.0,0.37815126050420167,0.40540540540540543,0.8304552590266876,0.7883755588673621,0.0,0.0,1.5519163599042807,0.18904689967669908,1.4884465178217332
54,0.7357926221335992,0.2846492010426437,0.26485107530974455,0.0,0.0,0.0,0.0,0.0,0.0,0.5296442687747036,0.6090909090909091,0.0,0.0,0.4473684210526316,0.4594594594594595,0.8769448373408769,0.9239940387481371,0.0,0.0,1.9308479512082497,0.030134285940189104,0.46445734527816035
55,0.6969092721834497,0.29111672554295503,0.2645548643184338,0.0,0.0,0.0,0.0,0.0625,0.038461538461538464,0.498220640569395,0.6363636363636364,0.0,0.0,0.44357976653696496,0.5135135135135135,0.8475836431226765,0.849478390461997,0.0,0.0,1.1209415533725666,0.20533699445611772,0.8300984902262512
56,0.7347956131605184,0.2898067963641734,0.26842226481265746,0.0,0.0,0.0,0.0,0.0,0.0,0.5254901960784314,0.6090909090909091,0.0,0.0,0.48068669527896996,0.5045045045045045,0.8727789623312011,0.9150521609538003,0.0,0.0,1.7505512986321035,0.05652792075677749,0.5911926334555337
57,0.7298105682951147,0.2736580949695704,0.2592425599296044,0.0,0.0,0.0,0.0,0.0,0.0,0.5101214574898786,0.5727272727272728,0.0,0.0,0.4380952380952381,0.4144144144144144,0.866481223922114,0.9284649776453056,0.0,0.0,1.9155392644412497,0.03953157338495102,0.5268964179696946
58,0.7288135593220338,0.2852602868996312,0.2635353979072476,0.0,0.0,0.0,0.0,0.0,0.0,0.504,0.5727272727272728,0.0,0.0,0.4691358024691358,0.5135135135135135,0.8716119828815977,0.910581222056632,0.0,0.0,2.030365905638112,0.05964797384633743,1.5118974792351907
59,0.6959122632103689,0.2937282699577782,0.2617576606578479,0.0,0.0,0.0,0.0,0.037037037037037035,0.019230769230769232,0.5073529411764706,0.6272727272727273,0.0,0.0,0.4421052631578947,0.5675675675675675,0.8458083832335329,0.842026825633383,0.0,0.0,1.298428034497163,0.19132719269267176,1.2151411941742145
60,0.7258225324027916,0.28784387964715835,0.2648615280241355,0.0,0.0,0.0,0.0,0.0,0.0,0.5185185185185185,0.5727272727272728,0.0,0.0,0.46875,0.5405405405405406,0.8667621776504298,0.9016393442622951,0.0,0.0,1.6521369098785035,0.10437636067331063,1.0345867861135112
61,0.6929212362911267,0.29893057024204567,0.2733381558029543,0.0,0.0,0.0,0.0,0.125,0.09615384615384616,0.4928571428571429,0.6272727272727273,0.0,0.0,0.44528301886792454,0.5315315315315315,0.8502269288956127,0.8375558867362146,0.0,0.0,1.3721173119806458,0.12716323232586155,1.0150278439699136
62,0.7337986041874377,0.2821219985154412,0.2621212063610339,0.0,0.0,0.0,0.0,0.0,0.0,0.5358490566037736,0.6454545454545455,0.0,0.0,0.42452830188679247,0.40540540540540543,0.8744710860366713,0.9239940387481371,0.0,0.0,1.7863100166929327,0.0563217741460676,0.5665521665556488
63,0.7298105682951147,0.29306208486536356,0.26739465376128024,0.0,0.0,0.0,0.0,0.0,0.0,0.5036496350364964,0.6272727272727273,0.0,0.0,0.49572649572649574,0.5225225225225225,0.8723864455659697,0.9016393442622951,0.0,0.0,1.654256050037601,0.06478081541350168,0.7765193420523685
64,0.7238285144566301,0.28633227649621096,0.2633175663530921,0.0,0.0,0.0,0.0,0.0,0.0,0.49206349206349204,0.5636363636363636,0.0,0.0,0.48582995951417,0.5405405405405406,0.8653295128939829,0.9001490312965723,0.0,0.0,1.577582271244091,0.1263746914889746,1.3161319479113256
65,0.7208374875373879,0.2899266735332309,0.26846609476179056,0.0,0.0,0.058823529411764705,0.030303030303030304,0.0,0.0,0.508833922261484,0.6545454545454545,0.0,0.0,0.44642857142857145,0.45045045045045046,0.8651766402307137,0.8941877794336811,0.0,0.0,1.3191918018213655,0.14595256369948256,0.8912958848531348
66,0.7298105682951147,0.28661748825683253,0.26458138811079984,0.0,0.0,0.0,0.0,0.0,0.0,0.5111111111111111,0.6272727272727273,0.0,0.0,0.47058823529411764,0.46846846846846846,0.8703703703703703,0.910581222056632,0.0,0.0,1.8683637353263847,0.05294730058535207,0.828653975209915
67,0.06181455633100698,0.24647971076542508,0.03659182492734262,0.0,0.0,0.05714285714285714,0.030303030303030304,0.13783783783783785,0.9807692307692307,0.0,0.0,0.0,0.0,0.0,0.0,0.0,0.0,0.06116207951070336,0.7142857142857143,12.090309297099546,1.505272834397692,1.759702167759339
68,0.7387836490528414,0.2711959138188646,0.26414292846864657,0.0,0.0,0.0,0.0,0.0,0.0,0.5067873303167421,0.509090909090909,0.0,0.0,0.47572815533980584,0.44144144144144143,0.8664850136239782,0.9478390461997019,0.0,0.0,1.5807761544601273,0.11657430270092474,0.6950470724520615
69,0.0518444666001994,0.14285714285714285,0.014082599864590387,0.0,0.0,0.0,0.0,0.0985781990521327,1.0,0.0,0.0,0.0,0.0,0.0,0.0,0.0,0.0,0.0,0.0,6.904963093051169,1.4549819992796247,2.1839313164042933
70,0.7318045862412762,0.2686783014651867,0.2572071020422685,0.0,0.0,0.0,0.0,0.0,0.0,0.5150214592274678,0.5454545454545454,0.0,0.0,0.41706161137440756,0.3963963963963964,0.8683666436940042,0.9388971684053651,0.0,0.0,1.4942127882186342,0.1403296921846784,0.7961940661086971
71,0.7318045862412762,0.27303319926270747,0.25886750709340106,0.0,0.0,0.0,0.0,0.0,0.0,0.5138339920948617,0.5909090909090909,0.0,0.0,0.43,0.38738738738738737,0.8682385575589459,0.9329359165424739,0.0,0.0,1.3911324155889266,0.22257354261831647,1.8477325207349733
72,0.7238285144566301,0.2691934855869282,0.2523785945801685,0.0,0.0,0.0,0.0,0.0,0.0,0.4981132075471698,0.6,0.0,0.0,0.4020100502512563,0.36036036036036034,0.8665269042627534,0.9239940387481371,0.0,0.0,1.3605220595955967,0.18657681827062045,1.4606719754844324
73,0.7377866400797607,0.28401260532408074,0.265719733221052,0.0,0.0,0.0,0.0,0.0,0.0,0.5074626865671642,0.6181818181818182,0.0,0.0,0.47572815533980584,0.44144144144144143,0.8768472906403941,0.9284649776453056,0.0,0.0,1.7985454071554563,0.038975465014683394,0.6547718745828468
74,0.7258225324027916,0.26640869099885495,0.2516343697434666,0.0,0.0,0.0,0.0,0.0,0.0,0.5134099616858238,0.6090909090909091,0.0,0.0,0.3829787234042553,0.32432432432432434,0.8650519031141869,0.9314456035767511,0.0,0.0,1.2916558816925003,0.22679789466429495,1.4698436199480736
75,0.7288135593220338,0.28137344120950675,0.2661129945658162,0.0,0.0,0.0,0.0,0.03773584905660377,0.019230769230769232,0.5058365758754864,0.5909090909090909,0.0,0.0,0.45161290322580644,0.44144144144144143,0.8676056338028169,0.9180327868852459,0.0,0.0,1.3915384539578515,0.17233903865048245,1.0962093644328204
76,0.7058823529411765,0.2951206156124189,0.2779839998843228,0.0,0.0,0.0,0.0,0.21487603305785125,0.25,0.5,0.6272727272727273,0.0,0.0,0.3617021276595745,0.3063063063063063,0.869309838472834,0.8822652757078987,0.0,0.0,1.2878193841023318,0.13874654800106145,0.7798996144704081
77,0.7278165503489531,0.29745244417375566,0.28690887098785894,0.0,0.0,0.0,0.0,0.18181818181818182,0.1346153846153846,0.5096525096525096,0.6,0.0,0.0,0.44144144144144143,0.44144144144144143,0.8754499640028798,0.9061102831594635,0.0,0.0,1.4206269290131086,0.1029299826083021,0.8121572866465472
78,0.7357926221335992,0.2836102016429885,0.2636237157654033,0.0,0.0,0.0,0.0,0.0,0.0,0.509090909090909,0.6363636363636364,0.0,0.0,0.4585365853658537,0.42342342342342343,0.8777385159010601,0.9254843517138599,0.0,0.0,1.8554657556242862,0.024761871912844444,0.4769976928272158
79,0.7278165503489531,0.28188358680161957,0.26076284998286287,0.0,0.0,0.0,0.0,0.0,0.0,0.4981684981684982,0.6181818181818182,0.0,0.0,0.4558139534883721,0.44144144144144143,0.8713574982231699,0.9135618479880775,0.0,0.0,1.6368554728337799,0.06870012413941567,0.791856248622176
80,0.7288135593220338,0.28031104178645166,0.2650080721578441,0.0,0.0,0.0,0.0,0.03571428571428571,0.019230769230769232,0.4943820224719101,0.6,0.0,0.0,0.45410628019323673,0.42342342342342343,0.8708539167254764,0.9195230998509687,0.0,0.0,1.5073379702487235,0.06186052578669343,0.35508901067088805
81,0.7288135593220338,0.2899662366875481,0.2685587490663085,0.0,0.0,0.0,0.0,0.037037037037037035,0.019230769230769232,0.49242424242424243,0.5909090909090909,0.0,0.0,0.475,0.5135135135135135,0.8754499640028798,0.9061102831594635,0.0,0.0,1.6932365540136487,0.058336393423648755,0.7256359421938436
82,0.7258225324027916,0.2843431859825302,0.26850336746440945,0.0,0.0,0.0,0.0,0.07272727272727272,0.038461538461538464,0.47794117647058826,0.5909090909090909,0.0,0.0,0.45662100456621,0.45045045045045046,0.8722341184867951,0.910581222056632,0.0,0.0,1.6349226791385638,0.05010117805080589,0.5730752676747889
83,0.6899302093718843,0.29661417448302696,0.2750833823183609,0.0,0.0,0.0,0.0,0.14173228346456693,0.17307692307692307,0.49640287769784175,0.6272727272727273,0.0,0.0,0.42857142857142855,0.43243243243243246,0.858877086494689,0.8435171385991058,0.0,0.0,1.5742528221067618,0.12249190562961908,1.036656087037461
84,0.7288135593220338,0.2788039902794001,0.260041235513485,0.0,0.0,0.0,0.0,0.0,0.0,0.49206349206349204,0.5636363636363636,0.0,0.0,0.45614035087719296,0.46846846846846846,0.8720848056537103,0.9195230998509687,0.0,0.0,1.941063635846078,0.021896489480013756,0.4476207617623772
85,0.7168494516450648,0.27728582892517323,0.27022292379580437,0.0,0.0,0.05405405405405406,0.030303030303030304,0.09090909090909091,0.057692307692307696,0.475177304964539,0.6090909090909091,0.0,0.0,0.4065934065934066,0.3333333333333333,0.86482661004954,0.910581222056632,0.0,0.0,1.4116139307335867,0.142743743731899,1.1924636788873375
86,0.7238285144566301,0.29285877318664205,0.26526370282037426,0.0,0.0,0.0,0.0,0.0,0.0,0.5073529411764706,0.6272727272727273,0.0,0.0,0.4796747967479675,0.5315315315315315,0.8698181818181818,0.8912071535022354,0.0,0.0,1.771497787768439,0.05098338694286355,0.39497270292663195
87,0.7288135593220338,0.2932236350269137,0.27061672669739906,0.0,0.0,0.0,0.0,0.03636363636363636,0.019230769230769232,0.5112781954887218,0.6181818181818182,0.0,0.0,0.4730290456431535,0.5135135135135135,0.8736462093862816,0.9016393442622951,0.0,0.0,1.7397785493407625,0.11647958507482566,1.1926527014615445
88,0.7288135593220338,0.30214624394952266,0.2946565054593547,0.0,0.0,0.1,0.06060606060606061,0.09230769230769231,0.057692307692307696,0.49193548387096775,0.5545454545454546,0.0,0.0,0.5084745762711864,0.5405405405405406,0.8698777857656362,0.9016393442622951,0.0,0.0,1.4982646934294392,0.11939676886923944,0.961288470545447
89,0.6939182452642074,0.3043361305656388,0.2858975813951495,0.0,0.0,0.046511627906976744,0.030303030303030304,0.13333333333333333,0.15384615384615385,0.48627450980392156,0.5636363636363636,0.0,0.0,0.47058823529411764,0.5405405405405406,0.864575363427697,0.842026825633383,0.0,0.0,1.6741737635993768,0.09909688899368133,0.8076226447094049
90,0.7347956131605184,0.28115550082763197,0.26437320472308723,0.0,0.0,0.0,0.0,0.0,0.0,0.4979919678714859,0.5636363636363636,0.0,0.0,0.4796380090497738,0.4774774774774775,0.8729824561403509,0.9269746646795827,0.0,0.0,1.9037008190440277,0.041794889909456116,0.5175087739339763
91,0.7288135593220338,0.284186187464876,0.26318644156244436,0.0,0.0,0.0,0.0,0.0,0.0,0.4883720930232558,0.5727272727272728,0.0,0.0,0.4827586206896552,0.5045045045045045,0.8711743772241993,0.9120715350223547,0.0,0.0,1.8103654957483202,0.05729616262474812,0.7836882913693083
92,0.711864406779661,0.2966175089125909,0.27902430270285633,0.0,0.0,0.05714285714285714,0.030303030303030304,0.0967741935483871,0.057692307692307696,0.4835164835164835,0.6,0.0,0.0,0.4505928853754941,0.5135135135135135,0.8651436993367723,0.8748137108792846,0.0,0.0,1.76919028076788,0.04476004042128607,0.4916222599690361
93,0.7248255234297108,0.29514979187110335,0.28835677931354514,0.0,0.0,0.05,0.030303030303030304,0.1518987341772152,0.11538461538461539,0.48854961832061067,0.5818181818181818,0.0,0.0,0.4507042253521127,0.43243243243243246,0.8773448773448773,0.9061102831594635,0.0,0.0,1.6177627919083934,0.04313419950058851,0.25493214674652265
94,0.6999002991026919,0.3170677498546351,0.3005598919581215,0.0,0.0,0.14084507042253522,0.15151515151515152,0.1348314606741573,0.11538461538461539,0.5,0.6090909090909091,0.0,0.0,0.46218487394957986,0.4954954954954955,0.8660578386605784,0.8479880774962743,0.0,0.0,1.706615135534216,0.09569391566330498,0.7585533934171866
95,0.7357926221335992,0.28929665077206057,0.27097725134300704,0.0,0.0,0.0,0.0,0.03773584905660377,0.019230769230769232,0.4980544747081712,0.5818181818181818,0.0,0.0,0.4827586206896552,0.5045045045045045,0.8782918149466192,0.9195230998509687,0.0,0.0,1.8734466646865737,0.01763666093567539,0.15600250746340333
96,0.7168494516450648,0.3002397690922281,0.2848516580956054,0.0,0.0,0.05555555555555555,0.030303030303030304,0.1095890410958904,0.07692307692307693,0.49097472924187724,0.6181818181818182,0.0,0.0,0.46808510638297873,0.4954954954954955,0.869757174392936,0.8807749627421758,0.0,0.0,1.7004202522285439,0.05090525961530248,0.40331388143129293
97,0.7318045862412762,0.2798405478733348,0.26656261832354167,0.0,0.0,0.0,0.0,0.03333333333333333,0.019230769230769232,0.49411764705882355,0.5727272727272728,0.0,0.0,0.46445497630331756,0.44144144144144143,0.8740323715693173,0.9254843517138599,0.0,0.0,1.7568249298354326,0.03419167509488476,0.38702920725964807
98,0.7318045862412762,0.29258454586323435,0.27755778319804475,0.0,0.0,0.05714285714285714,0.030303030303030304,0.03571428571428571,0.019230769230769232,0.4981132075471698,0.6,0.0,0.0,0.47577092511013214,0.4864864864864865,0.8761632068718683,0.9120715350223547,0.0,0.0,1.8335813758142687,0.043172121305215916,0.5019273191089055
99,0.7367896311066799,0.28823175790388905,0.2781395171998797,0.0,0.0,0.058823529411764705,0.030303030303030304,0.03636363636363636,0.019230769230769232,0.484375,0.5636363636363636,0.0,0.0,0.49074074074074076,0.4774774774774775,0.8766737138830162,0.9269746646795827,0.0,0.0,1.8311410753700812,0.045537104484656046,0.5657176700220391
100,0.7298105682951147,0.29536934045130764,0.27835472143241247,0.0,0.0,0.058823529411764705,0.030303030303030304,0.03636363636363636,0.019230769230769232,0.5038759689922481,0.5909090909090909,0.0,0.0,0.47540983606557374,0.5225225225225225,0.8740100791936645,0.9046199701937406,0.0,0.0,1.8579189656144481,0.0347122983414093,0.5854686701742243
101,0.7218344965104686,0.3029459579810868,0.29783806554074993,0.0,0.0,0.05,0.030303030303030304,0.06666666666666667,0.038461538461538464,0.4921875,0.5727272727272728,0.0,0.0,0.475,0.5135135135135135,0.8676789587852495,0.8941877794336811,0.13333333333333333,0.07142857142857142,1.7161724313068485,0.08925345480690138,0.936109332709977
102,0.7288135593220338,0.28740848576914146,0.2641759031532823,0.0,0.0,0.0,0.0,0.0,0.0,0.4864864864864865,0.5727272727272728,0.0,0.0,0.4896265560165975,0.5315315315315315,0.8731182795698925,0.9076005961251863,0.0,0.0,1.887662381498312,0.054920847078980234,0.5370727692975533
103,0.6161515453639083,0.31287781463425496,0.28935548624402907,0.0,0.0,0.03125,0.030303030303030304,0.11702127659574468,0.21153846153846154,0.5,0.5909090909090909,0.0,0.0,0.4555160142348754,0.5765765765765766,0.8040540540540541,0.7093889716840537,0.11764705882352941,0.07142857142857142,2.1818221343954205,0.10375961042736603,0.8010758578724134
104,0.7218344965104686,0.2804306755126427,0.2589042358051575,0.0,0.0,0.0,0.0,0.0,0.0,0.4732142857142857,0.4818181818181818,0.0,0.0,0.46886446886446886,0.5765765765765766,0.8702508960573476,0.9046199701937406,0.0,0.0,1.745948968594476,0.1047476099650353,0.5735988878729593
105,0.7268195413758723,0.2848110831717389,0.26263314561719564,0.0,0.0,0.0,0.0,0.0,0.0,0.48221343873517786,0.5545454545454546,0.0,0.0,0.48559670781893005,0.5315315315315315,0.8706218727662616,0.9076005961251863,0.0,0.0,1.9855253917507731,0.03918408677012197,0.6894991042423778
106,0.7178464606181456,0.2976068680986713,0.2774718922618491,0.0,0.0,0.08888888888888889,0.06060606060606061,0.0,0.0,0.4794007490636704,0.5818181818181818,0.0,0.0,0.5040650406504065,0.5585585585585585,0.8699485672299779,0.8822652757078987,0.0,0.0,1.685174490970486,0.11045031148357048,1.1808738831727825
107,0.7138584247258225,0.2851204621696425,0.2634032430170332,0.0,0.0,0.058823529411764705,0.030303030303030304,0.0,0.0,0.44755244755244755,0.5818181818181818,0.0,0.0,0.4661016949152542,0.4954954954954955,0.8713450292397661,0.8882265275707899,0.0,0.0,1.78391380110386,0.038942292965586,0.3914817262970024
108,0.7238285144566301,0.2799110799110799,0.2591565520290552,0.0,0.0,0.0,0.0,0.0,0.0,0.4794007490636704,0.5818181818181818,0.0,0.0,0.4663677130044843,0.46846846846846846,0.8683274021352313,0.9090909090909091,0.0,0.0,1.9430204818873915,0.021783629216000407,0.35124595234043887
109,0.7208374875373879,0.28035817380079675,0.2581333016338738,0.0,0.0,0.0,0.0,0.0,0.0,0.4744525547445255,0.5909090909090909,0.0,0.0,0.4642857142857143,0.46846846846846846,0.8681948424068768,0.9031296572280179,0.0,0.0,1.8113840484428976,0.058352640638432186,0.7771193488081558
110,0.7288135593220338,0.2820613886187657,0.26195529031869136,0.0,0.0,0.0,0.0,0.0,0.0,0.49429657794676807,0.5909090909090909,0.0,0.0,0.46846846846846846,0.46846846846846846,0.8709219858156029,0.9150521609538003,0.0,0.0,2.139689854111296,0.017187466955095727,0.6349457563587658
111,0.7238285144566301,0.26371768830785225,0.250816986266077,0.0,0.0,0.0,0.0,0.0,0.0,0.4672131147540984,0.5181818181818182,0.0,0.0,0.42105263157894735,0.3963963963963964,0.8674531575294934,0.9314456035767511,0.0,0.0,1.6586858819750465,0.05106926608502297,0.6004547708230532
112,0.707876370887338,0.29482529728431367,0.2716086520603057,0.0,0.0,0.0,0.0,0.0821917808219178,0.057692307692307696,0.4732824427480916,0.5636363636363636,0.0,0.0,0.48120300751879697,0.5765765765765766,0.8645833333333334,0.8658718330849479,0.0,0.0,1.7503225805752298,0.04930031207092693,0.3908766261877924
113,0.646061814556331,0.2982908287357936,0.28421128279763386,0.0,0.0,0.0,0.0,0.14035087719298245,0.23076923076923078,0.46332046332046334,0.5454545454545454,0.0,0.0,0.43037974683544306,0.4594594594594595,0.8304278922345484,0.7809239940387481,0.125,0.07142857142857142,1.772278464327781,0.09429998413762297,0.6230019074294455
114,0.7168494516450648,0.26973437137371564,0.2534613480321225,0.0,0.0,0.0,0.0,0.0,0.0,0.448,0.509090909090909,0.0,0.0,0.46017699115044247,0.46846846846846846,0.8660524450744153,0.910581222056632,0.0,0.0,1.9158261201436355,0.07372743519095594,0.6158438043999213
115,0.7168494516450648,0.28790736659589117,0.268179620009567,0.0,0.0,0.05555555555555555,0.030303030303030304,0.0,0.0,0.47761194029850745,0.5818181818181818,0.0,0.0,0.4769874476987448,0.5135135135135135,0.8671023965141612,0.8897168405365127,0.0,0.0,1.8660875272418067,0.03811442612530677,0.4429218734459238
116,0.5812562313060817,0.2901262492597387,0.2719081083990532,0.0,0.0,0.0759493670886076,0.09090909090909091,0.037267080745341616,0.057692307692307696,0.4444444444444444,0.5636363636363636,0.0,0.0,0.4444444444444444,0.5765765765765766,0.7679180887372014,0.6706408345752608,0.13333333333333333,0.07142857142857142,2.30982429080328,0.10057108514167346,0.3982475774819677
117,0.7148554336989033,0.30294266359840133,0.2855052569551027,0.0,0.0,0.05555555555555555,0.030303030303030304,0.09411764705882353,0.07692307692307693,0.47619047619047616,0.5454545454545454,0.0,0.0,0.5,0.5945945945945946,0.8726731198808637,0.8733233979135618,0.0,0.0,1.694185020203367,0.0635477661004696,0.5260225022298879
118,0.7347956131605184,0.27914770209852174,0.2578993336374902,0.0,0.0,0.0,0.0,0.0,0.0,0.5016949152542373,0.6727272727272727,0.0,0.0,0.42162162162162165,0.35135135135135137,0.8819787985865725,0.9299552906110283,0.0,0.0,1.651287397382742,0.05619502185633054,0.42957259362829364
119,0.7337986041874377,0.2841648972796514,0.26377444460807326,0.0,0.0,0.0,0.0,0.0,0.0,0.4979919678714859,0.5636363636363636,0.0,0.0,0.47058823529411764,0.5045045045045045,0.8778409090909091,0.9210134128166915,0.0,0.0,1.9884410436940216,0.0194595495091906,0.7113375889153252
120,0.5932203389830508,0.28982068736167094,0.2555665237660273,0.0,0.0,0.0,0.0,0.09326424870466321,0.17307692307692307,0.4669260700389105,0.5454545454545454,0.0,0.0,0.4472843450479233,0.6306306306306306,0.781491002570694,0.6795827123695977,0.0,0.0,2.1261095428989747,0.11928502721949859,1.0431583418665673
121,0.7068793619142573,0.29577085150855636,0.2771827058258483,0.0,0.0,0.0,0.0,0.12371134020618557,0.11538461538461539,0.4806201550387597,0.5636363636363636,0.0,0.0,0.46774193548387094,0.5225225225225225,0.8682055100521221,0.8688524590163934,0.0,0.0,1.6172224732481708,0.06559605713328968,0.5413883646660789
122,0.7347956131605184,0.2955751455751456,0.2735969254652407,0.0,0.0,0.0,0.0,0.037037037037037035,0.019230769230769232,0.5171102661596958,0.6181818181818182,0.0,0.0,0.48333333333333334,0.5225225225225225,0.8776978417266187,0.9090909090909091,0.0,0.0,1.9458505123229706,0.0389769392996314,0.42688137637150964
123,0.7138584247258225,0.2954357044520979,0.2662920764747159,0.0,0.0,0.0,0.0,0.03333333333333333,0.019230769230769232,0.4913494809688581,0.6454545454545455,0.0,0.0,0.4701195219123506,0.5315315315315315,0.8692421991084696,0.8718330849478391,0.0,0.0,1.9133000031544465,0.043537592832874505,0.527640203501257
124,0.5862412761714856,0.30381612606436964,0.28299219097860223,0.0,0.0,0.05063291139240506,0.06060606060606061,0.14035087719298245,0.3076923076923077,0.45569620253164556,0.4909090909090909,0.0,0.0,0.44357976653696496,0.5135135135135135,0.7795744680851063,0.6825633383010432,0.1111111111111111,0.07142857142857142,2.1773932507839184,0.08982527862155591,0.5660527001697033
125,0.6979062811565304,0.30679318466203714,0.28381152884948635,0.0,0.0,0.0,0.0,0.16216216216216217,0.17307692307692307,0.4777327935222672,0.5363636363636364,0.0,0.0,0.4852941176470588,0.5945945945945946,0.8614916286149162,0.8435171385991058,0.0,0.0,1.851459889920616,0.05814164610011122,0.467920102762929
126,0.7308075772681955,0.28563929055732334,0.2639929319499531,0.0,0.0,0.0,0.0,0.0,0.0,0.4796747967479675,0.5363636363636364,0.0,0.0,0.49193548387096775,0.5495495495495496,0.8763402430307362,0.9135618479880775,0.0,0.0,2.0591991715512035,0.026339705480524,0.4629936297863332
127,0.5423728813559322,0.28804015361392415,0.2507351396579125,0.0,0.0,0.0,0.0,0.11940298507462686,0.3076923076923077,0.463519313304721,0.4909090909090909,0.0,0.0,0.43870967741935485,0.6126126126126126,0.7335140018066847,0.6050670640834576,0.0,0.0,2.6937941827422245,0.07732747555093136,0.6537954908129712
128,0.7248255234297108,0.2908766761225778,0.2634988532451219,0.0,0.0,0.0,0.0,0.0,0.0,0.48872180451127817,0.5909090909090909,0.0,0.0,0.48031496062992124,0.5495495495495496,0.875455207574654,0.8956780923994039,0.0,0.0,1.8242480365015337,0.029238193089289474,0.26951490789934607
129,0.4865403788634098,0.28252635395492537,0.254532393414508,0.0,0.0,0.02631578947368421,0.030303030303030304,0.1218274111675127,0.46153846153846156,0.44642857142857145,0.45454545454545453,0.0,0.0,0.4144144144144144,0.4144144144144144,0.6958174904942965,0.5454545454545454,0.07692307692307693,0.07142857142857142,2.8204660229050624,0.07755627459093341,0.457514606638661
130,0.7268195413758723,0.2740700888241872,0.25757389369456474,0.0,0.0,0.0,0.0,0.0,0.0,0.47843137254901963,0.5545454545454546,0.0,0.0,0.4558139534883721,0.44144144144144143,0.8687719298245614,0.9225037257824144,0.0,0.0,1.9793449158920486,0.026376269361854315,0.3064939958701206
131,0.7248255234297108,0.29517307386159847,0.2651723937438223,0.0,0.0,0.0,0.0,0.0,0.0,0.48148148148148145,0.5909090909090909,0.0,0.0,0.5,0.5855855855855856,0.8747252747252747,0.8897168405365127,0.0,0.0,2.1339742816457243,0.01609006804967375,0.3070290612915624
132,0.6580259222333001,0.3055542596526203,0.2779443367886923,0.0,0.0,0.07792207792207792,0.09090909090909091,0.08421052631578947,0.07692307692307693,0.4870848708487085,0.6,0.0,0.0,0.4647887323943662,0.5945945945945946,0.8316041500399042,0.7764530551415797,0.0,0.0,2.0089191191217837,0.07300160882481588,0.7703534109935338
133,0.646061814556331,0.29478138904368417,0.27165678728951365,0.0,0.0,0.03571428571428571,0.030303030303030304,0.09271523178807947,0.1346153846153846,0.4918032786885246,0.5454545454545454,0.0,0.0,0.4513888888888889,0.5855855855855856,0.8299758259468171,0.767511177347243,0.0,0.0,2.1018133762469913,0.05664914397218179,0.4582408610318686
134,0.6081754735792622,0.2956587792653366,0.26746908514473694,0.0,0.0,0.0,0.0,0.1461187214611872,0.3076923076923077,0.4888888888888889,0.5,0.0,0.0,0.43727598566308246,0.5495495495495496,0.8,0.7123695976154992,0.0,0.0,2.246638268559191,0.0601070662780053,0.3915086145058247
135,0.7357926221335992,0.2856531004071988,0.2670502023398547,0.0,0.0,0.0,0.0,0.0,0.0,0.5020576131687243,0.5545454545454546,0.0,0.0,0.49361702127659574,0.5225225225225225,0.8736767819336627,0.9225037257824144,0.0,0.0,2.0646331196173593,0.009216871594960386,0.15117685196726696
136,0.6979062811565304,0.29614783385275184,0.2776570100063248,0.0,0.0,0.0425531914893617,0.030303030303030304,0.1111111111111111,0.07692307692307693,0.46715328467153283,0.5818181818181818,0.0,0.0,0.4645669291338583,0.5315315315315315,0.8582145536384096,0.8524590163934426,0.0,0.0,1.8651388484245521,0.03832911252073558,0.3127668913064846
137,0.05982053838484546,0.2261904761904762,0.05471080727678968,0.0,0.0,0.0,0.0,0.10743801652892562,1.0,0.0,0.0,0.125,0.08333333333333333,0.0,0.0,0.0,0.0,0.15053763440860216,0.5,37.58203860936113,0.3262588528247744,0.5270554217500466
138,0.7347956131605184,0.2736953048428458,0.25982821308757503,0.0,0.0,0.0,0.0,0.0,0.0,0.4908424908424908,0.6090909090909091,0.0,0.0,0.45555555555555555,0.36936936936936937,0.8723994452149791,0.9374068554396423,0.0,0.0,1.7175200342062344,0.12233076430369581,0.282307039746898
139,0.7308075772681955,0.2857796906977235,0.26488461070225705,0.0,0.0,0.0,0.0,0.0,0.0,0.5089605734767025,0.6454545454545455,0.0,0.0,0.47572815533980584,0.44144144144144143,0.8695035460992908,0.9135618479880775,0.0,0.0,1.9748865464629823,0.1242900756089176,2.2070655910160273
140,0.7238285144566301,0.26153438940324186,0.24971727571946997,0.0,0.0,0.0,0.0,0.0,0.0,0.43902439024390244,0.4909090909090909,0.0,0.0,0.4411764705882353,0.40540540540540543,0.8678200692041522,0.9344262295081968,0.0,0.0,1.4583421921801354,0.2613969282922197,2.138133431222667
141,0.7437686939182453,0.2863290158372126,0.269767775589348,0.0,0.0,0.0,0.0,0.0,0.0,0.5058365758754864,0.5909090909090909,0.0,0.0,0.5023696682464455,0.4774774774774775,0.8801681850035038,0.9359165424739195,0.0,0.0,1.779730480903405,0.07165154848144005,1.2709027410157243
142,0.7198404785643071,0.2866132685804817,0.26032022309729047,0.0,0.0,0.0,0.0,0.0,0.0,0.4652777777777778,0.6090909090909091,0.0,0.0,0.48695652173913045,0.5045045045045045,0.8700072621641249,0.8926974664679582,0.0,0.0,1.4964366564127882,0.19739088862832196,2.064672967782786
143,0.053838484546360914,0.1489808006201449,0.023664104411291843,0.0,0.0,0.009523809523809525,0.06060606060606061,0.15315315315315314,0.9807692307692307,0.0,0.0,0.0,0.0,0.0,0.0,0.0029717682020802376,0.0014903129657228018,0.0,0.0,14.26480002132275,0.8010439209029627,1.5437118707035915
144,0.7068793619142573,0.21552207945650567,0.2060663190978635,0.0,0.0,0.0,0.0,0.0,0.0,0.171875,0.1,0.0,0.0,0.4260869565217391,0.44144144144144143,0.8445022771633052,0.9672131147540983,0.0,0.0,1.40301672280845,0.1706717544784084,0.4969882010088479
145,0.7268195413758723,0.2654538933227458,0.251878039198045,0.0,0.0,0.0,0.0,0.0,0.0,0.4573643410852713,0.5363636363636364,0.0,0.0,0.43434343434343436,0.38738738738738737,0.8714384989576095,0.9344262295081968,0.0,0.0,1.6150352838388826,0.32331936464116545,1.938664650393843
146,0.7288135593220338,0.2799014897375553,0.2603806217623251,0.0,0.0,0.0,0.0,0.0,0.0,0.46715328467153283,0.5818181818181818,0.0,0.0,0.4811320754716981,0.4594594594594595,0.8743789921930447,0.9180327868852459,0.0,0.0,1.8204240639687534,0.10320969433047951,1.2391569534899713
147,0.711864406779661,0.28491005376251277,0.2569268583345747,0.0,0.0,0.0,0.0,0.0,0.0,0.4785714285714286,0.6090909090909091,0.0,0.0,0.45714285714285713,0.5045045045045045,0.8627737226277372,0.8807749627421758,0.0,0.0,1.741238393550618,0.1988427985355014,2.245971732799222
148,0.7198404785643071,0.27579037415102986,0.25626478311384476,0.0,0.0,0.0,0.0,0.0,0.0,0.45977011494252873,0.5454545454545454,0.0,0.0,0.4690265486725664,0.4774774774774775,0.8650568181818182,0.9076005961251863,0.0,0.0,1.9241243107606503,0.0770122456963178,1.023529487297681
149,0.7208374875373879,0.2781982749195864,0.2580305942877098,0.0,0.0,0.0,0.0,0.0,0.0,0.4740740740740741,0.5818181818181818,0.0,0.0,0.46788990825688076,0.4594594594594595,0.8642501776830135,0.9061102831594635,0.0,0.0,1.8547931960667832,0.08585918218200726,1.0316971937721344
150,0.7168494516450648,0.28591606296524336,0.2588766878849908,0.0,0.0,0.0,0.0,0.0,0.0,0.46616541353383456,0.5636363636363636,0.0,0.0,0.47843137254901963,0.5495495495495496,0.8675400291120815,0.8882265275707899,0.0,0.0,1.8495619620307018,0.06797803643961237,0.8532171575063163
