seed,round,a_eff,mean_tau,global_update_norm,straggler_share,dominating_cid,max_contribution_share,server_lr,max_amp,source
123,1,4297.282718287087,438.7282717282717,0.7221296899450173,0.2442919879354503,0,0.2442919879354503,0.3,2.9433443129276244,logged
123,2,4575.15280938075,466.51519908662766,0.6501202776546964,0.1021792674520769,2,0.2570280104757285,0.3,5.791270621770599,logged
123,3,4937.992034974814,502.7992007992008,0.6072249292660475,0.299459928020963,1,0.299459928020963,0.3,4.293905405388553,logged
123,4,4063.1900378537457,415.31811046096755,0.7166225250853033,0.434822263678956,4,0.434822263678956,0.3,6.660351552011986,logged
123,5,4720.3239673398275,481.0323961752532,0.5996626308930274,0.2955880874908024,5,0.2955880874908024,0.3,3.603300641237023,logged
123,6,4222.743108283081,431.2386185243328,0.7109238826123614,0.4234941110338926,5,0.4234941110338926,0.3,16.101801257960865,logged
123,7,4681.975468337965,477.1975167689453,0.6757638263006255,0.3872467149102335,2,0.3872467149102335,0.3,4.8770506083154945,logged
123,8,4946.846913284857,503.59954331382903,0.5760759755736348,0.1630114562337243,5,0.3131312315379609,0.3,35.623953952510796,logged
123,9,4578.889315061932,466.88054802340514,0.4964451342031731,0.0772684893346873,2,0.2945656334424602,0.3,13.049998069401704,logged
123,10,4573.368060649065,466.33680605109174,0.4572852070630848,0.2522840053061603,3,0.2522840053061603,0.3,2.755040998923085,logged
123,11,4352.732981307912,444.273298130441,0.416431697257534,0.2161105064587439,5,0.2161105064587439,0.3,2.1655387966467496,logged
123,12,5254.671043242473,534.4671043242472,0.4711897491210036,0.1789992211904102,5,0.1789992211904102,0.3,1.3975188944793806,logged
123,13,4188.923256637607,427.82146425003566,0.9036541065457172,0.3697299649502298,3,0.3816228648347134,0.3,15.972842305023148,logged
123,14,5032.621664050239,512.2621664050234,0.5347443180700302,0.2178387619791104,0,0.2178387619791104,0.3,1.8639339496482252,logged
123,15,4484.127301270246,457.4127301270158,0.4478321515342433,0.2106389152164387,2,0.2106389152164387,0.3,1.900053941215759,logged
123,16,4150.214955563819,424.01969459112314,0.6011547333313259,0.3679005368879194,1,0.3679005368879194,0.3,7.828659217265742,logged
123,17,4988.846867421754,507.8846867418296,0.4702268559657431,0.2302790013304919,3,0.2302790013304919,0.3,2.482013366849155,logged
123,18,4670.28542899495,476.02854288568574,0.4424708659074262,0.2278714050818875,3,0.2278714050818875,0.3,2.813424955726848,logged
123,19,4751.6697589527275,484.1669758812616,0.4544904690956042,0.2296344094405256,4,0.2296344094405256,0.3,2.8624516604945676,logged
123,20,4797.418519199724,488.7418295989725,0.5031345510669438,0.2887438498133449,5,0.2887438498133449,0.3,4.997303609476776,logged
123,21,4921.2801484994625,501.12801484230056,0.4616340662757728,0.034871866235372,5,0.1811115590264467,0.3,2.9468743390141854,logged
123,22,4986.093356175588,507.57371200228346,0.8701600201229901,0.5239914409611153,5,0.5239914409611153,0.3,19.01254284621197,logged
123,23,4495.48308834374,458.54830883402315,0.4888650816889751,0.220773961174572,4,0.220773961174572,0.3,2.2365587503951354,logged
123,24,4708.9581848198595,479.895818467247,0.4931862341272803,0.2145572249008465,5,0.2145572249008465,0.3,2.836721796572814,logged
123,25,5055.980547505755,514.5979734551163,0.4805118375535253,0.0843313909884147,2,0.196759129045285,0.3,6.399906807260685,logged
123,26,4395.571571324119,448.5571571285857,0.4298859400641649,0.1906013957455441,2,0.21361978142047,0.3,2.4833737687202513,logged
123,27,4184.529226693547,427.4511203082632,0.4828835618490055,0.3297222099714106,0,0.3297222099714106,0.3,7.893387126022218,logged
123,28,3579.564198119846,366.9212216355073,1.0801176675876096,0.5246943554320684,3,0.5246943554320684,0.3,13.64928669119835,logged
123,29,4643.160752383065,473.30769230769226,0.5717494255093265,0.207522891134384,6,0.207522891134384,0.3,13.23317396103103,logged
123,30,5670.392464678922,576.0392464678179,0.4770543184271496,0.0134259285358109,4,0.2184050638910322,0.3,2.68738979367686,logged
123,31,4007.922525300737,409.75567289853,1.7111605738834406,0.5620143520908175,4,0.5620143520908175,0.3,15.282665865491447,logged
123,32,4916.828885403773,500.68288854003134,0.7285016753221922,0.3049030659281307,3,0.3049030659281307,0.3,2.446183525049559,logged
123,33,3851.535612985364,394.1535607249893,0.5040675640628351,0.2275773719305658,3,0.2625924645923578,0.3,2.940103442060689,logged
123,34,5161.88166306122,525.1880976166691,0.5972254421152263,0.3724841251108221,1,0.3724841251108221,0.3,6.1450606548498135,logged
123,35,4660.771471867934,475.07706579135146,0.4255711288555993,0.0801181771461432,1,0.276165798998021,0.3,5.8996475143895015,logged
123,36,5534.673897531043,562.467389753104,0.3858587770942292,0.2019743634025679,4,0.2019743634025679,0.3,1.471987738705064,logged
123,37,4991.742543171116,508.1742543171115,0.3617392129222725,0.216291494944414,4,0.216291494944414,0.3,1.4638541182319986,logged
123,38,4282.803788707417,437.24475524475525,0.856582496585677,0.5725791913189122,5,0.5725791913189122,0.3,16.330819484931286,logged
123,39,4804.322447830563,489.4238618524332,0.5282017434536599,0.2642458209788246,6,0.2642458209788246,0.3,13.6924905484692,logged
123,40,4928.779241787543,501.8423005565862,1.2180598653533834,0.6518770839537382,5,0.6518770839537382,0.3,18.793997588902307,logged
123,41,3485.573638865197,357.50834879406307,2.105726298169323,0.5473001217890334,1,0.5473001217890334,0.3,15.600036571337382,logged
123,42,5039.494790923452,512.9494790923362,0.6218139354334514,0.3069322444001183,5,0.3069322444001183,0.3,2.135379148695876,logged
123,43,4427.853575134524,451.7853574996432,0.548728455387785,0.3204109002405642,3,0.3204109002405642,0.3,2.6673816703465736,logged
123,44,4823.552162238192,491.3552162123591,0.3732804625582496,0.0248626112455121,5,0.2285404539382931,0.3,2.8883545867898217,logged
123,45,4870.184322211311,496.0184101612673,0.5783543065471821,0.4923564042032989,2,0.4923564042032989,0.3,5.073101209494575,logged
123,46,3788.4768519292625,387.8467247038676,0.6342169877381342,0.3911075822843612,5,0.3911075822843612,0.3,6.210043696070115,logged
123,47,4209.562845766505,429.9210789210789,1.1339704801420536,0.6811571397990047,2,0.6811571397990047,0.3,16.051543413207447,logged
123,48,5268.359662476808,535.8341658341659,1.1005187622031634,0.5862600799792365,1,0.5862600799792365,0.3,9.937844876258213,logged
123,49,4908.2446180520665,499.8244612530326,0.4675014819817312,0.3730374183246531,2,0.3730374183246531,0.3,3.746751515774072,logged
123,50,4563.946053946143,465.3946053946054,0.3898807311735127,0.3220751101439906,4,0.3220751101439906,0.3,1.9338754465868944,logged
123,51,5074.823761162091,516.482374768089,0.3867698767656399,0.0547316131015408,4,0.4385050977611809,0.3,4.125872701217612,logged
123,52,4901.067503962794,499.1067503924646,0.3141068510502802,0.2295987153359852,1,0.2295987153359852,0.3,2.7689646910701993,logged
123,53,4214.0311925579335,430.4021692593122,0.6021852344922767,0.4299034718774324,3,0.4299034718774324,0.3,6.907609275495673,logged
123,54,5738.93249615181,582.8932496075354,0.22826940142113,0.0678196429328908,4,0.2347139537972548,0.3,3.4364865230037696,logged
123,55,4102.940137893283,419.29399172256313,0.3838461750282188,0.3707197802846196,2,0.3707197802846196,0.3,4.273889692655277,logged
123,56,4639.325117679851,472.9306407877836,0.8787739262834964,0.4299686818427338,0,0.4299686818427338,0.3,8.751280532042395,logged
123,57,4374.023146110908,446.4023119737405,0.4456913455846997,0.2012457207796324,5,0.3575109824638615,0.3,3.8034977572571296,logged
123,58,4301.14885674632,439.11488511488506,0.3949055927306699,0.3141332959413649,4,0.3141332959413649,0.3,3.283319649414678,logged
123,59,3339.367300905514,342.8895390323962,0.7429087251244535,0.4478658588234891,1,0.4478658588234891,0.3,14.945675351221276,logged
123,60,3922.922801655969,401.2450406736121,0.5516002570494537,0.4805986376832031,0,0.4805986376832031,0.3,17.557436884991663,logged
123,61,4264.417888778308,435.4061652633081,1.4571574962204874,0.7755637174298766,5,0.7755637174298766,0.3,16.260711950796292,logged
123,62,4399.746915587122,448.9275010703582,1.7370599477630044,0.7001478287658338,1,0.7001478287658338,0.3,19.69151132613395,logged
123,63,3930.888822451918,402.08619951477095,0.8389799072979428,0.2381203101054533,3,0.4803769665181914,0.3,7.414938585453196,logged
123,64,3755.118432667823,384.5117739403454,0.3962003630732135,0.267498700002764,0,0.267498700002764,0.3,4.470352487934333,logged
123,65,4719.210789348882,480.9210789210789,0.2934539590858305,0.3881157071698078,3,0.3881157071698078,0.3,2.8428980643580912,logged
123,66,4690.515199124813,478.0515199086628,0.3085662241032455,0.3080232815612076,0,0.3080232815612076,0.3,2.650008586660615,logged
123,67,4826.649752829106,491.66490652204936,0.4067224936172698,0.3893425663353383,0,0.3893425663353383,0.3,5.745977421973872,logged
123,68,5190.736412037987,528.0736406450693,0.427375571679861,0.5103463709800792,5,0.5103463709800792,0.3,3.9623941007865815,logged
123,69,3941.6711859604666,403.16711859569006,0.2867155195517858,0.2830083254513978,4,0.2830083254513978,0.3,1.9610304407547507,logged
123,70,4840.264031854256,492.9791636934494,1.0262363598135975,0.6839125831235122,0,0.6839125831235122,0.3,21.66309013526929,logged
123,71,4154.538381637521,424.4521193092622,0.9735756911679776,0.0929274358004632,4,0.5138115745291133,0.3,7.287564933656736,logged
123,72,4580.255264365315,467.02283430854857,0.6788646006110849,0.4266348913991682,1,0.4266348913991682,0.3,8.639855519949123,logged
123,73,4351.485376810715,444.14585414585406,0.7294166194714687,0.2794937384260734,2,0.4990264241863417,0.3,8.208320886680022,logged
123,74,5305.567289991097,539.5567289853004,0.3522712177489555,0.4451947700772299,3,0.4451947700772299,0.3,3.19612487178568,logged
123,75,4404.505494509043,449.45054945054943,0.2830388343547864,0.2870692558538534,4,0.2926945459131261,0.3,2.19129626590076,logged
123,76,4682.691894567224,477.26915941201656,0.3670215605921812,0.46573009962147,3,0.46573009962147,0.3,4.877796884540317,logged
123,77,4859.13657770801,494.91365777080057,0.2350144380704517,0.1987325987638603,0,0.2512968680138867,0.3,1.7930393275675218,logged
123,78,5956.95019266448,604.6950192664478,0.1822771571911327,0.0248522720132933,1,0.2325371888675809,0.3,1.6320411486751996,logged
123,79,4349.446622296672,443.94377051519905,0.5272514705853115,0.5848646308452714,5,0.5848646308452714,0.3,7.129581262831808,logged
123,80,4902.705251411499,499.2704438418724,0.3048526650798732,0.137205032800368,0,0.2560541921304485,0.3,6.205889523839282,logged
123,81,5328.315969752071,541.8315969744541,0.1755845853777134,0.032189146874496,2,0.2916984459735799,0.3,2.819214798693689,logged
123,82,4026.5124136898194,411.65034965034965,0.4979690570808932,0.4443554229832919,5,0.4443554229832919,0.3,6.600229857297122,logged
123,83,4913.325246185898,500.33252461823895,0.2568502112715385,0.3478235752740949,4,0.3478235752740949,0.3,2.4444404209610835,logged
123,84,4768.244612541316,485.8244612530326,0.2477908822291873,0.057637566005033,2,0.4004470452082125,0.3,2.522880747271718,logged
123,85,4190.019980161533,428.001998001998,0.3059020046630582,0.3364222685975743,3,0.3364222685975743,0.3,2.5241084204391813,logged
123,86,4342.8102967512,443.2801484230055,0.4123785925640835,0.5456070757753073,2,0.5456070757753073,0.3,7.118703046274212,logged
123,87,3255.798867903483,334.53175396032543,1.0695999980247357,0.4996184264527372,0,0.4996184264527372,0.3,14.571656395917984,logged
123,88,4866.1524191476565,495.6152419009562,0.5918811137650941,0.4232013250936902,3,0.4232013250936902,0.3,2.9314171184065745,logged
123,89,4080.4987658046266,417.0498073355216,0.3417396836657257,0.2891348307781671,3,0.3447613372224692,0.3,4.857707722621196,logged
123,90,3950.305080727401,404.02868560011416,0.4660142340108543,0.3613867626291874,1,0.3613867626291874,0.3,7.451563982195454,logged
123,91,4131.417257535644,422.05879834451264,1.2756031756639117,0.3041822080698048,4,0.564478475372252,0.3,18.490574862734388,logged
123,92,5524.15727130013,561.4157271300128,0.3594607918251153,0.251031589278832,1,0.251031589278832,0.3,1.5218064108264815,logged
123,93,4025.7332090030313,411.5724275724275,0.4203386982923333,0.4439428135008982,4,0.4439428135008982,0.3,6.5989525906429325,logged
123,94,4658.609961467196,474.8609961467104,0.2696562423292292,0.1247156685620054,2,0.3684676401525661,0.3,1.9739872718076696,logged
123,95,4364.935158034751,445.4578278863993,0.6040931202888362,0.6403942352516991,4,0.6403942352516991,0.3,16.643995766803336,logged
123,96,3798.4660665211904,388.84658198943913,0.6110695375209863,0.419348453720877,3,0.419348453720877,0.3,3.956729667994001,logged
123,97,4751.54132149078,484.15413158270303,0.3164958716848557,0.3845994689976262,5,0.3845994689976262,0.3,3.627130681930871,logged
123,98,4760.475239084943,485.0475239046667,0.2895543976985824,0.3241536212327732,0,0.3241536212327732,0.3,2.6895340329595747,logged
123,99,3645.833396204094,373.5481661195946,0.9768625183762024,0.722582303429456,3,0.722582303429456,0.3,13.901978704355374,logged
123,100,4878.106179534754,496.8106179534751,0.3918123584246867,0.2753446400776296,4,0.2753446400776296,0.3,1.800039180640121,logged
123,101,4825.852745719881,491.58527187098616,0.3260897962449089,0.3605540403232458,0,0.3605540403232458,0.3,4.196392996118204,logged
123,102,3795.4450028232154,388.50792065077775,1.2863375810245288,0.590523194228988,4,0.590523194228988,0.3,14.47246483005408,logged
123,103,5199.509063142584,528.9509062366205,0.4629960705907571,0.1497528522500156,3,0.3112050426963382,0.3,3.5858682994185624,logged
123,104,5077.440390761805,516.7439703153989,0.6193169395889012,0.6053927851320882,0,0.6053927851320882,0.3,6.044535928805462,logged
123,105,4433.717716447951,452.3717710860568,0.2942989121538525,0.4240132585773141,5,0.4240132585773141,0.3,3.38451724951079,logged
123,106,5312.855715712862,540.2855715712858,0.2053382248453134,0.2408957663340084,1,0.2408957663340084,0.3,1.9677243391529,logged
123,107,5308.189033960643,539.818895390324,0.202050273786573,0.1092834753871776,4,0.2921214690124668,0.3,5.2556283695681545,logged
123,108,3700.397730693737,379.0045668617097,0.9661522739394104,0.6852322742798853,2,0.6852322742798853,0.3,14.110038737181371,logged
123,109,4715.112030827062,480.51120308263165,0.2753672306002237,0.0577372908083896,2,0.2250309429986833,0.3,2.23465025156863,logged
123,110,5138.662026269155,522.8661338661337,0.3914646431136613,0.4397587157522855,0,0.4397587157522855,0.3,6.1174183945686655,logged
123,111,4672.614769936286,476.2605965463108,0.6181664366322865,0.6733948301940832,3,0.6733948301940832,0.3,7.659316139527186,logged
123,112,4061.7397356001447,415.1722563151135,0.6753440991454975,0.0595175660858897,5,0.563239316882139,0.3,7.124784837138227,logged
123,113,4543.774796770165,463.377479663194,0.3213149178720898,0.4583221399046231,2,0.4583221399046231,0.3,2.7372137315356557,logged
123,114,4519.286669466785,460.927786499215,0.5581511984038418,0.607260398004139,3,0.607260398004139,0.3,7.407981832636503,logged
123,115,4805.241160706505,489.5240473811903,0.4967456671142384,0.5129934555766485,1,0.5129934555766485,0.3,5.720491154423465,logged
123,116,5364.549735978309,545.4549735978308,0.2067602185575565,0.0314473044461768,2,0.3203342813188916,0.3,1.936660554504799,logged
123,117,4338.074875598273,442.7717996289425,1.055887476607591,0.7263760442337153,4,0.7263760442337153,0.3,16.54157444529872,logged
123,118,4189.299642569505,427.92907092907086,0.3441073548493059,0.2501774740841554,0,0.2875912617320614,0.3,6.867069498666504,logged
123,119,3758.886843345303,384.84144427001576,1.0640601398438083,0.6449261249019934,0,0.6449261249019934,0.3,16.82327739969848,logged
123,120,4737.158555806496,482.71585557299846,0.3398675025121802,0.0614653724168131,4,0.346823705126935,0.3,2.8366218883523873,logged
123,121,5203.948160033527,529.3096903096904,0.2357869032563222,0.2484792365425577,6,0.2484792365425577,0.3,37.475428868928994,logged
123,122,4603.163978885881,469.3163978878265,0.2391257169515356,0.0062446432820771,3,0.3426267638965876,0.3,2.435536496663999,logged
123,123,3493.672706304191,358.33209647495363,0.8495280890603294,0.6370136168850636,3,0.6370136168850636,0.3,13.3217726332741,logged
123,124,4065.975926386651,415.5966890252605,0.603860439489701,0.3805082450489218,2,0.3805082450489218,0.3,6.664918160228929,logged
123,125,5354.93791922369,544.4937919223634,0.2558781191057208,0.3288015769824419,1,0.3288015769824419,0.3,2.240559798837985,logged
123,126,3849.318189967599,393.8965320393892,0.8834304152102631,0.6963037622887344,2,0.6963037622887344,0.3,14.677889439197422,logged
123,127,4603.061594864701,469.305266162409,0.928340955552052,0.6454626007515128,4,0.6454626007515128,0.3,7.545305080920611,logged
123,128,4895.832738693464,498.58327386898816,0.188311153766618,0.2386845444037353,4,0.2386845444037353,0.3,2.4357376809151923,logged
123,129,3547.276711734166,363.677750820608,1.0943372585677331,0.4503315589776276,0,0.4503315589776276,0.3,15.876194900797664,logged
123,130,5281.7982017982595,537.1798201798201,0.4431076141347944,0.4659053423427388,1,0.4659053423427388,0.3,2.209957406609776,logged
123,131,4333.003590117743,442.29855858427294,0.3667021827221359,0.2820087650570571,5,0.3985222447504695,0.3,8.173458208169478,logged
123,132,4345.692570950464,443.5684315684316,0.2213097869229098,0.1935684628282602,2,0.2998402288663177,0.3,7.622872599392998,logged
123,133,3866.1362082899655,395.57756529185104,1.2560362393513138,0.5561575182275164,3,0.5561575182275164,0.3,14.74201846188135,logged
123,134,3821.121995224557,391.0640787783645,1.9199116769838356,0.756088771721572,0,0.756088771721572,0.3,17.101817102464643,logged
123,135,3790.533298461263,388.0061367204224,0.636645441488874,0.4813694363756834,1,0.4813694363756834,0.3,16.964914303207678,logged
123,136,5415.848437277011,550.5848437277008,0.2499296131539119,0.0307258829258779,5,0.3239434524149349,0.3,1.9551799412552329,logged
123,137,4480.341308078555,457.0341087483944,0.4284755829360303,0.532743160443453,2,0.532743160443453,0.3,4.667015333547293,logged
123,138,4518.51862538038,460.85186242329104,0.3051843525990544,0.3060470001632502,1,0.3060470001632502,0.3,3.094875755387149,logged
123,139,4952.5874125888695,504.2587412587413,0.1893674340716055,0.3346867210777923,1,0.3346867210777923,0.3,2.3810516406556026,logged
123,140,4853.090746360815,494.2738689881546,1.3196737316678298,0.8208948695128041,2,0.8208948695128041,0.3,18.50538872030107,logged
123,141,5508.209988860874,559.8126159554731,0.6011964011534197,0.4861861079016971,6,0.4861861079016971,0.3,15.698595177665116,logged
123,142,5438.684172969888,552.8684172969887,0.3409886870955756,0.2233418114275901,3,0.2233418114275901,0.3,1.777347768944407,logged
123,143,4347.67375481807,443.76737548166113,0.2607536158453111,0.2935986514243985,0,0.2935986514243985,0.3,2.0902277667288143,logged
123,144,5352.724046232073,544.2640216925931,0.1871380542499061,0.1304083829302423,5,0.2330475833371479,0.3,15.255454688452945,logged
123,145,4150.539749774632,424.01826744683893,1.092869618358558,0.7085758391402678,5,0.7085758391402678,0.3,15.826481614059286,logged
123,146,4221.175967028631,431.1175966890252,0.5076647386975076,0.375220368775278,2,0.375220368775278,0.3,2.54287708721659,logged
123,147,5582.079349222207,567.2079349222206,0.1984032505888919,0.2463992409061818,2,0.2463992409061818,0.3,1.358170157961607,logged
123,148,4087.2552995319606,417.72470386756106,0.2204370207809446,0.1343960945054613,5,0.2645423242233259,0.3,7.169542235407511,logged
123,149,4409.1240876885095,449.91151705437426,0.3320166486167673,0.4954027689315901,5,0.4954027689315901,0.3,7.22740412997307,logged
123,150,4393.39661680562,448.3396603396603,0.386263586475232,0.0703816875300642,2,0.4121700767330753,0.3,3.571866929768866,logged
271828,1,4347.874675562002,443.786641929499,0.9733801626853774,0.3082461848186067,6,0.3082461848186067,0.3,7.62670027592113,logged
271828,2,4941.041841561914,503.10418153275293,0.6113072525508251,0.3106204866184338,0,0.3106204866184338,0.3,4.296557410676733,logged
271828,3,3849.9917669852266,393.9982874268589,0.751265323744327,0.3928316005644329,2,0.3928316005644329,0.3,6.310878497334122,logged
271828,4,5487.4225774301085,557.7422577422577,0.5995963977946456,0.0428998352966126,1,0.22824607832728,0.3,2.903398188996037,logged
271828,5,4111.1976208792685,420.1197374054517,0.5025868351316438,0.2373533531417225,0,0.2596466384253035,0.3,4.282491224784674,logged
271828,6,4372.341949288668,446.2341943770515,0.486192696440137,0.2216857083807095,3,0.2216857083807095,0.3,3.337665520118561,logged
271828,7,4872.085057799345,496.20850577993434,0.4979883193274452,0.1638156364744374,5,0.2050166711384001,0.3,1.4674954993371516,logged
271828,8,4773.320964749649,486.3320964749536,0.4980715182116328,0.2389345207080211,0,0.2389345207080211,0.3,1.9972054245811048,logged
271828,9,4592.035107752852,468.20351077493933,0.4465333031724871,0.2194178731199202,3,0.2194178731199202,0.3,2.284594580946403,logged
271828,10,4575.984016122109,466.5984015984015,0.4548564025874331,0.2228409978941782,3,0.2228409978941782,0.3,2.756616875713235,logged
271828,11,4898.891152173973,498.853860425289,0.7913400076331276,0.4970230326553398,3,0.4970230326553398,0.3,18.68003089317937,logged
271828,12,3912.367195460798,400.1992293420864,1.7353853354016289,0.5496373092117693,4,0.5496373092117693,0.3,14.91830249060285,logged
271828,13,5581.321536383627,567.132153560725,0.5288444967195794,0.0382603480959033,4,0.1844826495310268,0.3,3.849187245013428,logged
271828,14,5220.034251501009,531.0034251462823,0.5078322137986616,0.2050438456937545,0,0.2050438456937545,0.3,2.949171893040932,logged
271828,15,5623.683459397746,571.3683459397746,0.5256974945852759,0.0167606980040439,3,0.181504696401644,0.3,1.8808305884273389,logged
271828,16,3823.2773140412855,391.3268160411018,0.4875845803511774,0.2947426352801494,4,0.2947426352801494,0.3,6.267088360405081,logged
271828,17,4012.893509075522,410.28928214642497,0.4375631083316059,0.2660049779816355,0,0.2660049779816355,0.3,4.777225753001485,logged
271828,18,3655.042977976367,374.4686741829599,0.7518712341756579,0.5260092886809022,5,0.5260092886809022,0.3,13.93709589040328,logged
271828,19,4683.208221127455,477.3208220351077,0.5307362338043011,0.0512691330705625,2,0.217391630117677,0.3,3.22979875518621,logged
271828,20,4723.923220637338,481.3923219637505,0.5059137090542025,0.2185593709531644,1,0.2185593709531644,0.3,3.235563833629242,logged
271828,21,4202.223491797245,429.2223490794919,0.4389828652452274,0.1850522975381062,2,0.2009120573475305,0.3,2.8782352540124356,logged
271828,22,3984.536901979503,407.406450692165,0.6896331564652289,0.4368702300723051,0,0.4368702300723051,0.3,17.83319700884609,logged
271828,23,4116.910248309375,420.6437847866419,0.5568335857096927,0.2784285942230849,0,0.2784285942230849,0.3,18.425647278951015,logged
271828,24,5143.011274579707,523.3011274439846,0.5600843301953404,0.2967773692640282,5,0.2967773692640282,0.3,3.0981995613490665,logged
271828,25,5003.90535365634,509.3904666761809,0.5090807744279231,0.2843711317295752,1,0.2843711317295752,0.3,5.956994738835265,logged
271828,26,4383.055737511126,447.3055515912659,0.4827738893042116,0.3226140800951186,2,0.3226140800951186,0.3,4.565676346548152,logged
271828,27,4434.2594779496585,452.4241472812901,0.5434787052258947,0.3097332538384361,1,0.3097332538384361,0.3,8.36445984255833,logged
271828,28,4591.100328244644,468.1100328243185,0.4447080042028762,0.1709686325221188,2,0.2235273232923522,0.3,2.207259773183302,logged
271828,29,5539.069501926646,562.9069501926645,0.4686648715038883,0.0137958411455918,5,0.2112111094803317,0.3,1.3542957217424558,logged
271828,30,5164.84658198944,525.4846581989439,0.4508194396354438,0.2072544486763128,2,0.2072544486763128,0.3,1.5146177659793074,logged
271828,31,5636.189524761697,572.6189524760953,0.4081413964699886,0.0234245607131737,0,0.2117629126450526,0.3,2.671179869545533,logged
271828,32,4492.043670618558,458.20436706151,0.3929189438515927,0.258051745108324,3,0.258051745108324,0.3,2.2348475972980486,logged
271828,33,5311.885257599704,540.1885257599544,0.4140952239372121,0.0250079164769797,5,0.2812897401866571,0.3,2.27977908051415,logged
271828,34,4542.491794060479,463.24917939203647,0.4119759597991405,0.2898346604600989,4,0.2898346604600989,0.3,2.7364408383374617,logged
271828,35,4689.660419855835,477.966033966034,0.4067872545627251,0.0563107367245794,3,0.2988423119252621,0.3,4.643224306547553,logged
271828,36,4764.467775564238,485.4466961609819,0.406553785075505,0.047603044749053,1,0.2914454194143366,0.3,6.030907251977126,logged
271828,37,4450.793184760722,454.07849293563584,0.3586791857835402,0.061824686357091,2,0.285150727480453,0.3,7.807231841588167,logged
271828,38,4169.980907360119,425.9152276295133,1.4532149518651023,0.3784447874374039,5,0.4429838277530826,0.3,18.663170369218054,logged
271828,39,5450.015698587128,554.0015698587127,0.5325505780700301,0.2676868469195007,2,0.2676868469195007,0.3,1.5982450728994506,logged
271828,40,4952.30581700445,504.1953760525189,1.6868081870884162,0.7301600392719055,2,0.7301600392719055,0.3,18.88370710442553,logged
271828,41,3217.69411173315,330.7685171970886,0.7698237365271207,0.4336711839304973,4,0.4336711839304973,0.3,5.274420780550535,logged
271828,42,4791.494220065653,488.1494220065649,0.380377878354238,0.2943869600632185,3,0.2943869600632185,0.3,1.7680790479946966,logged
271828,43,4911.782503211134,500.1782503211074,0.3909717687557612,0.2482649844089151,0,0.2482649844089151,0.3,2.0551391226821347,logged
271828,44,4536.193816356925,462.57214214357066,1.0687655349089695,0.5849071395447732,0,0.5849071395447732,0.3,20.30219320022213,logged
271828,45,5459.570429570431,554.957042957043,0.4547965624463222,0.2896627846715523,3,0.2896627846715523,0.3,1.6010470467948474,logged
271828,46,4340.414550823762,442.9563293849008,0.5147498052510647,0.2785309347437683,6,0.2785309347437683,0.3,31.256824964223384,logged
271828,47,3899.24526940535,398.9245040673612,0.6936508745291298,0.3944926048417982,5,0.3944926048417982,0.3,4.061707849972007,logged
271828,48,5330.191245217916,542.0191237334094,0.2943421484959281,0.0449528284015295,3,0.2613887737027437,0.3,4.333488528058323,logged
271828,49,3940.6140425552394,403.0605109176537,0.5828575598094319,0.4687944572242356,4,0.4687944572242356,0.3,6.459425872208671,logged
271828,50,4616.204483811612,470.6203796203796,0.5072931641015647,0.3780037063716997,0,0.3780037063716997,0.3,5.495448830454057,logged
271828,51,4739.717425431802,482.9717425431711,0.3405546840915524,0.2810455180511481,5,0.2810455180511481,0.3,2.00835484128419,logged
271828,52,3832.989014799928,392.29798772655914,0.514618485117852,0.3636658147130406,5,0.3636658147130406,0.3,6.283007709640015,logged
271828,53,5047.4974765331835,513.749678892536,0.4808215494483865,0.4306930061113211,0,0.4306930061113211,0.3,6.008889814437019,logged
271828,54,4385.365513906465,447.5347509633224,0.554050477858437,0.3998241132706548,1,0.3998241132706548,0.3,8.272229877032748,logged
271828,55,5229.823034885125,531.9823034108748,0.2513243834734062,0.0620351741616905,3,0.2266207474221296,0.3,3.6067744867106657,logged
271828,56,4444.872351644827,453.4872270586556,0.2449514629513872,0.0746809259393922,0,0.2319314018822866,0.3,4.400860082592694,logged
271828,57,3473.4020036588236,356.3036963036963,1.2198914092295614,0.6055621162093041,5,0.6055621162093041,0.3,13.244478131338928,logged
271828,58,5447.301270158422,553.7301270158413,0.350159800944101,0.0565621373206757,4,0.2098476170954073,0.3,2.1361965765326514,logged
271828,59,5095.862708719853,518.5862708719851,0.3311625714596399,0.2471630446769901,5,0.2471630446769901,0.3,1.494387891120191,logged
271828,60,4198.209157674217,428.8208933923219,0.41338100871975,0.3615235270489567,4,0.3615235270489567,0.3,4.37312810900716,logged
271828,61,4575.349813995946,466.4993577850721,0.8506546529484807,0.6638978152436965,5,0.6638978152436965,0.3,17.446330856855006,logged
271828,62,5009.948315206206,509.994005994006,0.4369502115827632,0.1843144792743713,0,0.1880469117191226,0.3,8.788057855645267,logged
271828,63,4509.437705153535,459.9437705151991,0.3562023915849698,0.2761452125196117,4,0.2980851800033718,0.3,2.167998896697392,logged
271828,64,4446.178786587958,453.5327529613244,0.3690391483139034,0.2561018890837224,6,0.2561018890837224,0.3,32.01846977165979,logged
271828,65,3803.2798191762736,389.3271014699586,0.7644690357934004,0.5381879781271985,3,0.5381879781271985,0.3,6.234308612295911,logged
271828,66,4393.527900810619,448.35279006707583,0.3400814337356048,0.3657454887774079,5,0.3657454887774079,0.3,2.6467035532949974,logged
271828,67,4468.677037248554,455.8677037248465,0.3160181718524524,0.2731269137219063,4,0.2731269137219063,0.3,1.8935072191726712,logged
271828,68,3078.6777414920944,316.86770372484654,0.3923890875552605,0.2397108417599409,0,0.2397108417599409,0.3,3.665070742242736,logged
271828,69,3367.7972067737355,345.7414014556872,1.0219893043496415,0.4529602054629575,5,0.4529602054629575,0.3,12.84179499203179,logged
271828,70,4796.259454838413,488.62594548308834,0.3931790621568679,0.0551280928721384,2,0.3299202825137885,0.3,2.537703415153165,logged
271828,71,4587.172832690266,467.7172827172827,0.4858500023824796,0.4827385803900728,3,0.4827385803900728,0.3,3.5016585564598235,logged
271828,72,5159.746781271988,524.9745968317396,0.2216213035767853,0.1097143601753186,0,0.1759448547687837,0.3,6.531255062975777,logged
271828,73,4487.9044022648195,457.7548166119594,1.0275968554818178,0.6939403867063164,5,0.6939403867063164,0.3,17.11289152500144,logged
271828,74,5562.447552447554,565.2447552447552,0.3644859568811333,0.2863969768190147,2,0.2863969768190147,0.3,1.6312162910403378,logged
271828,75,4084.801860642067,417.4329955758527,1.499623790534978,0.7967421049557474,1,0.7967421049557474,0.3,18.281942949691818,logged
271828,76,4326.982500346167,441.69815898387327,0.682976885911156,0.2104254416045874,4,0.4578848506118376,0.3,5.151138994017955,logged
271828,77,5180.580847731236,527.0580847723705,0.2919426990687455,0.0343332769557884,5,0.2002290620577743,0.3,2.741048067468976,logged
271828,78,4446.814834688439,453.68146139574714,0.497252027331203,0.4643634921766488,2,0.4643634921766488,0.3,4.632091975117143,logged
271828,79,4303.4693933906665,439.34693877551024,0.334846036782026,0.3749763985921125,4,0.3749763985921125,0.3,3.285091051385484,logged
271828,80,5349.140859140861,543.914085914086,0.2586239081250464,0.2923719308476482,2,0.2923719308476482,0.3,1.7480852480852478,logged
271828,81,4138.799771797028,422.87997716569146,0.2165944268641127,0.2883873552534273,4,0.2883873552534273,0.3,2.493252873248089,logged
271828,82,4200.271167575677,428.97987726559154,0.9313306212113672,0.6873033458467687,0,0.6873033458467687,0.3,18.798737485588568,logged
271828,83,4742.363350972965,483.236335093478,0.3354566595980288,0.1656875762583957,5,0.2656348922516192,0.3,2.6793013278131697,logged
271828,84,5055.611531329281,514.5611531325817,0.4868900132776397,0.5234505223515356,3,0.5234505223515356,0.3,2.5152296175490516,logged
271828,85,4657.761687836446,474.74054516911656,1.188627856836861,0.752709229024438,5,0.752709229024438,0.3,17.7605767344394,logged
271828,86,4990.032210128844,508.00313971742537,0.3080099206114164,0.2201593719069,6,0.2201593719069,0.3,6.316428793581571,logged
271828,87,4233.034201848081,432.2677322677322,0.8118119013943218,0.6862370331204143,4,0.6862370331204143,0.3,16.141042371867528,logged
271828,88,4484.70672184967,457.47067218495795,0.3566061938959077,0.2465381808040598,3,0.2492993978522881,0.3,1.900299458410431,logged
271828,89,5490.7546517268265,558.0746396460682,0.2388856550141385,0.2262994395336556,6,0.2262994395336556,0.3,9.631450568875314,logged
271828,90,3799.258763035838,388.8906807478236,1.2231247738370918,0.6784718888125799,3,0.6784718888125799,0.3,14.487007132868738,logged
271828,91,5345.914772808615,543.5914085914086,0.7011884133268823,0.5492130389128553,1,0.5492130389128553,0.3,6.364146386704369,logged
271828,92,4560.137229502382,465.01370058512913,0.4755625942354182,0.4889330881302844,4,0.4889330881302844,0.3,4.750135962810078,logged
271828,93,4128.946467247784,421.85814185814183,0.9049199860792274,0.5433922894582068,5,0.5433922894582068,0.3,15.74414396413872,logged
271828,94,5003.441065266602,509.34408448694165,0.623239664060441,0.5488821377344278,3,0.5488821377344278,0.3,5.211910112739566,logged
271828,95,5767.022977022978,585.7022977022976,0.2072882815910621,0.0377753292141383,3,0.2034901574686742,0.3,1.5800062950747882,logged
271828,96,4947.347159374148,503.7346938775511,0.3250998221639098,0.5036226105927122,2,0.5036226105927122,0.3,5.153479046685155,logged
271828,97,4489.2211495956835,457.9212216355073,0.6852910347895521,0.6547688859980748,4,0.6547688859980748,0.3,7.358698651178098,logged
271828,98,4063.345606714989,415.3336663336663,0.5166721811065832,0.4113621071832959,5,0.4113621071832959,0.3,6.660606559357636,logged
271828,99,3647.426559910919,373.73997431140293,0.6697166723522164,0.3506664089060683,2,0.3848347988017015,0.3,6.880236292162675,logged
271828,100,4869.065220493795,495.9065220493792,0.23164846147121,0.1603381800764281,5,0.234247524065811,0.3,1.803357489071765,logged
271828,101,3829.283823228227,391.9275010703582,0.3844346229260398,0.4997648290594437,2,0.4997648290594437,0.3,6.27693418656943,logged
271828,102,3924.049928346472,401.4023119737405,0.5663453956001776,0.3637292261326354,3,0.3874480675976941,0.3,7.402038200305019,logged
271828,103,5269.409162266306,535.9409162266305,0.1973278937657326,0.3121333555205174,2,0.3121333555205174,0.3,1.2820946866827991,logged
271828,104,4714.8068425406755,480.48066219494785,0.4174849468227243,0.4419399336362435,2,0.4419399336362435,0.3,4.911249906156754,logged
271828,105,4019.9133091341473,410.9560439560439,0.5391158161629772,0.4921059703195321,2,0.4921059703195321,0.3,15.32838809231458,logged
271828,106,4557.261310260129,464.7261310118453,0.2256787340283446,0.2290251852688888,3,0.247132726355913,0.3,2.7453381372481727,logged
271828,107,4740.15555886784,483.0155558726988,0.3370021832126601,0.4913733225713963,4,0.4913733225713963,0.3,2.8555153953868855,logged
271828,108,4750.378193238794,484.03781932353365,0.3164068513041594,0.3547383935628005,3,0.3547383935628005,0.3,2.3633722354161533,logged
271828,109,3996.40098472307,408.6392179249322,0.6753437334588106,0.5637511154082305,3,0.5637511154082305,0.3,6.550871421983098,logged
271828,110,4522.045107921049,461.1572713001284,1.302473560376144,0.7722142640364037,0,0.7722142640364037,0.3,20.238869227784495,logged
271828,111,4157.197339248583,424.71970886256594,0.7098558922326821,0.5491463411808439,4,0.5491463411808439,0.3,4.33040752763003,logged
271828,112,4028.482638791136,411.8464392750107,0.4434754388622993,0.3650266105423275,0,0.3650266105423275,0.3,7.599032358429437,logged
271828,113,4509.5347564800195,459.9534750963323,0.3826846143535525,0.5073854352013655,3,0.5073854352013655,0.3,3.4423928510276505,logged
271828,114,4469.860145420064,455.986013986014,0.291734328424681,0.4106519414793361,2,0.4106519414793361,0.3,3.4121068892033537,logged
271828,115,4834.130156335104,492.41301555587273,0.1703785071802979,0.1074125515799609,5,0.2415300184171169,0.3,3.333882847852629,logged
271828,116,4816.970172684459,490.69701726844585,0.1762931296129008,0.2105413249520583,2,0.2423447578487718,0.3,1.574173259047208,logged
271828,117,5230.429570429572,532.0429570429571,0.2281946287222489,0.3592019730235503,3,0.3592019730235503,0.3,1.709290709290709,logged
271828,118,5098.413015555873,518.8413015555873,0.218347942938427,0.1626983154682046,5,0.3156574340965549,0.3,1.5356665709505637,logged
271828,119,4252.218006204157,434.22177822177827,0.3532853341158405,0.4146776480244012,5,0.4146776480244012,0.3,4.429387243502555,logged
271828,120,5111.576994434141,520.1576994434138,0.2126411979422891,0.3062160490770542,3,0.3062160490770542,0.3,1.8861907728539165,logged
271828,121,4528.460191378158,461.8460111317254,0.1933960848991457,0.1333283601507877,5,0.2559739056245048,0.3,4.483620251652768,logged
271828,122,5733.208220351079,582.3208220351078,0.1880301291190947,0.0257631200729153,3,0.2276274514789829,0.3,1.481449152545498,logged
271828,123,4468.716337809362,455.8715570144142,0.3305140524632854,0.4291658761889249,0,0.4291658761889249,0.3,5.319868748961511,logged
271828,124,4213.654916650154,430.3654916512059,0.2279728154330642,0.3491267569898509,3,0.3491267569898509,0.3,2.538346333978957,logged
271828,125,4780.1250399564715,487.0107035821321,1.1455894632179635,0.7438956044791217,1,0.7438956044791217,0.3,9.016875114762367,logged
271828,126,4901.108891108893,499.11088911088905,0.264828187370849,0.2380809373964807,2,0.2802175241201717,0.3,1.4372753346360383,logged
271828,127,4878.163345501617,496.81632653061223,0.2512698350824571,0.1128322248810131,3,0.40311469455156,0.3,4.829860712567059,logged
271828,128,4169.6296356811945,425.96289424860856,0.344905766020552,0.3017369254593628,5,0.3441352233821682,0.3,4.9638152697063065,logged
271828,129,4232.416525649658,432.2407592407592,0.6385047645177292,0.5615956099723378,4,0.5615956099723378,0.3,6.937746379753885,logged
271828,130,4966.024654967111,505.5173398030541,0.4876760916659061,0.4993125415300611,6,0.4993125415300611,0.3,35.762059497027856,logged
271828,131,4380.151278301583,447.01512772941345,0.4123851365849454,0.31894619684094,1,0.31894619684094,0.3,3.000103600325963,logged
271828,132,4255.106322252728,434.5106322249179,0.2384455754561474,0.2958149043555865,2,0.2958149043555865,0.3,2.116968319505402,logged
271828,133,5226.978735550251,531.6978735550163,0.1767164641463915,0.3608251188007919,3,0.3608251188007919,0.3,2.2148214981139924,logged
271828,134,5896.032538889684,598.6032538889682,0.1557281924521144,0.0372987513331357,3,0.2232197606716549,0.3,2.1285316024872443,logged
271828,135,4250.345542073886,433.9988582845726,0.9930492657485558,0.7688428670860532,4,0.7688428670860532,0.3,16.207052487253918,logged
271828,136,4962.350506636224,505.2350506636221,0.341088588408806,0.2544000176485436,0,0.2544000176485436,0.3,1.8379075950504424,logged
271828,137,4507.21347482411,459.7212787212787,0.3446649141229918,0.5191484745787293,0,0.5191484745787293,0.3,5.365698401292866,logged
271828,138,3909.8432346584977,399.9843014128728,0.3851433032753349,0.4578953629811276,3,0.4578953629811276,0.3,4.072747380878203,logged
271828,139,4399.308897633603,448.9299272156416,0.5860756158828403,0.6090793771388073,2,0.6090793771388073,0.3,7.211315141836541,logged
271828,140,4262.332932825813,435.198087626659,0.5443235657940217,0.601997068542644,2,0.601997068542644,0.3,16.25276177587023,logged
271828,141,3869.1572152040058,395.88054802340514,0.785367211938577,0.6772107835269391,3,0.6772107835269391,0.3,14.75353790592079,logged
271828,142,3408.358239748061,349.8001998001997,1.4228347498662637,0.7179935905819803,5,0.7179935905819803,0.3,12.996458838499052,logged
271828,143,4640.281157585668,472.9808762665905,1.6237520640991767,0.7976194109968014,0,0.7976194109968014,0.3,20.76804659998284,logged
271828,144,4434.108748609224,452.41087483944625,0.639039099812036,0.379247875316389,2,0.379247875316389,0.3,2.6711498471365536,logged
271828,145,4052.8157667819314,414.28157556728985,0.4683891766416362,0.3249453584127529,5,0.3696605536054604,0.3,3.093752410280171,logged
271828,146,4602.31935107018,469.2310546596261,0.5852758730280294,0.6632961055508387,3,0.6632961055508387,0.3,7.544088400292151,logged
271828,147,4520.348232228272,461.0348223205366,0.2535160397014141,0.0861172589713161,0,0.3207185970384306,0.3,3.675079618346617,logged
271828,148,4744.388973685988,483.3948908234622,1.470636580095474,0.7702227895310737,5,0.7702227895310737,0.3,18.090896458963925,logged
271828,149,4620.021407202452,471.0021407164264,0.3794213000645871,0.3820487495094041,0,0.3820487495094041,0.3,2.6101815855807806,logged
271828,150,4699.901312544508,478.95361781076065,0.7065614538017709,0.6140255485080769,4,0.6140255485080769,0.3,17.92125993129391,logged
31337,1,4679.4412383836925,476.8589981447124,2.257818271754942,0.6636652896970868,6,0.6636652896970868,0.3,33.69827328838174,logged
31337,2,4910.450987755497,499.9978592835735,3.8576625785881977,0.765080216190949,0,0.765080216190949,0.3,21.97721893940113,logged
31337,3,4289.609182855769,437.96089624661056,0.7918706682678015,0.3629556074586339,3,0.3629556074586339,0.3,4.468336328577346,logged
31337,4,4807.104686409976,489.7095761381475,0.7724081886289785,0.454638380458315,5,0.454638380458315,0.3,7.8797710322519805,logged
31337,5,4961.757037823957,505.1756814613957,0.5758576417278108,0.3237225067267037,5,0.3237225067267037,0.3,5.168489314665979,logged
31337,6,4960.499500637719,505.0499500499501,0.5379424356133861,0.2897436159732725,2,0.2897436159732725,0.3,2.9882527096353657,logged
31337,7,4215.038189698494,430.5029256457828,0.52995714780392,0.3720447633628316,4,0.3720447633628316,0.3,6.9092599378829895,logged
31337,8,5982.902811474241,607.2902811474239,0.5080997728986651,0.021552569948144,2,0.1710124291105697,0.3,1.3881445038223292,logged
31337,9,4389.012509254959,447.86556300842005,0.6942702155128049,0.5098133967445215,4,0.5098133967445215,0.3,16.735805454066917,logged
31337,10,4186.792700199527,427.5932638789782,1.0632655567070874,0.3382004243901842,3,0.3410861183227041,0.3,30.150540935493808,logged
31337,11,5412.7600970458125,550.2760097045812,0.4917830275228103,0.1827989491066325,3,0.1827989491066325,0.3,1.5873196765530238,logged
31337,12,4981.033252465331,507.1033252461824,0.4469366271939237,0.2639884701275959,4,0.2639884701275959,0.3,2.478125996224112,logged
31337,13,4576.075701577283,466.6039674611103,0.8778423092295761,0.3192072166702312,1,0.3260731257996995,0.3,8.63197150114648,logged
31337,14,4318.174902926596,440.81746824603965,0.6143126458946695,0.3717938233269563,3,0.3717938233269563,0.3,4.498092243231432,logged
31337,15,4766.478162185355,485.6469245040674,0.6290872385690884,0.4496663841334367,5,0.4496663841334367,0.3,7.813176329284252,logged
31337,16,3871.831027120164,396.183102611674,0.355338082204401,0.2121583094617412,1,0.2121583094617412,0.3,2.6519390464571058,logged
31337,17,5881.03467960611,597.1034679606108,0.4910493917150756,0.0277454222417493,3,0.1741295895580569,0.3,1.966901230637494,logged
31337,18,3468.1784449861216,355.8177536748965,0.4036616296105427,0.2048798507004274,2,0.2793888171163299,0.3,4.128759296981516,logged
31337,19,4659.315708273504,474.8963893249607,0.9333038889949572,0.5480634698345256,3,0.5480634698345256,0.3,17.766502391668997,logged
31337,20,4786.7989153738545,487.6798915370344,0.6075876744150508,0.2692433043606961,4,0.2692433043606961,0.3,2.3814919976722027,logged
31337,21,4226.436644411583,431.6436420722135,0.5840420375727877,0.3540005119275214,4,0.3540005119275214,0.3,4.402531697790286,logged
31337,22,5114.973818220396,520.4973597830741,0.5330960611343152,0.326572766327621,3,0.326572766327621,0.3,5.328089892902639,logged
31337,23,4660.266876121023,475.02668759811615,0.4704940506280993,0.2414826294178076,5,0.2414826294178076,0.3,2.807389682914445,logged
31337,24,3630.603949733259,372.01227344084487,0.6598351910143934,0.3899330208008005,0,0.3899330208008005,0.3,16.24913436352484,logged
31337,25,3653.112063105145,374.2621664050235,0.5524668238982393,0.2945359986736794,0,0.2945359986736794,0.3,16.349871696352366,logged
31337,26,4095.693100142,418.5692878550022,0.5166125030506069,0.3164165889864481,2,0.3164165889864481,0.3,4.266340706097702,logged
31337,27,5545.754246530622,563.5754245754247,0.5005130154906814,0.034796915141294,3,0.1873632178620005,0.3,3.8246580797343057,logged
31337,28,4283.011494829558,437.30112744398457,0.4658730866719139,0.3059309039012394,3,0.3059309039012394,0.3,4.461463746988802,logged
31337,29,4446.316540602312,453.6316540602255,0.4199293631781924,0.1674118830221553,5,0.1894149310923032,0.3,1.8603834897914473,logged
31337,30,4412.964399346084,450.29641786784646,0.4464051132217624,0.2920361084523319,2,0.2920361084523319,0.3,4.596831156816277,logged
31337,31,4685.432766221868,477.5348936777508,0.4438644371897972,0.1194550777684922,2,0.2363764551257165,0.3,13.353650710091438,logged
31337,32,4444.041914221317,453.4033109747395,0.5168698345272386,0.3784776374756528,3,0.3784776374756528,0.3,7.284641177212808,logged
31337,33,4252.086491531789,434.2086484943627,0.5445723830233683,0.2921035253333036,5,0.2921035253333036,0.3,3.2458674632381954,logged
31337,34,3902.918035791714,399.2446125303268,0.765103583425849,0.4716578129494234,1,0.4716578129494234,0.3,17.467903536562673,logged
31337,35,5277.031539896213,536.7031539888683,0.4842052864943972,0.0255925686536403,4,0.2309638533167936,0.3,2.792080179723461,logged
31337,36,4460.349650349652,455.034965034965,0.4348359877663033,0.1968334354121708,3,0.2073138686432549,0.3,1.308020425322478,logged
31337,37,4859.759033005612,494.97588126159553,0.5133924799800077,0.3601019242454904,3,0.3601019242454904,0.3,5.0622415492066555,logged
31337,38,5398.247466826426,548.8247466818896,0.4154192544201361,0.0246906104907987,4,0.2184878925113082,0.3,2.8562155907949873,logged
31337,39,5003.10842651501,509.3108320251177,0.4838979457008534,0.0344110419720367,1,0.3319050871627664,0.3,4.9535686114777375,logged
31337,40,5224.830883402313,531.4830883402311,0.3943466686772133,0.2269980885812743,2,0.2269980885812743,0.3,1.5322084702059564,logged
31337,41,4191.577236041696,428.15684315684314,0.535712409731562,0.4312196319941832,3,0.4312196319941832,0.3,6.870802913317563,logged
31337,42,5248.334522658423,533.8334522620237,0.438565998469483,0.3210498426235504,0,0.3210498426235504,0.3,2.965160746799676,logged
31337,43,5603.463679177967,569.3463679177966,0.3867112350862163,0.2517725385739773,4,0.2517725385739773,0.3,1.6432444806973503,logged
31337,44,4763.878978241236,485.38789781646926,0.3738824599755143,0.0279215369151021,2,0.2863131597581179,0.3,2.8526221412996944,logged
31337,45,4500.99539851074,459.0144141572713,0.430963180604142,0.2584512181540683,6,0.2584512181540683,0.3,32.41322313540865,logged
31337,46,4596.980162832541,468.6980162694448,0.4370308950840517,0.3147340801286452,3,0.3147340801286452,0.3,2.7692651568573594,logged
31337,47,4982.814328528777,507.28143285286137,0.3874583728487959,0.0105012604529817,4,0.3003328732448804,0.3,2.1385469221146565,logged
31337,48,4640.164363207694,473.0155558726988,0.4962985475358335,0.4942249755568643,3,0.4942249755568643,0.3,7.606123668881051,logged
31337,49,5263.6549165120605,535.365491651206,0.3979701631439938,0.2237614275892564,5,0.2237614275892564,0.3,1.3999082224766113,logged
31337,50,5259.576138224023,534.9576138147567,0.3106157808739749,0.0447375109289773,5,0.2114170450425946,0.3,3.1494467878544903,logged
31337,51,5326.362209219409,541.6362209219352,0.3748230593645841,0.2670891835875847,0,0.2670891835875847,0.3,2.228603434819459,logged
31337,52,4449.610613226796,453.96103896103887,0.5035467777916115,0.3804521062744654,4,0.3804521062744654,0.3,4.6350042401457445,logged
31337,53,4959.408790059675,504.9324960753533,0.3352311060675749,0.1743094277106762,2,0.2433324741401424,0.3,14.13449216227172,logged
31337,54,5282.3162551734085,537.2316255173398,0.2968474515435452,0.0099817352424952,2,0.2913209415147822,0.3,2.071496570656177,logged
31337,55,3679.639067461729,376.9269302126445,1.0663432851682322,0.5048174881233077,3,0.5048174881233077,0.3,14.030883585856376,logged
31337,56,5566.330197855404,565.6329384900813,0.3346273824473219,0.1674869582486723,4,0.1850999433332763,0.3,7.045912101519011,logged
31337,57,4101.345802785541,419.1345797060083,0.4889155517315043,0.3783087812063155,5,0.3783087812063155,0.3,3.130798238291339,logged
31337,58,4397.866642505065,448.7866419294991,0.4256692370728858,0.4093360562340957,5,0.4093360562340957,0.3,4.581104349898207,logged
31337,59,4872.5264236419125,496.25174825174827,0.5759140234531519,0.5489465997108365,4,0.5489465997108365,0.3,7.987009868006315,logged
31337,60,4194.155849753227,428.4155844155845,0.3660137765310183,0.3251682178761669,4,0.3251682178761669,0.3,3.2016456004778724,logged
31337,61,4903.700586906456,499.3700585129157,0.4465294833525184,0.0438370719285862,0,0.3492492068020033,0.3,3.381862454875744,logged
31337,62,5062.2744957825225,515.219066647638,0.2824885119020615,0.1242296570380532,3,0.2611754357921363,0.3,14.42766309712596,logged
31337,63,4585.403468908822,467.54031682603113,0.4468083271263882,0.4790800778862075,2,0.4790800778862075,0.3,4.776454923492452,logged
31337,64,3804.584290712039,389.45839874411297,0.4479963968645202,0.4083025641799943,5,0.4083025641799943,0.3,3.963102808821751,logged
31337,65,5092.197802197861,518.2197802197802,0.2460247540056375,0.2404018260225219,1,0.2404018260225219,0.3,2.130626695479916,logged
31337,66,4172.957042957188,426.2957042957043,0.2972411358825453,0.2234599451324191,1,0.2288865516001191,0.3,1.7682021368458505,logged
31337,67,4490.382026547416,458.002997002997,1.222388290050349,0.7031357631119235,2,0.7031357631119235,0.3,17.122338989070947,logged
31337,68,5029.591836736152,511.9591836734694,0.4307668871019809,0.3253255753358219,0,0.3253255753358219,0.3,2.418072998418531,logged
31337,69,3768.6016222178073,385.8601398601398,0.6484546121969565,0.4158081400949626,4,0.4158081400949626,0.3,3.925620917586874,logged
31337,70,4623.290994720395,471.3290994719566,0.2670446976821394,0.0331008724696599,2,0.3108047269264933,0.3,2.1911331728452508,logged
31337,71,4165.947991380209,425.5864135864136,0.4321510241402532,0.101861745767524,1,0.3804857684535338,0.3,11.87310054993201,logged
31337,72,4958.792635973679,504.87926359354935,0.3324760058081015,0.3225013232436374,0,0.3225013232436374,0.3,2.8015777599977887,logged
31337,73,4649.939327574125,473.9938632795776,0.3331303765605664,0.3877273374594971,1,0.3877273374594971,0.3,5.5356091197892425,logged
31337,74,4027.269724390434,411.7185671471385,0.4378532935790563,0.0834755844620245,4,0.433287111270044,0.3,11.47786253652743,logged
31337,75,4978.965012794331,506.89567575281865,0.2195477331126027,0.061835528403756,4,0.2694876745490316,0.3,8.733709379967769,logged
31337,76,4610.729958400176,470.07292707292714,0.4158677187332794,0.4211605624906262,1,0.4211605624906262,0.3,5.488931577075211,logged
31337,77,5359.656058227488,544.9656058227487,0.2384535584484227,0.2042116427508731,4,0.2153563561147417,0.3,1.5717466446414916,logged
31337,78,4300.711665126754,439.023976023976,0.83185566825005,0.5960373776953296,1,0.5960373776953296,0.3,19.24826906844454,logged
31337,79,4915.7571055595845,500.5757100042814,0.5912659946151837,0.5193312619550191,3,0.5193312619550191,0.3,3.7524862389075735,logged
31337,80,4508.999577444011,459.8999571856715,0.380947557660804,0.3627882144790838,5,0.3627882144790838,0.3,3.441984317423396,logged
31337,81,3834.1576357408385,392.3676323676324,1.0225970836771765,0.563853250570297,0,0.563853250570297,0.3,17.160159427101632,logged
31337,82,4946.357927824685,503.6357927786499,0.3942777142052955,0.3182013543623525,0,0.3182013543623525,0.3,2.794552501157651,logged
31337,83,4708.786619798398,479.8778364492651,0.2372594416766034,0.0898207684916312,0,0.2280223883729933,0.3,8.259783662653097,logged
31337,84,4854.698379373531,494.4698158983873,0.5165179865536528,0.49215305738073,3,0.49215305738073,0.3,5.056970042757781,logged
31337,85,4460.518053375359,455.0518053375196,0.3207047003571312,0.0198881287397144,2,0.3111522733465784,0.3,1.9143854306325765,logged
31337,86,4329.217951165854,441.92179249322106,0.2643930905465775,0.3594033348346137,0,0.3594033348346137,0.3,3.764536724634679,logged
31337,87,4554.0223500657685,464.3670615099187,0.9451602304936056,0.6578878011628315,3,0.6578878011628315,0.3,17.365006803571625,logged
31337,88,3785.8558488917574,387.5847010132724,0.6287564332026504,0.3338659981260203,2,0.3338659981260203,0.3,6.205747366957756,logged
31337,89,3236.0820039326054,332.6072498929642,0.471698210547585,0.3945657039947903,2,0.3945657039947903,0.3,5.304562079679523,logged
31337,90,4018.589367435475,410.858855430284,0.3194529375324871,0.0640029731977258,5,0.3084860785533437,0.3,5.086767483890608,logged
31337,91,4512.283523992697,460.1926644783788,1.2840626406606697,0.7338734316198549,4,0.7338734316198549,0.3,17.205851897640716,logged
31337,92,4656.417867984659,474.64178678464384,0.5272620036706696,0.3976463031106735,2,0.3976463031106735,0.3,2.805071003315461,logged
31337,93,4051.711161745816,414.1238761238762,1.0760054386850009,0.664114672510318,0,0.664114672510318,0.3,18.13384218739643,logged
31337,94,5707.760810617954,579.7760810617954,0.3426898072269636,0.0168728908922164,2,0.2109419253196584,0.3,1.3243064525795711,logged
31337,95,4548.59492035254,463.82431853860425,1.2674716710744125,0.7512282066114494,3,0.7512282066114494,0.3,17.34431139484251,logged
31337,96,4642.344318184523,473.18724133009846,1.900543666062432,0.7825446020290416,1,0.7825446020290416,0.3,20.7772804834492,logged
31337,97,5142.449059649329,523.2448979591836,0.4274766089453169,0.0862395791194071,5,0.3757275936185378,0.3,5.091529520527712,logged
31337,98,4556.480662409677,464.6480662194948,0.3245845561131991,0.4027300243386155,2,0.4027300243386155,0.3,2.7448678674589946,logged
31337,99,4608.631597106298,469.8631368631369,0.4174593235287302,0.5477785724080362,2,0.5477785724080362,0.3,4.800650854787183,logged
31337,100,4903.570714999374,499.35707149992874,0.1989879362383759,0.2723204396792412,3,0.2723204396792412,0.3,2.0777842012704326,logged
31337,101,4803.973392897455,489.39731696874554,0.4000208355956557,0.4802852360036049,5,0.4802852360036049,0.3,5.004131592872062,logged
31337,102,4696.631389563235,478.6275153418011,0.9805782199738632,0.7313420910808526,5,0.7313420910808526,0.3,17.908791341890492,logged
31337,103,4152.725931200276,424.2725845582988,0.6261518483136532,0.0969840605292333,2,0.3961073781701988,0.3,4.111606439677393,logged
31337,104,4755.279006849219,484.5279006707578,0.2776548564225189,0.3146544807462715,4,0.3146544807462715,0.3,2.864625906214187,logged
31337,105,4540.752923514148,463.07521050378193,0.3388534579210682,0.0601065757936318,2,0.4212977131358338,0.3,5.74772692897786,logged
31337,106,5064.104094754979,515.4020265448837,0.2295881893211468,0.1275346522220202,4,0.3157165678667778,0.3,14.432877519536172,logged
31337,107,3946.3382772403497,403.63379477665194,0.3591799610037692,0.3653725642477143,5,0.3653725642477143,0.3,4.110762994336234,logged
31337,108,5527.876409304983,561.787640930498,0.1797004287089292,0.0248252031854595,2,0.2135420054922378,0.3,1.611625775307575,logged
31337,109,5291.165984764084,538.1165976880262,0.223944821333456,0.042196815487717,2,0.2350950431771272,0.3,4.3017606761481515,logged
31337,110,4802.186385043528,489.2186385043528,0.1825296728841789,0.2287164568977882,1,0.2287164568977882,0.3,1.5954107591506732,logged
31337,111,4960.9119453377725,505.0911945197659,0.320449858611797,0.4153022991293558,4,0.4153022991293558,0.3,2.988501170297916,logged
31337,112,4488.555427901437,457.8547167118595,0.3072041110267115,0.0950283514786887,3,0.4235549647763175,0.3,7.873471402677509,logged
31337,113,4521.189031578468,461.11888111888106,0.3231833620514749,0.4628492291461038,3,0.4628492291461038,0.3,4.709564982961469,logged
31337,114,5219.436278008452,530.9436278007706,0.1922997668379086,0.0374132909744004,2,0.2166262998194757,0.3,2.47366648245941,logged
31337,115,5042.311225539394,513.1459968602826,0.2691130979218769,0.2936945139746029,6,0.2936945139746029,0.3,36.31142545172594,logged
31337,116,4191.728510463842,428.1375767090053,1.2575383593585878,0.6550874596830212,2,0.6550874596830212,0.3,15.98353905792284,logged
31337,117,5120.665272849384,521.0665049236478,0.7218511928463552,0.6633949585541095,4,0.6633949585541095,0.3,5.334018482757116,logged
31337,118,4366.134092322354,445.6133866133866,0.307937225583111,0.3217177939750401,4,0.364733314189933,0.3,4.548049658728087,logged
31337,119,4522.981721634934,461.2491793920365,1.5262170890968991,0.5961807982158569,1,0.5961807982158569,0.3,20.243061136980415,logged
31337,120,4838.639937018814,492.8639931497074,0.7126370577939314,0.5134629564774222,2,0.5134629564774222,0.3,3.6936181729070223,logged
31337,121,5589.7688026259475,567.9768802625945,0.2729298685745794,0.0172203161671997,5,0.2547445460851263,0.3,1.3666916387838497,logged
31337,122,3648.847321381064,373.8374482660197,0.5835421699843772,0.3899763824333823,0,0.3899763824333823,0.3,16.330784414385022,logged
31337,123,5344.062339527612,543.4061652633081,0.3420623446994757,0.5044483272722629,1,0.5044483272722629,0.3,6.361941122110201,logged
31337,124,3864.268942833367,395.4260025688597,0.5198460446165043,0.5791354995278948,5,0.5791354995278948,0.3,6.334281540123806,logged
31337,125,4572.539868667075,466.21878121878115,1.3281564328204074,0.736459963702856,2,0.736459963702856,0.3,17.435616214720497,logged
31337,126,3721.7438243638303,381.17339803054085,1.5260382312680911,0.4700651403531793,4,0.4700651403531793,0.3,6.1006554027402125,logged
31337,127,4097.948479647367,418.7947766519195,0.4755750687578936,0.3310349430500527,1,0.3310349430500527,0.3,4.878481067880301,logged
31337,128,4141.869109028662,423.185100613672,0.2573781223680459,0.3480085000621896,0,0.3480085000621896,0.3,7.812916228263269,logged
31337,129,5105.812979261011,519.5812758669902,0.4605564462093413,0.5744404144336829,2,0.5744404144336829,0.3,5.318547366351253,logged
31337,130,4503.826832299601,459.3475096332239,0.93895231505772,0.6483365684514594,3,0.6483365684514594,0.3,17.173605567364316,logged
31337,131,4579.7794501084945,466.9427715142001,0.3796448800285273,0.4075161018991552,3,0.4075161018991552,0.3,17.463221564743307,logged
31337,132,4361.6343135771685,445.11616954474096,1.4059312382530396,0.589145508811662,0,0.589145508811662,0.3,19.52093452966217,logged
31337,133,4090.909461283999,418.09005280433854,0.7902994769338799,0.6042197386787083,4,0.6042197386787083,0.3,6.705789029251442,logged
31337,134,4639.208020577058,472.92079349222206,0.3092242047998338,0.0756953794758287,4,0.3542027067167367,0.3,4.593271477199183,logged
31337,135,4316.998199646579,440.6997288425859,0.4572257913537249,0.2693017601040852,4,0.4117566782198609,0.3,5.13925299247819,logged
31337,136,4426.241256235693,451.62323390894824,0.4621833058125094,0.5942816916696897,5,0.5942816916696897,0.3,7.255462468135246,logged
31337,137,4078.7741761636807,416.8417296988726,0.7229225389549062,0.6440574400764953,4,0.6440574400764953,0.3,15.552831293920129,logged
31337,138,4625.991151709027,471.59911517054366,0.2722391286087717,0.3028273574394826,5,0.3028273574394826,0.3,2.3014881351532694,logged
31337,139,3369.187253412702,345.9169402026545,0.498931135741905,0.3409085266443342,5,0.3409085266443342,0.3,5.522747236341303,logged
31337,140,4984.522172077948,507.4170115598687,1.8876974227871752,0.8420572939222541,2,0.8420572939222541,0.3,19.006551741986325,logged
31337,141,4475.134875300036,456.46624803767656,1.6119065615819836,0.727968505256934,0,0.727968505256934,0.3,20.0289177476901,logged
31337,142,5126.175932261244,521.5324675324675,0.4526754472035721,0.3382394574249264,6,0.3382394574249264,0.3,36.915364183380795,logged
31337,143,4601.576444508345,469.1220208363065,1.910936957519916,0.826535965349301,5,0.826535965349301,0.3,17.546335991277765,logged
31337,144,5094.071642643159,518.4071642643071,0.5178246025095332,0.3606196582964567,2,0.3606196582964567,0.3,2.158504933322865,logged
31337,145,4627.956329385044,471.79563293849,0.3975949001619987,0.4132990993518499,3,0.4132990993518499,0.3,1.9609984446542188,logged
31337,146,3414.4975891159365,350.4145854145854,0.9436599324278384,0.6693182534864488,3,0.6693182534864488,0.3,13.019868878096492,logged
31337,147,4863.731987820108,495.373198230341,0.2849677076816927,0.1914008137753666,2,0.2032176607795023,0.3,3.712772409643279,logged
31337,148,5153.269587555304,524.3269587555302,0.2850652482555981,0.3401410709823746,4,0.3401410709823746,0.3,1.6840750286128436,logged
31337,149,5324.669616105718,541.4669616098187,0.2808961831524043,0.0687718092996435,4,0.2557345993220041,0.3,2.817285511050196,logged
31337,150,4470.782755049935,455.9931497074354,0.419927076273324,0.2751823097396737,6,0.2751823097396737,0.3,32.195651450192166,logged
42,1,4945.089875460987,503.4238618524333,2.173626425894014,0.6550432143909604,6,0.6550432143909604,0.3,35.611300916015516,logged
42,2,4077.7272166311977,416.7375481661196,3.2135676145305867,0.7404964762199109,3,0.7404964762199109,0.3,15.548839117771852,logged
42,3,5026.489225099582,511.64892250606533,0.6690729886106033,0.262551694776337,0,0.262551694776337,0.3,2.8398244205149,logged
42,4,4396.842083978591,448.68331668331666,0.7710394712948504,0.4388729142034401,5,0.4388729142034401,0.3,7.207271558838301,logged
42,5,4913.277077563227,500.3268160411018,0.6468534045811342,0.363072952433387,5,0.363072952433387,0.3,8.053808043469873,logged
42,6,3844.5119017944367,393.4511203082632,0.572776761449971,0.2721823100887187,0,0.2721823100887187,0.3,4.576772651314194,logged
42,7,4765.602974047406,485.56029684601106,0.5051062686362298,0.2847188815832536,5,0.2847188815832536,0.3,3.637864767562433,logged
42,8,5451.134579707467,554.1134579706008,0.5446660354576378,0.2405558834835,0,0.2405558834835,0.3,2.62073777869217,logged
42,9,5458.611081011828,554.8602825745683,0.5316700791930566,0.2109694307084491,6,0.2109694307084491,0.3,9.57506684166738,logged
42,10,3672.8235490067937,376.2471813900386,1.176182270327649,0.600080475233633,3,0.600080475233633,0.3,14.004895236383716,logged
42,11,4274.4209854327655,436.4412730127016,0.5401150050936679,0.1482800511946451,1,0.1994120821784442,0.3,7.497853581713307,logged
42,12,4960.621028354774,505.0620807763665,0.506971108148536,0.2899679710086282,2,0.2899679710086282,0.3,5.1673059732088955,logged
42,13,5086.340807653282,517.6340802055088,0.4639501476013347,0.2399107610131676,2,0.2399107610131676,0.3,3.8827028018790353,logged
42,14,4733.5348877984525,482.3450834879406,0.5891698002673885,0.1324392208398509,4,0.3405267308290042,0.3,13.49074347440956,logged
42,15,5092.177822177823,518.2177822177822,0.4473833658123525,0.1903423290060535,3,0.1903423290060535,0.3,1.3543026122813355,logged
42,16,4183.85141426442,427.3499357785072,0.9667951928503882,0.5695765745083169,2,0.5695765745083169,0.3,15.953502791391696,logged
42,17,4557.152112490386,464.7151420008563,0.7464701299134655,0.2860224362329844,5,0.2909259401347551,0.3,5.425148806689769,logged
42,18,4430.913947405035,452.0358213215356,0.7052840798367748,0.3953428455836874,1,0.3953428455836874,0.3,19.831002522291197,logged
42,19,4763.652062223495,485.36520622234906,0.4845876243929444,0.2068249025126019,3,0.2068249025126019,0.3,1.7578051890123505,logged
42,20,5018.933175018573,510.8081918081918,0.4691082511201093,0.1299276535269728,3,0.1949833446154249,0.3,36.14307203189064,logged
42,21,4148.981025568142,423.89810189810186,0.4879520026196346,0.2982451366965907,5,0.2982451366965907,0.3,3.167161002793443,logged
42,22,4758.110461107463,484.8110460967605,0.4690905188776775,0.2601734926241926,5,0.2601734926241926,0.3,2.86633160154957,logged
42,23,4810.0628874481945,489.9706008277437,0.934928336545472,0.544918725105713,4,0.544918725105713,0.3,18.341318585083137,logged
42,24,5170.343193571362,525.9491936634794,0.9760946530361138,0.4095341619682977,6,0.4095341619682977,0.3,37.23342789359886,logged
42,25,3978.08707805862,406.8069073783359,1.085519144749108,0.428189512776703,1,0.428189512776703,0.3,7.503969891722989,logged
42,26,5043.876123876127,513.3876123876124,0.5183855480614165,0.2318966419930618,3,0.2318966419930618,0.3,1.861208901799299,logged
42,27,4788.5914187606,487.811902383331,0.7966244033958205,0.4738963863484614,0,0.4738963863484614,0.3,21.431824140768583,logged
42,28,4431.515627368117,452.1515627229913,0.5301572419176769,0.2934683431567233,3,0.2934683431567233,0.3,2.669587725907803,logged
42,29,4496.3593866539095,458.6359354930783,0.5105425132006396,0.2236947210649247,3,0.2826731102551439,0.3,3.909877079220776,logged
42,30,4277.007437518882,436.61552732981306,0.5397475162179927,0.1852884618495119,3,0.2481638898087885,0.3,30.800208431666334,logged
42,31,5252.350506636225,534.235050663622,0.4805112284674736,0.2554810885588571,4,0.2554810885588571,0.3,1.9381367183159397,logged
42,32,4859.108127922006,494.87512487512487,1.303519153376734,0.6156252223305252,4,0.6156252223305252,0.3,18.52833368273593,logged
42,33,4836.617668046985,492.661766804624,0.5346201648476431,0.0521237958784781,3,0.2512691980423572,0.3,2.2922358616252554,logged
42,34,4019.433423862751,410.9433423719138,0.443266651045768,0.2360372083063142,4,0.2360372083063142,0.3,2.421345434771777,logged
42,35,4699.406313499477,478.9406307977736,0.5226123070800428,0.3437426754684554,2,0.3437426754684554,0.3,3.5873329669804224,logged
42,36,5008.593514678914,509.7742257742258,0.6061269033438311,0.3310777122679082,6,0.3310777122679082,0.3,36.06861256502591,logged
42,37,5467.5481661196045,555.7548166119594,0.4260750286137362,0.002975734466726,3,0.1966217806157055,0.3,2.144136535733115,logged
42,38,4440.291143030274,453.0291137433995,0.4480644364583724,0.2993847433601375,5,0.2993847433601375,0.3,3.389535132262714,logged
42,39,5109.255038567422,519.9255030683603,0.3817715254503886,0.0249248754867798,5,0.2291716882476006,0.3,4.153865607809147,logged
42,40,4770.518053380155,486.0518053375196,0.3930404723848137,0.2609875653016832,5,0.2609875653016832,0.3,2.373392066332143,logged
42,41,4503.352361927305,459.335236192379,0.3894266479429346,0.272852827988878,3,0.272852827988878,0.3,2.2404738118794527,logged
42,42,4969.951487255997,505.94790923362353,1.090973738267097,0.6179769111692252,0,0.6179769111692252,0.3,22.24351942947565,logged
42,43,4308.341108492266,439.7984872270587,1.9577555861442923,0.7092560761833498,5,0.7092560761833498,0.3,16.428196198904264,logged
42,44,4452.831455078088,454.2831454260026,0.5422783454162114,0.0474325794211545,0,0.2654850813964081,0.3,3.0709182277620126,logged
42,45,3881.809624549861,397.1809618952476,0.4687324370759887,0.2457918152974666,4,0.2457918152974666,0.3,2.9632133739293365,logged
42,46,4890.896246686992,498.0896246610532,0.3921730641810608,0.0335949865308067,2,0.2907832226489505,0.3,2.928680385841737,logged
42,47,5675.28899671757,576.5288996717568,0.2861364035104235,0.0199932342958532,2,0.2260860228731586,0.3,1.5548736977308406,logged
42,48,4523.235336168818,461.3235336092479,0.3811159794583391,0.2147148548188976,0,0.2434193837934435,0.3,2.5555001895251555,logged
42,49,5059.693164756713,514.9693163978878,0.3756032614419818,0.0389839538471956,0,0.3336409279990409,0.3,3.489443542448603,logged
42,50,4355.358074706305,444.4802340516626,0.9785610065106408,0.5674718078676676,1,0.5674718078676676,0.3,19.492844589221896,logged
42,51,4418.21892493654,450.82189239332087,0.6005430748507234,0.3615769787139926,1,0.3615769787139926,0.3,3.026177330767929,logged
42,52,4097.858734647551,418.75024975024974,1.1912754758618114,0.6444305977199,5,0.6444305977199,0.3,15.625602892836582,logged
42,53,5103.477470746247,519.3005565862709,1.9858921743887097,0.745860031248667,1,0.745860031248667,0.3,22.841128443511533,logged
42,54,4549.239581751911,463.9230769230769,0.9647482175554176,0.5074882547496761,2,0.5074882547496761,0.3,7.457080428559154,logged
42,55,5209.425539796565,529.8574282859997,0.5209552340915299,0.2871894497329224,6,0.2871894497329224,0.3,37.51487337325253,logged
42,56,4082.753321200744,417.2744398458684,1.0713047394678905,0.4875009695680802,5,0.4875009695680802,0.3,6.692419543759537,logged
42,57,4212.625952005696,430.2625945483088,0.5317697219853197,0.3582110611719398,2,0.3582110611719398,0.3,3.2157449147941186,logged
42,58,4075.998287566723,416.5998287426859,0.3368623768271218,0.2728722470785069,5,0.2728722470785069,0.3,2.4554206538523995,logged
42,59,4210.679352473044,430.067932067932,0.3936932402790762,0.300523751591719,5,0.3117170922313249,0.3,3.661459699384508,logged
42,60,5816.967318395891,590.6967318395889,0.2844812282889886,0.1865951538454361,2,0.2198893913271611,0.3,1.7520985898782797,logged
42,61,4429.883215779668,451.98744113029824,0.6200261688204065,0.5580596109309364,3,0.5580596109309364,0.3,7.261432341725969,logged
42,62,4182.225366879864,427.1855287569573,1.0457312563724113,0.4847346063759385,2,0.4847346063759385,0.3,15.947302487193513,logged
42,63,3709.631349620063,379.92792921364344,0.8470175073040404,0.5261784721171068,2,0.5261784721171068,0.3,14.145247579640154,logged
42,64,4214.740671230994,430.4732410446696,0.47212709651119,0.1663673143841697,3,0.2966964041039767,0.3,7.393167061803237,logged
42,65,4477.468256201339,456.69958612815753,1.2016766494628237,0.6828861988582676,0,0.6828861988582676,0.3,20.03936102938965,logged
42,66,4675.720364666327,476.5711431425717,0.9385444880941796,0.5660858468120609,4,0.5660858468120609,0.3,7.664406807816744,logged
42,67,4242.741785917446,433.273298130441,0.8144270468904987,0.576839926420107,3,0.576839926420107,0.3,6.954671471272817,logged
42,68,4976.571999429888,506.6571999429142,0.3240737576529885,0.0405355142094161,2,0.244063214122213,0.3,2.358564928631127,logged
42,69,4729.079492937502,481.90794919366346,0.3228601339377626,0.2860624202011911,0,0.2860624202011911,0.3,3.2390955269679207,logged
42,70,4622.0372217882095,471.20365348936775,0.509129842584958,0.4693077654067352,1,0.4693077654067352,0.3,5.502392524825536,logged
42,71,4131.3509755926425,422.13329527615247,0.4029672911125685,0.4509881502518732,0,0.4509881502518732,0.3,7.793075597560048,logged
42,72,4799.9229342087365,488.9922934208648,0.3004025301061126,0.2941720967610103,2,0.2941720967610103,0.3,2.0338656500879697,logged
42,73,5348.276906804202,543.8258883973169,0.7643762685492566,0.6362351545606257,0,0.6362351545606257,0.3,10.088594868275704,logged
42,74,4300.484789781349,439.0132724418438,1.2921276992257549,0.7130212129550645,2,0.7130212129550645,0.3,16.39823915930736,logged
42,75,4148.097616807264,423.8097616669045,0.3416952969178013,0.1788458485348451,3,0.2292462166362012,0.3,2.4988539846970537,logged
42,76,4217.845372007821,430.78364492650206,0.9231799759862278,0.5207395063865433,5,0.5207395063865433,0.3,6.913861450703342,logged
42,77,4174.552362497572,426.4200085628657,1.7773192188976112,0.6694649501958705,2,0.6694649501958705,0.3,15.918044446046569,logged
42,78,5947.405451691167,603.7405451691166,0.38400727114314,0.078178783643599,4,0.2763655870669368,0.3,1.8527742840159396,logged
42,79,4337.061740704283,442.58584272869984,0.6628117724314321,0.2357546346756715,2,0.398797975289539,0.3,31.232680220025404,logged
42,80,4465.233844289044,455.5132010846297,0.7354720995595694,0.0046799730211614,1,0.5566166859775228,0.3,12.726075918830334,logged
42,81,3601.3349706703702,369.13258170401025,0.8600327656569956,0.4878931809779417,4,0.4878931809779417,0.3,5.903282085690824,logged
42,82,5291.461395747112,538.146139574711,0.2430730006870298,0.2246100306347564,3,0.2246100306347564,0.3,1.2874601936124357,logged
42,83,3454.451530863893,354.4442700156985,0.4406378892400391,0.4149660157374987,3,0.4149660157374987,0.3,5.6625118196767135,logged
42,84,4028.215682869765,411.73868988154703,1.5409187527886927,0.4223152292309681,4,0.4919292607349221,0.3,18.028685800613903,logged
42,85,4995.183388078716,508.5183388040531,0.3882298865119089,0.2532425428397887,0,0.2532425428397887,0.3,2.822137506946563,logged
42,86,4068.500425636276,415.8491508491508,0.5924059117511885,0.4799331270553864,5,0.4799331270553864,0.3,6.669056301034221,logged
42,87,3701.545844454648,379.1537034394177,0.6395930358013734,0.5836479217584327,3,0.5836479217584327,0.3,6.067547021005085,logged
42,88,2986.2034411861637,307.5494505494505,0.8945383643811702,0.4171866623350235,4,0.4171866623350235,0.3,11.386734426610325,logged
42,89,4671.348656946031,476.1348651348651,0.3206515241847628,0.3757868413638373,4,0.3757868413638373,0.3,3.565914909120378,logged
42,90,3920.204081774466,401.0204081632653,0.2995675407700879,0.2769188792380038,2,0.2769188792380038,0.3,2.36156872270225,logged
42,91,4116.6558999406,420.66476380762094,0.3647614988681522,0.1179042561977696,4,0.3140762990836964,0.3,7.221114459535575,logged
42,92,4614.965982238218,470.449407735122,1.3568535115464857,0.7267614334680212,1,0.7267614334680212,0.3,20.65474597800585,logged
42,93,4775.979734551164,486.5979734551163,0.4477880872010579,0.3274970218889074,4,0.3274970218889074,0.3,1.5607776910297917,logged
42,94,5181.243939771234,527.1225916940202,0.4745445951103079,0.5468829133169781,0,0.5468829133169781,0.3,9.773516205856824,logged
42,95,4245.570144141663,433.55701441415727,0.276823878359289,0.2517177991700818,5,0.2517177991700818,0.3,1.7989704000596038,logged
42,96,4256.646511380439,434.66462109319247,0.4299032420685857,0.5574134197750159,3,0.5574134197750159,0.3,4.434000262944876,logged
42,97,3875.0017272224304,396.3784786641929,1.2045267929765424,0.1339061626172772,4,0.5394561207113746,0.3,27.905226403055796,logged
42,98,4085.974713006647,417.5974025974026,0.5793257420579199,0.409851835882656,1,0.409851835882656,0.3,4.86422666859781,logged
42,99,4366.644793672158,445.664478378764,0.3023888631374453,0.0296483752033385,0,0.3526476425546349,0.3,3.5501174815182965,logged
42,100,4063.7414478560304,415.3723419437705,0.4227063211332536,0.4023367613129625,0,0.4023367613129625,0.3,7.665541973842405,logged
42,101,4293.181328222584,438.3181104609676,0.3061663472858782,0.439035932230881,4,0.439035932230881,0.3,4.472057307863126,logged
42,102,4240.208363203734,433.02083630655056,0.2993401658311548,0.3358801259126661,2,0.3358801259126661,0.3,2.5543423861111454,logged
42,103,3910.175015054764,399.98187526758954,0.9495330099025824,0.6750910601005777,5,0.6750910601005777,0.3,14.909943456601866,logged
42,104,4563.760525190556,465.3760525189096,0.3915950777425079,0.3290842178092709,1,0.3290842178092709,0.3,2.194115637099673,logged
42,105,4972.087142416187,506.1735407449693,1.621701483431922,0.8346733975200202,3,0.8346733975200202,0.3,18.95913555513428,logged
42,106,5217.591060505528,530.7590980448124,0.4516378928225045,0.2108464226576928,4,0.2132679787661536,0.3,5.165927479778852,logged
42,107,3735.2073231804206,382.4850863422292,1.7841786436382745,0.6847396467324298,5,0.6847396467324298,0.3,14.242771684869275,logged
42,108,3981.206040183025,407.0376766091051,1.7720246537154745,0.6652747007653134,0,0.6652747007653134,0.3,17.81828940073827,logged
42,109,4204.397401994708,429.4388468674183,0.9100651493709302,0.5454139326959142,4,0.5454139326959142,0.3,6.891817636086302,logged
42,110,5898.204652490369,598.8204652490366,0.2754598166570413,0.021532789623266,2,0.2621220287942152,0.3,1.36849295881447,logged
42,111,4430.3125447365655,452.03125445982585,0.3630081623392056,0.4334656376969118,2,0.4334656376969118,0.3,2.6688629773349657,logged
42,112,4749.166547877836,483.9166547737976,0.280432651414331,0.3809689916808395,5,0.3809689916808395,0.3,2.8609437020165207,logged
42,113,4912.648779795099,500.26487797916366,0.3032879531231171,0.3608548275449492,2,0.3608548275449492,0.3,2.4441038705179032,logged
42,114,4359.67858540296,444.9651776794634,0.7005092326089902,0.3906609183751105,3,0.4117303449908373,0.3,8.223775950731264,logged
42,115,5048.096189672402,513.8096189524762,0.3333358416273584,0.456844394792987,4,0.456844394792987,0.3,3.041021799387179,logged
42,116,4791.9623335525575,488.14899386327954,1.046100532453618,0.735195058664576,0,0.735195058664576,0.3,21.446911010099655,logged
42,117,3809.397975864889,389.8925360353931,0.7006320201333999,0.3106725794736776,2,0.3779105711486472,0.3,17.04934507067781,logged
42,118,3610.1629160775337,370.0162694448409,0.3809790762739212,0.3682514693565186,2,0.3682514693565186,0.3,3.7605808413652775,logged
42,119,4821.722563151191,491.1722563151135,0.2621051361123888,0.2698963968631342,1,0.2698963968631342,0.3,2.017457139393462,logged
42,120,4616.76916593157,470.6768945340374,0.4066836684538699,0.4867145686804831,2,0.4867145686804831,0.3,4.809127476516172,logged
42,121,3467.511938911888,355.7493934636792,0.4868776491601491,0.4407729498542574,1,0.4407729498542574,0.3,6.540858628334276,logged
42,122,3843.185633442289,393.31853860425286,0.3951909819403655,0.3804643135492037,3,0.3804643135492037,0.3,4.003312481708225,logged
42,123,4092.109319430436,418.21093192521766,0.3180708685735997,0.3570912675322353,4,0.3570912675322353,0.3,2.4651260947289835,logged
42,124,4510.078723688407,459.96061081775366,0.8384590038329197,0.5849886881630384,0,0.5849886881630384,0.3,20.18531246755014,logged
42,125,4554.876579252882,464.4876552019409,0.3115836003459806,0.0927216839416932,1,0.3193030305937274,0.3,3.960761586086971,logged
42,126,5011.626970766973,510.16269444840873,0.2004253379154098,0.2196820931155338,1,0.2196820931155338,0.3,4.357935773721256,logged
42,127,4140.706353643526,423.0353931782504,1.3533785982749895,0.8094592836182024,3,0.8094592836182024,0.3,15.788985752688207,logged
42,128,4063.082081766398,415.2725845582989,1.4947540174629608,0.7622466951709144,5,0.7622466951709144,0.3,15.492995547622751,logged
42,129,4552.9842314032785,464.298273155416,0.6511242331908774,0.0619922946673932,1,0.531870502773165,0.3,5.76320943131066,logged
42,130,4563.674282480439,465.3673469387755,0.3356298294422432,0.0396867694934376,3,0.4531334443946217,0.3,5.776740996556185,logged
42,131,4304.382280225992,439.3910375338947,0.8624721788188762,0.6873931508177061,1,0.6873931508177061,0.3,19.26469727674544,logged
42,132,4150.828114097977,424.08191808191816,0.8424985034014771,0.5613799294511616,4,0.5613799294511616,0.3,6.804007249060537,logged
42,133,5377.862145745959,546.7862137862137,0.2154275450716726,0.0613953367715128,3,0.3084610684796775,0.3,4.372245355169513,logged
42,134,5060.00285428857,515.0002854288568,0.217191184345218,0.0209317227562627,0,0.2819249168959977,0.3,1.6923086469192532,logged
42,135,4163.981952942819,425.39817325531607,0.3817322147559288,0.4832232055197544,3,0.4832232055197544,0.3,4.337474823169791,logged
42,136,4354.222371198857,444.420436706151,0.3940595987178791,0.4484796409728783,1,0.4484796409728783,0.3,8.213483750910852,logged
42,137,4575.827030112748,466.5827030112744,0.2301309526267332,0.3140625353456244,4,0.3140625353456244,0.3,1.6884970590821855,logged
42,138,4985.917996140137,507.5834165834165,0.1931405621833176,0.1738524700892783,1,0.234825570946622,0.3,14.210044346298844,logged
42,139,3726.260126254881,381.5899814471243,1.1319017400211724,0.726249024731683,2,0.726249024731683,0.3,14.20865500217828,logged
42,140,4970.418966368104,506.04181532752955,0.2656750709922279,0.2204090102814363,6,0.2204090102814363,0.3,6.2916021687404715,logged
42,141,4172.156500659766,426.2156415013558,0.3854084940195758,0.0607432685090636,5,0.3958243206143306,0.3,4.13084461138432,logged
42,142,4658.772125870936,474.87541030398165,0.5322510721452888,0.5969392868022202,0,0.5969392868022202,0.3,8.787963933156181,logged
42,143,4739.920300511189,482.992007992008,0.4368110296907022,0.5062696070243291,2,0.5062696070243291,0.3,4.937409719744047,logged
42,144,4511.625527501466,460.1153132581703,0.9071403870122682,0.7196968782224686,0,0.7196968782224686,0.3,20.192235344112937,logged
42,145,5420.184101612676,551.0184101612673,0.2721752389284017,0.0790133126633987,5,0.2204270350863703,0.3,2.007475593189868,logged
42,146,4854.583987581243,494.45839874411297,0.3081555356918612,0.4930582842615151,4,0.4930582842615151,0.3,2.924448183731725,logged
42,147,4901.108891108893,499.11088911088905,0.1877517902479596,0.2519266585480821,3,0.2519266585480821,0.3,1.4372753346360383,logged
42,148,4279.206535014916,436.9206507777936,0.2726906543203415,0.2090448831544656,4,0.3287812149953655,0.3,3.7210485438882017,logged
42,149,4633.97857626241,472.39703153988864,0.2445868663699022,0.08714934125433,4,0.4525184080752117,0.3,8.128561268069406,logged
42,150,4386.991585446918,447.6991579848722,0.3032451054083621,0.4666318021681015,2,0.4666318021681015,0.3,3.348848448182005,logged
8675309,1,4202.774374124306,429.27743684886536,0.7483866484901445,0.2457881087357447,4,0.2457881087357447,0.3,3.208224626537884,logged
8675309,2,4658.564514016041,474.85642928500073,0.6887771133944955,0.3390366586735155,3,0.3390366586735155,0.3,4.852664233421156,logged
8675309,3,5963.5193378050535,605.3519337805052,0.5850060409960038,0.0210612341449144,5,0.1957384713643285,0.3,1.5409610692002718,logged
8675309,4,4547.000124786772,463.69073783359494,0.7048114154470404,0.0965051814818218,5,0.4115405706746198,0.3,12.959112738289482,logged
8675309,5,4839.4763311473525,492.9119451976594,0.8636013831075695,0.5208447520774827,4,0.5208447520774827,0.3,18.453475401780572,logged
8675309,6,4451.761096050326,454.176109604681,0.5738581355365446,0.2447066537061303,3,0.2447066537061303,0.3,2.2148065154235272,logged
8675309,7,3948.257131298338,403.823890395319,0.5629934014562519,0.3635482578671674,1,0.3635482578671674,0.3,7.447700881525733,logged
8675309,8,5187.508206079636,527.7508206079635,0.4845366032387626,0.028183819068297,3,0.2057211736319567,0.3,1.6160461701182662,logged
8675309,9,4714.128728414446,480.41287284144425,0.4523266724210906,0.2112548444709011,3,0.2112548444709011,0.3,1.7395308960938822,logged
8675309,10,4199.62755497596,428.96275153418014,0.4283108770194443,0.2383958712180818,0,0.2383958712180818,0.3,3.6518494422848873,logged
8675309,11,4325.607473505932,441.5607249892964,0.5021012519429717,0.3591614706804652,4,0.3591614706804652,0.3,4.50583449286739,logged
8675309,12,5241.545225053252,533.146139574711,0.5030514107347476,0.1742491892126431,6,0.1742491892126431,0.3,14.93859107767087,logged
8675309,13,4639.556158127589,472.95561581275865,0.4273457395802949,0.1788011934398763,5,0.2175288276477445,0.3,1.541380783431092,logged
8675309,14,4322.451285139946,441.24332810047093,0.5999688363003536,0.4086140625772188,1,0.4086140625772188,0.3,8.153553118791617,logged
8675309,15,4045.543398775078,413.5534465534466,0.555168490784594,0.3937257328231354,4,0.3937257328231354,0.3,6.631425309606281,logged
8675309,16,4145.500214075145,423.5500214071642,0.4099670721506553,0.1970787604956388,5,0.1970787604956388,0.3,2.062437917427603,logged
8675309,17,4634.071648240524,472.4071642643071,0.4398778999820225,0.2445085235486827,4,0.2445085235486827,0.3,3.5374591780516376,logged
8675309,18,4185.576510331129,427.5224775224775,0.8725670196169782,0.5476765673272584,3,0.5476765673272584,0.3,15.960080779515708,logged
8675309,19,4722.371365059938,481.235336092479,0.8702648122661055,0.4391133054866242,1,0.4391133054866242,0.3,8.907932844506323,logged
8675309,20,4345.468268160343,443.5450264021693,0.5093891714319654,0.2679971575720791,1,0.2679971575720791,0.3,8.196970656968697,logged
8675309,21,5732.274867989156,582.2274867989154,0.5321084543303417,0.0242625333758075,4,0.1856087407246464,0.3,1.9171487852806528,logged
8675309,22,5156.245183392243,524.624518338804,0.5165913698457778,0.230729704927027,2,0.230729704927027,0.3,2.5652961111121626,logged
8675309,23,5397.847866457441,548.7847866419295,0.5407862957339983,0.2588995377269993,1,0.2588995377269993,0.3,3.04963156249209,logged
8675309,24,4196.02352786502,428.5671471385757,0.9431003728453318,0.5482634399753012,2,0.5482634399753012,0.3,15.99991644930561,logged
8675309,25,4439.979489938889,452.9961467104324,0.833113246262897,0.4122571777261336,0,0.4122571777261336,0.3,8.375249651053029,logged
8675309,26,5114.395604399069,520.4395604395604,0.4931135016393929,0.2545986480384897,3,0.2545986480384897,0.3,2.5444754250461363,logged
8675309,27,4799.180289136155,488.9162266305124,0.5810468639222204,0.3594221070995547,0,0.3594221070995547,0.3,9.052819530587826,logged
8675309,28,3551.2459231975013,364.12458969601823,0.4334354724040484,0.2357122366372145,0,0.2357122366372145,0.3,3.0880394211813647,logged
8675309,29,4352.112420669956,444.21036106750387,0.6659816118778332,0.3707072922376907,3,0.3707072922376907,0.3,7.133951020132707,logged
8675309,30,5683.376623376626,577.3376623376622,0.4820711561371036,0.2063231306359994,1,0.2063231306359994,0.3,2.104954304954293,logged
8675309,31,4898.63931730738,498.86385043527895,0.3996363665556579,0.0873847693628868,2,0.2167839733196004,0.3,6.200742826951047,logged
8675309,32,4777.697643687222,486.76880262594545,0.5206991430839863,0.429971941848416,3,0.429971941848416,0.3,7.831567221744994,logged
8675309,33,5221.088911088915,531.1088911088912,0.4668450984972644,0.1904200416783381,0,0.1904200416783381,0.3,1.9337366337366233,logged
8675309,34,5153.801172123586,524.3800485229057,0.5353322431228658,0.3908385395507227,1,0.3908385395507227,0.3,6.135441080017624,logged
8675309,35,3697.302148223536,378.69501926644784,0.8884845335651895,0.514743358410543,3,0.514743358410543,0.3,14.098234928037732,logged
8675309,36,4376.570200078229,446.6486370772085,0.5207133010162776,0.2047816983799027,3,0.2135874687361405,0.3,12.473381366469964,logged
8675309,37,3370.863549723348,346.0493791922363,1.04955568077539,0.4251198198175104,3,0.4251198198175104,0.3,12.8534873075474,logged
8675309,38,4672.593121168011,476.25931211645496,0.4630499619538185,0.2381330435221655,2,0.2381330435221655,0.3,2.324673194585344,logged
8675309,39,4722.805235618244,481.27872127872126,0.6266259927733817,0.4246774356845703,0,0.4246774356845703,0.3,8.90875126590901,logged
8675309,40,4704.170115602196,479.4170115598687,0.3943201471610921,0.3006228702506366,4,0.3006228702506366,0.3,2.3403831420648653,logged
8675309,41,4223.697838387299,431.2989867275582,1.3516926482905725,0.37091122380986,5,0.4792437862773598,0.3,16.105441752776418,logged
8675309,42,4169.401257013271,425.9049521906665,0.965736886716301,0.531922763008498,3,0.531922763008498,0.3,15.898402693129055,logged
8675309,43,4935.245652344375,502.5227629513344,0.948453883651462,0.5396220361117603,0,0.5396220361117603,0.3,9.309483190479131,logged
8675309,44,5280.1613473615835,537.0161267304125,0.3931894835479511,0.0722999488302887,0,0.2863871496019079,0.3,5.227878207718045,logged
8675309,45,4933.223918938214,502.3223918938204,0.3332065460456966,0.0256796718386033,3,0.2757646171609053,0.3,1.9345976152698308,logged
8675309,46,4731.357214252544,482.13572142143573,0.3197795269670964,0.2530841872019148,0,0.2530841872019148,0.3,2.6730831714749237,logged
8675309,47,5235.931898540027,532.5931211645498,0.4397866757101384,0.3731453002495303,1,0.3731453002495303,0.3,6.233215172567548,logged
8675309,48,5027.188525759955,511.71885257599536,0.3301870893343273,0.2264215428341111,1,0.2264215428341111,0.3,1.670162300916928,logged
8675309,49,4125.184815328135,421.5184815184815,0.3565480814458303,0.2876445160611537,5,0.2876445160611537,0.3,2.4850510922471014,logged
8675309,50,5381.674040245471,547.1674040245468,0.2563177491142799,0.2992455921084054,5,0.2992455921084054,0.3,1.758717006616166,logged
8675309,51,5428.194662480451,551.8194662480377,0.2111717164742758,0.0511771594497736,5,0.2489548517772682,0.3,2.3296972800337676,logged
8675309,52,4083.212501783936,417.32125017839303,0.3436806754626391,0.1967732612187597,0,0.232311329461173,0.3,1.506720480363068,logged
8675309,53,4845.962614336451,493.5962608819752,0.4186374412221396,0.3471965068945747,3,0.3471965068945747,0.3,3.6992080027697143,logged
8675309,54,4227.20016350534,431.7199942914229,0.37897502279833,0.4177734754001114,2,0.4177734754001114,0.3,4.403327029010162,logged
8675309,55,4615.578707007336,470.55787070072785,0.314924617270446,0.2533959611656462,1,0.2533959611656462,0.3,1.93120447991906,logged
8675309,56,5393.766233766322,548.3766233766233,0.3060222430149524,0.3138533185417652,2,0.3138533185417652,0.3,2.2854941668495994,logged
8675309,57,4196.293157213089,428.5941201655487,0.8474073078134436,0.5512210148729573,3,0.5512210148729573,0.3,16.00094457677266,logged
8675309,58,4033.779518740834,412.24475524475525,1.8309326017537153,0.2427585324652267,1,0.5470159018064106,0.3,29.04864014374441,logged
8675309,59,4536.286663672057,462.5929784501213,2.7495673676597563,0.7883086812256793,4,0.7883086812256793,0.3,17.297378607832012,logged
8675309,60,4671.649784321905,476.1649778792636,0.7968657709244324,0.4044087897416075,2,0.4044087897416075,0.3,3.566144777340035,logged
8675309,61,4967.311939111539,505.6460682174968,0.6148007191246556,0.346014295572196,6,0.346014295572196,0.3,35.77132967495913,logged
8675309,62,3587.898986948968,367.74268588554304,1.4920644742034292,0.5985748998956779,1,0.5985748998956779,0.3,16.05800399296424,logged
8675309,63,5558.95104895105,564.8951048951049,0.3330907526297068,0.0410521913522893,5,0.2598870404480928,0.3,1.2897798257427024,logged
8675309,64,5306.414641351243,539.6330812045097,0.3784047438001785,0.2937965125208235,6,0.2937965125208235,0.3,15.123471230739288,logged
8675309,65,4087.45134352588,417.7451120308264,0.4535839931646882,0.4651185212269313,5,0.4651185212269313,0.3,4.257755555579495,logged
8675309,66,5255.648637077212,534.5648637077207,0.2683348756523548,0.18601558741886,0,0.18601558741886,0.3,1.9465365322508077,logged
8675309,67,5078.428714146461,516.8428714142999,0.316102857969436,0.4061361438597201,2,0.4061361438597201,0.3,2.5265814497962795,logged
8675309,68,5537.997716607331,562.7997716569146,0.2421839072720573,0.3311266663095517,0,0.3311266663095517,0.3,3.1288122687790465,logged
8675309,69,4206.873132474007,429.6873126873126,0.3705928509899618,0.3808872006059018,4,0.3808872006059018,0.3,3.211353449621203,logged
8675309,70,5297.02012273441,538.7020122734409,0.2110467755932613,0.0343327033661107,3,0.2904823124440315,0.3,1.6501620320044883,logged
8675309,71,4003.4070846695017,409.33894676751817,0.8238069026251164,0.3834169148443722,3,0.3937785038580305,0.3,6.56235577004879,logged
8675309,72,4516.857651898906,460.6857428286,0.6297423162363618,0.512804982939787,4,0.512804982939787,0.3,4.705053135762801,logged
8675309,73,5423.3908948194685,551.3390894819466,0.2353029400211489,0.2324131061023075,1,0.2324131061023075,0.3,1.376495150969408,logged
8675309,74,4646.450692203125,473.6450692164978,0.2442899499960535,0.3320872565960316,1,0.3320872565960316,0.3,2.6251133850138477,logged
8675309,75,4294.843425618008,438.4835164835165,0.388079225886991,0.1088499269296956,3,0.3783670078430545,0.3,7.533677022317799,logged
8675309,76,4374.170491560885,446.41615527329816,0.6791660382307003,0.5032077908816589,4,0.5032077908816589,0.3,7.170108449473716,logged
8675309,77,4708.602832109353,479.8602825745684,0.3129698516511763,0.3707407343256844,5,0.3707407343256844,0.3,3.594353210004714,logged
8675309,78,4633.439417725135,472.3439417725132,0.2638400713360231,0.2427300103022309,3,0.2427300103022309,0.3,1.7097562427029926,logged
8675309,79,4512.198025810708,460.2197802197802,0.325039888373876,0.4651169361731784,4,0.4651169361731784,0.3,4.700199365724567,logged
8675309,80,4996.901695965244,508.6901669758813,0.4979917519695352,0.5244860317565588,1,0.5244860317565588,0.3,4.345131189060297,logged
8675309,81,4460.665057123756,455.06650492364776,0.2634068186709898,0.0772382990447509,3,0.4047469370914761,0.3,3.626556714995718,logged
8675309,82,3984.5041529353966,407.45040673612095,0.3417911130062357,0.0530105258121291,3,0.375276229619587,0.3,3.945050361027641,logged
8675309,83,3962.74747327702,405.27472527472526,0.3626898284923729,0.4338508890970918,3,0.4338508890970918,0.3,4.127855881741093,logged
8675309,84,4967.857882664383,505.7857856429285,0.5660702704967401,0.5153462441323987,0,0.5153462441323987,0.3,4.319875703421124,logged
8675309,85,4101.182552689283,419.08263165406026,1.3054353819659792,0.7441427244204891,5,0.7441427244204891,0.3,15.638276990254589,logged
8675309,86,4263.586419103112,435.3586413586413,0.5562955325503369,0.4118172316786068,3,0.4118172316786068,0.3,3.254646033666547,logged
8675309,87,5476.196661258754,556.6196660482374,0.287574918441555,0.1067530504595402,1,0.3107316583961086,0.3,3.7766873315383704,logged
8675309,88,4870.300819844424,496.02925645782784,0.2313559340187431,0.1489167955011236,5,0.2693162676692014,0.3,8.54309918712759,logged
8675309,89,4119.348108627876,420.8991008991009,0.9514388978459072,0.6651585957547709,4,0.6651585957547709,0.3,15.707544327614007,logged
8675309,90,4443.80851818819,453.3790495219066,0.9222131697008672,0.5547303902727033,0,0.5547303902727033,0.3,8.382472447370331,logged
8675309,91,4924.160131186079,501.4160125588697,0.4180180330781046,0.446591539335851,4,0.446591539335851,0.3,3.75890076211356,logged
8675309,92,4579.469107925081,466.9469102326245,0.2646637166621879,0.4250568028524462,4,0.4250568028524462,0.3,3.495777850690819,logged
8675309,93,4522.144384673964,461.2143570714999,0.1938064153438498,0.0978686642367244,0,0.2587546435521289,0.3,5.724172068891379,logged
8675309,94,5295.511631225991,538.5511631225917,0.2138543525102968,0.0331671061873042,2,0.2405594462822214,0.3,2.2727517730576228,logged
8675309,95,5621.087483944629,571.1087483944626,0.2221931013902893,0.0244211160801229,1,0.2655205007269941,0.3,1.5400239682040076,logged
8675309,96,4638.718424436256,472.87184244327096,0.2166533984119611,0.3075954578862283,3,0.3075954578862283,0.3,2.307820111634408,logged
8675309,97,3404.139862185121,349.32795775652914,0.537629102632041,0.1695352021541175,3,0.373603311628452,0.3,24.51438741164985,logged
8675309,98,4848.469552586705,493.8451548451549,0.6561579390043295,0.6195904303408196,1,0.6195904303408196,0.3,9.145795159743392,logged
8675309,99,4723.428687465387,481.3428000570858,0.2059227281446834,0.3343247662694739,1,0.3343247662694739,0.3,5.623095932447028,logged
8675309,100,5338.471528471529,542.8471528471528,0.1999144103899191,0.2547160599339566,4,0.2547160599339566,0.3,1.5655341725722955,logged
8675309,101,4167.9420579837115,425.7942057942058,0.2040294642917972,0.1610945139699969,4,0.3384898783228185,0.3,2.354769523915329,logged
8675309,102,5412.282003710577,550.2282003710575,0.1690887029938199,0.2300382358564941,5,0.2300382358564941,0.3,1.5871794732289075,logged
8675309,103,5132.263450973714,522.226345083488,0.2785364904426899,0.3847278452110531,3,0.3847278452110531,0.3,3.0917249688187853,logged
8675309,104,4088.814515965192,417.88054802340514,0.541307093957843,0.4327771396925022,2,0.4327771396925022,0.3,6.70235501012472,logged
8675309,105,4388.333121709738,447.83330954759526,0.3864523707104975,0.4134226853488402,0,0.4134226853488402,0.3,3.815941212236317,logged
8675309,106,4163.3718173555235,425.2520336806051,0.5776267218415662,0.393559429255199,6,0.393559429255199,0.3,29.981879065299022,logged
8675309,107,4422.06103795544,451.2052233480805,1.0115621631237888,0.5888116179803752,3,0.5888116179803752,0.3,7.248610284739625,logged
8675309,108,4583.246758911959,467.32467532467535,0.4413851720634808,0.4628371287859007,5,0.4628371287859007,0.3,3.4986615536564565,logged
8675309,109,4886.611959469901,497.6611959469102,0.1891238620803398,0.0534198078339361,0,0.305026208065517,0.3,2.315929838602854,logged
8675309,110,4298.401899050166,438.8401598401598,0.4005667152951345,0.3928438759606134,2,0.3928438759606134,0.3,4.477495394479041,logged
8675309,111,5334.231482802914,542.4231482802911,0.178737682412031,0.3316181139985073,5,0.3316181139985073,0.3,1.564290757420209,logged
8675309,112,4693.177193551728,478.31682603111176,0.517508710151035,0.6619518707151959,4,0.6619518707151959,0.3,7.693021914734436,logged
8675309,113,4247.739403591784,433.7739403453689,0.3833751475697319,0.3843132451713872,3,0.3843132451713872,0.3,2.558879157426831,logged
8675309,114,4741.809312353782,483.180105608677,0.2765226257092252,0.1510722304209416,0,0.3004403429001389,0.3,8.317709476347636,logged
8675309,115,3790.533277678585,388.0061367204224,0.6332627445923863,0.5806671859189064,1,0.5806671859189064,0.3,16.964914210192706,logged
8675309,116,4852.861504347404,494.2861424289995,0.1909872719001328,0.1918147077672431,4,0.2056252199018629,0.3,4.804809405365745,logged
8675309,117,5351.384330093977,544.1384329955758,0.2962050208916656,0.4782055900392827,2,0.4782055900392827,0.3,3.223725498338974,logged
8675309,118,4322.674688983444,441.2674468388754,0.3710782529949427,0.4772541155493743,2,0.4772541155493743,0.3,4.5027795134818325,logged
8675309,119,4319.770917381602,440.97702297702295,0.3754274566610527,0.4163160372421358,0,0.4163160372421358,0.3,5.142553827284695,logged
8675309,120,3978.110684580596,406.8110460967604,0.3797992563320682,0.4846186897082962,4,0.4846186897082962,0.3,4.14385920331774,logged
8675309,121,3858.1539329085504,394.78021978021974,1.089536763969036,0.7242373618106887,3,0.7242373618106887,0.3,14.711581135129045,logged
8675309,122,4571.611245897135,466.161124589696,0.2809284515162027,0.2013579264930448,0,0.2427056934817575,0.3,1.9371234092779912,logged
8675309,123,5159.6461482749,524.9646068217497,0.2460763600030234,0.185811964875378,5,0.1974455978190007,0.3,5.108556326897321,logged
8675309,124,4960.005972791179,504.9987155701441,0.6212320887692991,0.6234310916812059,1,0.6234310916812059,0.3,9.356189231723686,logged
8675309,125,4292.316947589667,438.2316255173398,0.3328927975536179,0.1122810408416084,2,0.4684266444039766,0.3,5.109870724377643,logged
8675309,126,4226.929688952294,431.65734265734267,1.2384623058508282,0.6996030921650401,5,0.6996030921650401,0.3,16.117765167712765,logged
8675309,127,4177.540539803854,426.7531040388183,1.2507190787727098,0.5372358191427671,2,0.5372358191427671,0.3,6.84779406295569,logged
8675309,128,4075.2204995554534,416.52204937919225,0.5386081203400466,0.2926433924997664,1,0.4212312143720532,0.3,3.1108552592643,logged
8675309,129,5593.275296132528,568.3275296132439,0.2201870419351317,0.3429695905416168,5,0.3429695905416168,0.3,2.3700319051403445,logged
8675309,130,4897.170287572157,498.70857713714855,0.310097825210149,0.2538082963049548,1,0.3535063800093697,0.3,13.957110207518443,logged
8675309,131,4659.753104040279,474.9753104038818,0.1951938526785263,0.1883377989662971,3,0.272815808911245,0.3,2.240265915392574,logged
8675309,132,4539.67200746988,462.9663193948909,0.535114694103225,0.6293243795866926,2,0.6293243795866926,0.3,7.44139733039622,logged
8675309,133,4378.77730772673,446.8768374482661,0.7083621863701403,0.630041554565445,4,0.630041554565445,0.3,7.177659909020075,logged
8675309,134,4431.78220577323,452.1301555587269,1.2387920918519322,0.7457863457142743,0,0.7457863457142743,0.3,19.834888500239327,logged
8675309,135,5290.67789353504,538.0677893535036,0.4736858075280212,0.3781032785351899,5,0.3781032785351899,0.3,1.9522796655110743,logged
8675309,136,4185.976110594377,427.56243756243754,1.5614222900820272,0.7770167612980631,3,0.7770167612980631,0.3,15.961604500911127,logged
8675309,137,5571.335807050094,566.1335807050093,0.3240441531942581,0.0656981229977678,5,0.237820169127416,0.3,1.4396216555684993,logged
8675309,138,4418.393035675752,450.8393035535892,0.3674885710618442,0.4257686212937522,5,0.4257686212937522,0.3,2.661682550193723,logged
8675309,139,3762.6631000390826,385.23105465962607,0.7196537187943168,0.5550252100067635,3,0.5550252100067635,0.3,14.347463694547516,logged
8675309,140,4449.641047311265,453.964035964036,0.5686678283701168,0.488994036531846,1,0.488994036531846,0.3,5.297160204912833,logged
8675309,141,5191.0261168784955,528.1026116740402,0.3422920290812938,0.5056922071471266,3,0.5056922071471266,0.3,3.127124165128106,logged
8675309,142,4250.757289086988,434.0739260739261,0.4302737809644424,0.5056583162614984,0,0.5056583162614984,0.3,8.018314855465,logged
8675309,143,4402.307697905072,449.2307692307692,0.3692669486517919,0.5325875403845529,4,0.5325875403845529,0.3,3.360540136766004,logged
8675309,144,4512.172120196375,460.2172113600686,0.2575252441158717,0.4228180186772221,5,0.4228180186772221,0.3,3.444406105718657,logged
8675309,145,4453.978138728124,454.39774511203086,0.4250787512241117,0.4739326063260751,0,0.4739326063260751,0.3,5.302323378259667,logged
8675309,146,4931.525003053709,502.1524190095619,0.2129642028662032,0.1367114405982002,5,0.3905570473673719,0.3,6.242369831266401,logged
8675309,147,5504.0373919566255,559.4037391180248,0.1769109103985851,0.0669537992044374,2,0.3345093244590831,0.3,3.7958878353609,logged
8675309,148,4339.235093946486,442.8882546025403,0.9295103673493076,0.7739395164912225,3,0.7739395164912225,0.3,16.545998490233426,logged
8675309,149,4806.603115237477,489.6594833737691,0.6891284300373323,0.2175907999318685,0,0.4008463215566236,0.3,8.431365676492637,logged
8675309,150,4373.37376922824,446.3373769088055,0.3447440192699172,0.431469374219414,4,0.431469374219414,0.3,2.6345625101795513,logged
