round,f1_actinic_keratoses_an,recall_actinic_keratoses_an,f1_basal_cell_carcinoma,recall_basal_cell_carcinoma,f1_benign_keratosis-lik,recall_benign_keratosis-lik,f1_dermatofibroma,recall_dermatofibroma,f1_melanoma,recall_melanoma,f1_melanocytic_nevi,recall_melanocytic_nevi,f1_vascular_lesions,recall_vascular_lesions,balanced_accuracy,worst_class_f1
0,0.0,0.0,0.0,0.0,0.0,0.0,0.0,0.0,0.0,0.0,0.8016726403823178,1.0,0.0,0.0,0.14285714285714285,0.0
1,0.0,0.0,0.0,0.0,0.0,0.0,0.0,0.0,0.0,0.0,0.8016726403823178,1.0,0.0,0.0,0.14285714285714285,0.0
2,0.0,0.0,0.0,0.0,0.018018018018018018,0.00909090909090909,0.0,0.0,0.0,0.0,0.8021518230723251,1.0,0.0,0.0,0.14415584415584415,0.0
3,0.0,0.0,0.0,0.0,0.04838709677419355,0.02727272727272727,0.0,0.0,0.0,0.0,0.8072289156626506,0.9985096870342772,0.0,0.0,0.14654034490100062,0.0
4,0.0,0.0,0.0,0.0,0.03508771929824561,0.01818181818181818,0.0,0.0,0.0,0.0,0.8035928143712575,1.0,0.0,0.0,0.14545454545454545,0.0
5,0.0,0.0,0.0,0.0,0.03389830508474576,0.01818181818181818,0.0,0.0,0.0,0.0,0.8055222088835534,1.0,0.0,0.0,0.14545454545454545,0.0
6,0.0,0.0,0.0,0.0,0.19310344827586207,0.12727272727272726,0.0,0.0,0.0,0.0,0.8161270616982285,0.9955290611028316,0.0,0.0,0.16040025548222267,0.0
7,0.0,0.0,0.0,0.0,0.17647058823529413,0.10909090909090909,0.0,0.0,0.0,0.0,0.8131067961165048,0.9985096870342772,0.0,0.0,0.15822865658931232,0.0
8,0.0,0.0,0.0,0.0,0.12403100775193798,0.07272727272727272,0.0,0.0,0.0,0.0,0.8108761329305136,1.0,0.0,0.0,0.15324675324675324,0.0
9,0.0,0.0,0.0,0.0,0.3384615384615385,0.3,0.0,0.0,0.0,0.0,0.8350125944584383,0.9880774962742176,0.0,0.0,0.1840110708963168,0.0
10,0.0,0.0,0.0,0.0,0.3880597014925373,0.35454545454545455,0.0,0.0,0.0,0.0,0.8381795195954488,0.9880774962742176,0.0,0.0,0.1918032786885246,0.0
11,0.2608695652173913,0.18181818181818182,0.0,0.0,0.26490066225165565,0.18181818181818182,0.0,0.0,0.0,0.0,0.825925925925926,0.9970193740685543,0.0,0.0,0.19437939110070257,0.0
12,0.15789473684210525,0.09090909090909091,0.0,0.0,0.3333333333333333,0.2636363636363636,0.0,0.0,0.035398230088495575,0.018018018018018018,0.8309419837804117,0.992548435171386,0.0,0.0,0.19501598681926552,0.0
13,0.26666666666666666,0.18181818181818182,0.0,0.0,0.3516483516483517,0.2909090909090909,0.0,0.0,0.017857142857142856,0.009009009009009009,0.8382630585273757,0.992548435171386,0.0,0.0,0.2106121024153811,0.0
14,0.19047619047619047,0.12121212121212122,0.0,0.0,0.25675675675675674,0.17272727272727273,0.0,0.0,0.14634146341463414,0.08108108108108109,0.8260061919504644,0.9940387481371088,0.0,0.0,0.19557988902251197,0.0
15,0.2909090909090909,0.24242424242424243,0.0,0.0,0.3125,0.22727272727272727,0.0,0.0,0.0,0.0,0.83270911360799,0.9940387481371088,0.0,0.0,0.20910510254772552,0.0
16,0.3142857142857143,0.3333333333333333,0.0,0.0,0.34523809523809523,0.2636363636363636,0.0,0.0,0.035398230088495575,0.018018018018018018,0.8421052631578947,0.9895678092399404,0.0,0.0,0.22922221774680793,0.0
17,0.2916666666666667,0.21212121212121213,0.0,0.0,0.28,0.19090909090909092,0.0,0.0,0.035398230088495575,0.018018018018018018,0.826221397649969,0.9955290611028316,0.0,0.0,0.20236819745016468,0.0
18,0.23255813953488372,0.15151515151515152,0.0,0.0,0.22535211267605634,0.14545454545454545,0.0,0.0,0.0,0.0,0.8223039215686274,1.0,0.0,0.0,0.18528138528138527,0.0
19,0.19047619047619047,0.12121212121212122,0.0,0.0,0.422680412371134,0.37272727272727274,0.0,0.0,0.2,0.11711711711711711,0.8463508322663252,0.9850968703427719,0.0,0.0,0.228021911628469,0.0
20,0.21739130434782608,0.15151515151515152,0.0,0.0,0.34782608695652173,0.2909090909090909,0.0,0.0,0.017857142857142856,0.009009009009009009,0.8373266078184111,0.9895678092399404,0.0,0.0,0.20585729438188455,0.0
21,0.18181818181818182,0.12121212121212122,0.0,0.0,0.36666666666666664,0.3,0.0,0.0,0.1774193548387097,0.0990990990990991,0.8417721518987342,0.9910581222056631,0.0,0.0,0.2159099060738405,0.0
22,0.22727272727272727,0.15151515151515152,0.0,0.0,0.3930635838150289,0.3090909090909091,0.0,0.0,0.0,0.0,0.835,0.9955290611028316,0.0,0.0,0.2080193031012703,0.0
23,0.25925925925925924,0.21212121212121213,0.0,0.0,0.38636363636363635,0.3090909090909091,0.0,0.0,0.1016949152542373,0.05405405405405406,0.8430379746835444,0.992548435171386,0.0,0.0,0.22397351577679445,0.0
24,0.3076923076923077,0.24242424242424243,0.0,0.0,0.4540540540540541,0.38181818181818183,0.0,0.0,0.0847457627118644,0.04504504504504504,0.8429752066115702,0.9880774962742176,0.0,0.0,0.23676642365166956,0.0
25,0.32,0.36363636363636365,0.0,0.0,0.4134078212290503,0.33636363636363636,0.0,0.0,0.08547008547008547,0.04504504504504504,0.8490687219010918,0.9850968703427719,0.0,0.0,0.24716313076968813,0.0
26,0.2857142857142857,0.24242424242424243,0.0,0.0,0.345679012345679,0.2545454545454545,0.0,0.0,0.1746031746031746,0.0990990990990991,0.8371212121212122,0.9880774962742176,0.0,0.0,0.2263066131918591,0.0
27,0.2608695652173913,0.18181818181818182,0.0,0.0,0.358974358974359,0.2545454545454545,0.0,0.0,0.140625,0.08108108108108109,0.8347934918648311,0.9940387481371088,0.0,0.0,0.2159262093688323,0.0
28,0.36363636363636365,0.36363636363636365,0.0,0.0,0.34838709677419355,0.24545454545454545,0.0,0.0,0.1322314049586777,0.07207207207207207,0.8398486759142497,0.992548435171386,0.0,0.0,0.23910163090490963,0.0
29,0.3076923076923077,0.24242424242424243,0.0,0.0,0.45714285714285713,0.36363636363636365,0.0,0.0,0.0,0.0,0.8389937106918239,0.9940387481371088,0.0,0.0,0.22858562202824498,0.0
30,0.23076923076923078,0.18181818181818182,0.0,0.0,0.43157894736842106,0.37272727272727274,0.0,0.0,0.176,0.0990990990990991,0.8468930172966047,0.9850968703427719,0.0,0.0,0.2341059177124751,0.0
31,0.2608695652173913,0.18181818181818182,0.0,0.0,0.28187919463087246,0.19090909090909092,0.0,0.0,0.14516129032258066,0.08108108108108109,0.8290863890615289,0.9940387481371088,0.0,0.0,0.20683530027792324,0.0
32,0.325,0.3939393939393939,0.0,0.0,0.504950495049505,0.4636363636363636,0.0,0.0,0.1016949152542373,0.05405405405405406,0.8631303208906352,0.9821162444113264,0.13333333333333333,0.07142857142857142,0.2807392324956728,0.0
33,0.31746031746031744,0.30303030303030304,0.0,0.0,0.44680851063829785,0.38181818181818183,0.0,0.0,0.1732283464566929,0.0990990990990991,0.8495803744351195,0.9806259314456036,0.13333333333333333,0.07142857142857142,0.26228601240310845,0.0
34,0.3076923076923077,0.24242424242424243,0.0,0.0,0.3712574850299401,0.2818181818181818,0.0,0.0,0.1732283464566929,0.0990990990990991,0.8437697659709045,0.9940387481371088,0.13333333333333333,0.07142857142857142,0.2412584061296005,0.0
35,0.3373493975903614,0.42424242424242425,0.0,0.0,0.49504950495049505,0.45454545454545453,0.0,0.0,0.2695035460992908,0.17117117117117117,0.8647568287808128,0.9672131147540983,0.13333333333333333,0.07142857142857142,0.29837153373453146,0.0
36,0.3548387096774194,0.3333333333333333,0.0,0.0,0.48756218905472637,0.44545454545454544,0.0,0.0,0.22556390977443608,0.13513513513513514,0.8530372305682561,0.9731743666169895,0.13333333333333333,0.07142857142857142,0.27978942170979637,0.0
37,0.29508196721311475,0.2727272727272727,0.0,0.0,0.504950495049505,0.4636363636363636,0.0,0.0,0.22556390977443608,0.13513513513513514,0.8569562377531026,0.977645305514158,0.13333333333333333,0.07142857142857142,0.27436752120592867,0.0
38,0.36666666666666664,0.3333333333333333,0.0,0.0,0.4444444444444444,0.4,0.0,0.0,0.21374045801526717,0.12612612612612611,0.8551007147498375,0.9806259314456036,0.0,0.0,0.2628693415578662,0.0
39,0.3125,0.30303030303030304,0.0,0.0,0.3291139240506329,0.23636363636363636,0.0,0.0,0.2463768115942029,0.15315315315315314,0.8431122448979592,0.9850968703427719,0.0,0.0,0.23966342326998064,0.0
40,0.3380281690140845,0.36363636363636365,0.0,0.0,0.540084388185654,0.5818181818181818,0.0,0.0,0.1746031746031746,0.0990990990990991,0.869390488948426,0.9672131147540983,0.13333333333333333,0.07142857142857142,0.2975993329623306,0.0
41,0.1702127659574468,0.12121212121212122,0.0,0.0,0.4387755102040816,0.39090909090909093,0.0,0.0,0.08264462809917356,0.04504504504504504,0.8414322250639387,0.9806259314456036,0.0,0.0,0.21968459837312299,0.0
42,0.3492063492063492,0.3333333333333333,0.0,0.0,0.3905325443786982,0.3,0.0,0.0,0.28776978417266186,0.18018018018018017,0.852922286448298,0.9895678092399404,0.0,0.0,0.25758304610763627,0.0
43,0.32727272727272727,0.2727272727272727,0.0,0.0,0.47619047619047616,0.4090909090909091,0.0,0.0,0.14173228346456693,0.08108108108108109,0.8496143958868895,0.9850968703427719,0.13333333333333333,0.07142857142857142,0.25991781495294375,0.0
44,0.3611111111111111,0.3939393939393939,0.0,0.0,0.5077720207253886,0.44545454545454544,0.0,0.0,0.2537313432835821,0.15315315315315314,0.8605108055009824,0.9791356184798807,0.25,0.14285714285714285,0.30207712198344516,0.0
45,0.2127659574468085,0.15151515151515152,0.0,0.0,0.41379310344827586,0.32727272727272727,0.0,0.0,0.18604651162790697,0.10810810810810811,0.8477157360406091,0.9955290611028316,0.25,0.14285714285714285,0.24646888440799447,0.0
46,0.2807017543859649,0.24242424242424243,0.0,0.0,0.3087248322147651,0.20909090909090908,0.0,0.0,0.19117647058823528,0.11711711711711711,0.8391167192429022,0.9910581222056631,0.13333333333333333,0.07142857142857142,0.23301699460950046,0.0
47,0.2641509433962264,0.21212121212121213,0.0,0.0,0.44919786096256686,0.38181818181818183,0.15384615384615385,0.08333333333333333,0.22727272727272727,0.13513513513513514,0.851994851994852,0.9865871833084948,0.13333333333333333,0.07142857142857142,0.267203373877847,0.0
48,0.2641509433962264,0.21212121212121213,0.0,0.0,0.4375,0.38181818181818183,0.15384615384615385,0.08333333333333333,0.2753623188405797,0.17117117117117117,0.8560311284046692,0.9836065573770492,0.25,0.14285714285714285,0.28212965695401293,0.0
49,0.3076923076923077,0.24242424242424243,0.0,0.0,0.47191011235955055,0.38181818181818183,0.0,0.0,0.26666666666666666,0.16216216216216217,0.852017937219731,0.9910581222056631,0.25,0.14285714285714285,0.2743314073524846,0.0
50,0.3783783783783784,0.42424242424242425,0.0,0.0,0.4318181818181818,0.34545454545454546,0.0,0.0,0.14285714285714285,0.08108108108108109,0.8492268041237113,0.9821162444113264,0.0,0.0,0.2618420421699111,0.0
51,0.3548387096774194,0.3333333333333333,0.0,0.0,0.36024844720496896,0.2636363636363636,0.15384615384615385,0.08333333333333333,0.32679738562091504,0.22522522522522523,0.8482892188508715,0.9791356184798807,0.25,0.14285714285714285,0.28964585955218275,0.0
52,0.36065573770491804,0.3333333333333333,0.0,0.0,0.4607329842931937,0.4,0.15384615384615385,0.08333333333333333,0.11475409836065574,0.06306306306306306,0.8523533204384268,0.9850968703427719,0.25,0.14285714285714285,0.2868119632756635,0.0
53,0.35135135135135137,0.3939393939393939,0.0,0.0,0.5,0.42727272727272725,0.0,0.0,0.2898550724637681,0.18018018018018017,0.8623853211009175,0.9806259314456036,0.25,0.14285714285714285,0.30355362509929257,0.0
54,0.31746031746031744,0.30303030303030304,0.0,0.0,0.4581005586592179,0.37272727272727274,0.0,0.0,0.15267175572519084,0.09009009009009009,0.8512556342562781,0.9850968703427719,0.25,0.14285714285714285,0.27054309700679724,0.0
55,0.3561643835616438,0.3939393939393939,0.0,0.0,0.27972027972027974,0.18181818181818182,0.15384615384615385,0.08333333333333333,0.3055555555555556,0.1981981981981982,0.8472843450479233,0.9880774962742176,0.25,0.14285714285714285,0.2840319637743525,0.0
56,0.35,0.42424242424242425,0.0,0.0,0.41379310344827586,0.32727272727272727,0.15384615384615385,0.08333333333333333,0.32,0.21621621621621623,0.8665351742274819,0.9821162444113264,0.25,0.14285714285714285,0.31086258404759576,0.0
57,0.38461538461538464,0.45454545454545453,0.0,0.0,0.5152838427947598,0.5363636363636364,0.0,0.0,0.08264462809917356,0.04504504504504504,0.8718291054739653,0.9731743666169895,0.25,0.14285714285714285,0.3074265207754669,0.0
58,0.3466666666666667,0.3939393939393939,0.0,0.0,0.4,0.3,0.15384615384615385,0.08333333333333333,0.28378378378378377,0.1891891891891892,0.852309694209499,0.9761549925484352,0.25,0.14285714285714285,0.29792486455249917,0.0
59,0.38961038961038963,0.45454545454545453,0.0,0.0,0.37349397590361444,0.2818181818181818,0.15384615384615385,0.08333333333333333,0.1925925925925926,0.11711711711711711,0.8506787330316742,0.9806259314456036,0.25,0.14285714285714285,0.29432816587383337,0.0
60,0.2857142857142857,0.30303030303030304,0.0,0.0,0.35443037974683544,0.2545454545454545,0.15384615384615385,0.08333333333333333,0.3942307692307692,0.36936936936936937,0.8529214237743452,0.9463487332339792,0.25,0.14285714285714285,0.29992633376708316,0.0
61,0.4050632911392405,0.48484848484848486,0.0,0.0,0.4791666666666667,0.41818181818181815,0.15384615384615385,0.08333333333333333,0.0975609756097561,0.05405405405405406,0.8601307189542484,0.9806259314456036,0.35294117647058826,0.21428571428571427,0.3193327623070012,0.0
62,0.31746031746031744,0.30303030303030304,0.0,0.0,0.5291479820627802,0.5363636363636364,0.15384615384615385,0.08333333333333333,0.24242424242424243,0.14414414414414414,0.8707753479125249,0.9791356184798807,0.0,0.0,0.2922867193358996,0.0
63,0.30303030303030304,0.30303030303030304,0.0,0.0,0.45714285714285713,0.36363636363636365,0.15384615384615385,0.08333333333333333,0.3625,0.26126126126126126,0.8595800524934383,0.9761549925484352,0.25,0.14285714285714285,0.3043247709524056,0.0
64,0.3188405797101449,0.3333333333333333,0.0,0.0,0.3333333333333333,0.22727272727272727,0.15384615384615385,0.08333333333333333,0.0967741935483871,0.05405405405405406,0.8407079646017699,0.9910581222056631,0.25,0.14285714285714285,0.261701244722322,0.0
65,0.25806451612903225,0.24242424242424243,0.0,0.0,0.36363636363636365,0.2727272727272727,0.15384615384615385,0.08333333333333333,0.22535211267605634,0.14414414414414414,0.8508997429305912,0.9865871833084948,0.25,0.14285714285714285,0.26743904554209,0.0
66,0.3188405797101449,0.3333333333333333,0.0,0.0,0.3878787878787879,0.2909090909090909,0.14285714285714285,0.08333333333333333,0.27972027972027974,0.18018018018018017,0.8532643826761473,0.9836065573770492,0.25,0.14285714285714285,0.28774566257001855,0.0
67,0.4,0.5151515151515151,0.0,0.0,0.3953488372093023,0.3090909090909091,0.15384615384615385,0.08333333333333333,0.3096774193548387,0.21621621621621623,0.8631857237276933,0.9731743666169895,0.25,0.14285714285714285,0.3199747833237295,0.0
68,0.27586206896551724,0.24242424242424243,0.0,0.0,0.40236686390532544,0.3090909090909091,0.15384615384615385,0.08333333333333333,0.37575757575757573,0.27927927927927926,0.8591916558018253,0.9821162444113264,0.13333333333333333,0.07142857142857142,0.28109608285252313,0.0
69,0.3125,0.30303030303030304,0.0,0.0,0.4574468085106383,0.39090909090909093,0.15384615384615385,0.08333333333333333,0.32,0.21621621621621623,0.8659658344283837,0.9821162444113264,0.23529411764705882,0.14285714285714285,0.3026374758224875,0.0
70,0.4090909090909091,0.5454545454545454,0.0,0.0,0.48484848484848486,0.43636363636363634,0.15384615384615385,0.08333333333333333,0.39285714285714285,0.2972972972972973,0.8783140720598233,0.96274217585693,0.25,0.14285714285714285,0.35257830445184074,0.0
71,0.36065573770491804,0.3333333333333333,0.0,0.0,0.46938775510204084,0.41818181818181815,0.15384615384615385,0.08333333333333333,0.21374045801526717,0.12612612612612611,0.8588158750813273,0.9836065573770492,0.25,0.14285714285714285,0.29820547302982897,0.0
72,0.3541666666666667,0.5151515151515151,0.0,0.0,0.348993288590604,0.23636363636363636,0.14285714285714285,0.08333333333333333,0.30666666666666664,0.2072072072072072,0.8659254414650098,0.9865871833084948,0.25,0.14285714285714285,0.31021428831733283,0.0
73,0.379746835443038,0.45454545454545453,0.0,0.0,0.46236559139784944,0.39090909090909093,0.15384615384615385,0.08333333333333333,0.2482758620689655,0.16216216216216217,0.8699669966996699,0.9821162444113264,0.25,0.14285714285714285,0.31656048974550144,0.0
74,0.41975308641975306,0.5151515151515151,0.0,0.0,0.4049079754601227,0.3,0.15384615384615385,0.08333333333333333,0.33766233766233766,0.23423423423423423,0.8657498362802881,0.9850968703427719,0.25,0.14285714285714285,0.32295329941699963,0.0
75,0.3669724770642202,0.6060606060606061,0.0,0.0,0.4835164835164835,0.4,0.125,0.08333333333333333,0.3150684931506849,0.2072072072072072,0.8808080808080808,0.9746646795827124,0.25,0.14285714285714285,0.3448747098630003,0.0
76,0.34210526315789475,0.3939393939393939,0.0,0.0,0.4262295081967213,0.35454545454545455,0.11764705882352941,0.08333333333333333,0.2896551724137931,0.1891891891891892,0.8661832564271589,0.9791356184798807,0.25,0.14285714285714285,0.3061428760491992,0.0
77,0.2647058823529412,0.2727272727272727,0.0,0.0,0.3221476510067114,0.21818181818181817,0.15384615384615385,0.08333333333333333,0.3448275862068966,0.2702702702702703,0.8539765319426337,0.9761549925484352,0.25,0.14285714285714285,0.28050354713118175,0.0
78,0.34782608695652173,0.48484848484848486,0.0,0.0,0.4342857142857143,0.34545454545454546,0.0,0.0,0.3466666666666667,0.23423423423423423,0.870026525198939,0.977645305514158,0.25,0.14285714285714285,0.31214853041550933,0.0
79,0.4050632911392405,0.48484848484848486,0.0,0.0,0.5,0.45454545454545453,0.15384615384615385,0.08333333333333333,0.2937062937062937,0.1891891891891892,0.8729208250166334,0.977645305514158,0.25,0.14285714285714285,0.3332027014696804,0.0
80,0.4,0.5151515151515151,0.0,0.0,0.44571428571428573,0.35454545454545455,0.15384615384615385,0.08333333333333333,0.34394904458598724,0.24324324324324326,0.870026525198939,0.977645305514158,0.25,0.14285714285714285,0.33096799923497816,0.0
81,0.3582089552238806,0.36363636363636365,0.0,0.0,0.47368421052631576,0.4090909090909091,0.14285714285714285,0.08333333333333333,0.37735849056603776,0.2702702702702703,0.8713527851458885,0.9791356184798807,0.25,0.14285714285714285,0.32118909109541427,0.0
82,0.42105263157894735,0.6060606060606061,0.0,0.0,0.504950495049505,0.4636363636363636,0.15384615384615385,0.08333333333333333,0.3221476510067114,0.21621621621621623,0.8803245436105477,0.970193740685544,0.25,0.14285714285714285,0.3546139146841723,0.0
83,0.38461538461538464,0.6060606060606061,0.0,0.0,0.3973509933774834,0.2727272727272727,0.14285714285714285,0.08333333333333333,0.38323353293413176,0.2882882882882883,0.8653333333333333,0.9672131147540983,0.2222222222222222,0.14285714285714285,0.33721139400296307,0.0
84,0.45454545454545453,0.6060606060606061,0.0,0.0,0.34210526315789475,0.23636363636363636,0.14285714285714285,0.08333333333333333,0.3333333333333333,0.22522522522522523,0.8617992177314211,0.9850968703427719,0.25,0.14285714285714285,0.32556240202610226,0.0
85,0.4375,0.6363636363636364,0.0,0.0,0.348993288590604,0.23636363636363636,0.0,0.0,0.44221105527638194,0.3963963963963964,0.8722109533468559,0.9612518628912071,0.25,0.14285714285714285,0.3390332392674313,0.0
86,0.4050632911392405,0.48484848484848486,0.0,0.0,0.4277456647398844,0.33636363636363636,0.15384615384615385,0.08333333333333333,0.16923076923076924,0.0990990990990991,0.8612191958495461,0.9895678092399404,0.25,0.14285714285714285,0.30515278653451955,0.0
87,0.411214953271028,0.6666666666666666,0.0,0.0,0.47513812154696133,0.39090909090909093,0.14285714285714285,0.08333333333333333,0.4125,0.2972972972972973,0.8821138211382114,0.970193740685544,0.25,0.14285714285714285,0.3644653245355821,0.0
88,0.3953488372093023,0.5151515151515151,0.0,0.0,0.36585365853658536,0.2727272727272727,0.13333333333333333,0.08333333333333333,0.12598425196850394,0.07207207207207207,0.8589909443725744,0.9895678092399404,0.25,0.14285714285714285,0.29652987791161095,0.0
89,0.42857142857142855,0.5454545454545454,0.0,0.0,0.43820224719101125,0.35454545454545455,0.125,0.08333333333333333,0.36024844720496896,0.26126126126126126,0.8691588785046729,0.970193740685544,0.23529411764705882,0.14285714285714285,0.3368064968767545,0.0
90,0.41304347826086957,0.5757575757575758,0.0,0.0,0.5128205128205128,0.45454545454545453,0.14285714285714285,0.08333333333333333,0.34838709677419355,0.24324324324324326,0.8812415654520918,0.9731743666169895,0.25,0.14285714285714285,0.3532730166219627,0.0
91,0.3888888888888889,0.6363636363636364,0.0,0.0,0.3576158940397351,0.24545454545454545,0.125,0.08333333333333333,0.39520958083832336,0.2972972972972973,0.8697394789579158,0.970193740685544,0.13333333333333333,0.07142857142857142,0.329153017794704,0.0
92,0.4318181818181818,0.5757575757575758,0.0,0.0,0.5402843601895735,0.5181818181818182,0.15384615384615385,0.08333333333333333,0.3120567375886525,0.1981981981981982,0.8835016835016835,0.977645305514158,0.25,0.14285714285714285,0.35656762483460375,0.0
93,0.3655913978494624,0.5151515151515151,0.0,0.0,0.4117647058823529,0.3181818181818182,0.13333333333333333,0.08333333333333333,0.3855421686746988,0.2882882882882883,0.8741633199464525,0.9731743666169895,0.25,0.14285714285714285,0.331569494918441,0.0
94,0.42105263157894735,0.6060606060606061,0.0,0.0,0.4835164835164835,0.4,0.1,0.08333333333333333,0.34782608695652173,0.25225225225225223,0.8864864864864865,0.977645305514158,0.25,0.14285714285714285,0.3517355200024989,0.0
95,0.38461538461538464,0.45454545454545453,0.0,0.0,0.4385026737967914,0.37272727272727274,0.15384615384615385,0.08333333333333333,0.33121019108280253,0.23423423423423423,0.8622754491017964,0.9657228017883756,0.25,0.14285714285714285,0.32191717706940187,0.0
96,0.3142857142857143,0.3333333333333333,0.0,0.0,0.42168674698795183,0.3181818181818182,0.13333333333333333,0.08333333333333333,0.31901840490797545,0.23423423423423423,0.8674540682414699,0.9850968703427719,0.25,0.14285714285714285,0.29957667604037624,0.0
97,0.37254901960784315,0.5757575757575758,0.0,0.0,0.40718562874251496,0.3090909090909091,0.13333333333333333,0.08333333333333333,0.24817518248175183,0.15315315315315314,0.8686468646864687,0.9806259314456036,0.2222222222222222,0.14285714285714285,0.32068829223395967,0.0
98,0.3917525773195876,0.5757575757575758,0.0,0.0,0.4897959183673469,0.43636363636363634,0.13333333333333333,0.08333333333333333,0.4069767441860465,0.3153153153153153,0.8765432098765432,0.9523099850968704,0.25,0.14285714285714285,0.35799099838912485,0.0
99,0.39603960396039606,0.6060606060606061,0.0,0.0,0.48677248677248675,0.41818181818181815,0.125,0.08333333333333333,0.37662337662337664,0.26126126126126126,0.8774542992552471,0.9657228017883756,0.25,0.14285714285714285,0.35391670906893385,0.0
100,0.40384615384615385,0.6363636363636364,0.0,0.0,0.33557046979865773,0.22727272727272727,0.13333333333333333,0.08333333333333333,0.3888888888888889,0.3153153153153153,0.8723118279569892,0.9672131147540983,0.25,0.14285714285714285,0.3389078956994648,0.0
