round,accuracy,balanced_accuracy,macro_f1,worst_class_f1,worst_class_recall,f1_actinic_keratoses_an,recall_actinic_keratoses_an,f1_basal_cell_carcinoma,recall_basal_cell_carcinoma,f1_benign_keratosis-lik,recall_benign_keratosis-lik,f1_dermatofibroma,recall_dermatofibroma,f1_melanoma,recall_melanoma,f1_melanocytic_nevi,recall_melanocytic_nevi,f1_vascular_lesions,recall_vascular_lesions,loss
0,0.14456630109670987,0.1492229082393017,0.043490644101730966,0.0,0.0,0.0,0.0,0.0,0.0,0.2031686859273066,0.990909090909091,0.0,0.0,0.0,0.0,0.10126582278481013,0.05365126676602087,0.0,0.0,1.9005235282635522
1,0.6689930209371885,0.14285714285714285,0.11452466291175968,0.0,0.0,0.0,0.0,0.0,0.0,0.0,0.0,0.0,0.0,0.0,0.0,0.8016726403823178,1.0,0.0,0.0,0.9806845038980692
2,0.6689930209371885,0.14285714285714285,0.11452466291175968,0.0,0.0,0.0,0.0,0.0,0.0,0.0,0.0,0.0,0.0,0.0,0.0,0.8016726403823178,1.0,0.0,0.0,0.9324932722959776
3,0.6689930209371885,0.14285714285714285,0.11452466291175968,0.0,0.0,0.0,0.0,0.0,0.0,0.0,0.0,0.0,0.0,0.0,0.0,0.8016726403823178,1.0,0.0,0.0,0.9368812973097576
4,0.6689930209371885,0.14285714285714285,0.11452466291175968,0.0,0.0,0.0,0.0,0.0,0.0,0.0,0.0,0.0,0.0,0.0,0.0,0.8016726403823178,1.0,0.0,0.0,0.9464326451568755
5,0.6689930209371885,0.14285714285714285,0.11452466291175968,0.0,0.0,0.0,0.0,0.0,0.0,0.0,0.0,0.0,0.0,0.0,0.0,0.8016726403823178,1.0,0.0,0.0,0.9091952245827329
6,0.6689930209371885,0.14285714285714285,0.11452466291175968,0.0,0.0,0.0,0.0,0.0,0.0,0.0,0.0,0.0,0.0,0.0,0.0,0.8016726403823178,1.0,0.0,0.0,0.9005580680558118
7,0.67098703888335,0.14545454545454545,0.11978716273214296,0.0,0.0,0.0,0.0,0.0,0.0,0.035398230088495575,0.01818181818181818,0.0,0.0,0.0,0.0,0.8031119090365051,1.0,0.0,0.0,0.871752863807431
8,0.6739780658025922,0.14935064935064934,0.12732084125046914,0.0,0.0,0.0,0.0,0.0,0.0,0.08620689655172414,0.045454545454545456,0.0,0.0,0.0,0.0,0.8050389922015597,1.0,0.0,0.0,0.8759641598014983
9,0.6759720837487537,0.15520545028741747,0.13799242424242425,0.0,0.0,0.0,0.0,0.0,0.0,0.15625,0.09090909090909091,0.0,0.0,0.0,0.0,0.8096969696969697,0.9955290611028316,0.0,0.0,0.8080155714558938
10,0.6769690927218345,0.15844865516996665,0.14458551439958175,0.0,0.0,0.058823529411764705,0.030303030303030304,0.0,0.0,0.14285714285714285,0.08181818181818182,0.0,0.0,0.0,0.0,0.8104179285281647,0.9970193740685543,0.0,0.0,0.8086319728006989
11,0.6759720837487537,0.15606415442481017,0.14011522049072445,0.0,0.0,0.058823529411764705,0.030303030303030304,0.0,0.0,0.11475409836065574,0.06363636363636363,0.0,0.0,0.0,0.0,0.8072289156626506,0.9985096870342772,0.0,0.0,0.8637335589851958
12,0.6819541375872383,0.17302946647208944,0.170382183682202,0.0,0.0,0.11428571428571428,0.06060606060606061,0.06666666666666667,0.038461538461538464,0.18045112781954886,0.10909090909090909,0.0,0.0,0.017857142857142856,0.009009009009009009,0.8134146341463414,0.9940387481371088,0.0,0.0,0.7846783220708549
13,0.6829511465603191,0.17868306556831146,0.17663294112862069,0.0,0.0,0.1111111111111111,0.06060606060606061,0.06557377049180328,0.038461538461538464,0.24324324324324326,0.16363636363636364,0.0,0.0,0.0,0.0,0.8165024630541872,0.9880774962742176,0.0,0.0,0.7800576896634202
14,0.6869391824526421,0.18387787076311665,0.18201792233031563,0.0,0.0,0.10256410256410256,0.06060606060606061,0.06896551724137931,0.038461538461538464,0.28205128205128205,0.2,0.0,0.0,0.0,0.0,0.8205445544554455,0.9880774962742176,0.0,0.0,0.7703590511324874
15,0.6839481555333998,0.17925871942265384,0.17771856628999488,0.0,0.0,0.10810810810810811,0.06060606060606061,0.09523809523809523,0.057692307692307696,0.2222222222222222,0.14545454545454545,0.0,0.0,0.0,0.0,0.8184615384615385,0.9910581222056631,0.0,0.0,0.8034562074531943
16,0.6869391824526421,0.18871947724406743,0.18966010202138267,0.0,0.0,0.15,0.09090909090909091,0.11594202898550725,0.07692307692307693,0.23529411764705882,0.16363636363636364,0.0,0.0,0.0,0.0,0.8263845675171126,0.9895678092399404,0.0,0.0,0.7743367946159804
17,0.6849451645064806,0.1874349694021825,0.1878701969165566,0.0,0.0,0.10810810810810811,0.06060606060606061,0.12307692307692308,0.07692307692307693,0.2625,0.19090909090909092,0.0,0.0,0.0,0.0,0.8214063472308649,0.9836065573770492,0.0,0.0,0.7663454563762707
18,0.7038883349950149,0.2281800167046069,0.23204075112780195,0.0,0.0,0.14634146341463414,0.09090909090909091,0.3333333333333333,0.3076923076923077,0.304635761589404,0.20909090909090908,0.0,0.0,0.0,0.0,0.8399746995572422,0.9895678092399404,0.0,0.0,0.7506175499970273
19,0.6819541375872383,0.17304116648378942,0.169823253711187,0.0,0.0,0.11428571428571428,0.06060606060606061,0.06896551724137931,0.038461538461538464,0.1925925925925926,0.11818181818181818,0.0,0.0,0.0,0.0,0.8129189518586228,0.9940387481371088,0.0,0.0,0.7942002692583907
20,0.6889332003988036,0.19262053114512132,0.1946210196935617,0.0,0.0,0.10810810810810811,0.06060606060606061,0.175,0.1346153846153846,0.23448275862068965,0.15454545454545454,0.0,0.0,0.017857142857142856,0.009009009009009009,0.8268991282689913,0.9895678092399404,0.0,0.0,0.7519565184831857
21,0.707876370887338,0.23603991636778524,0.24510919466053244,0.0,0.0,0.18604651162790697,0.12121212121212122,0.2891566265060241,0.23076923076923078,0.4,0.3181818181818182,0.0,0.0,0.0,0.0,0.8405612244897959,0.9821162444113264,0.0,0.0,0.7514404864277939
22,0.7198404785643071,0.2792088062579866,0.2875979688612665,0.0,0.0,0.36363636363636365,0.30303030303030304,0.3655913978494624,0.3269230769230769,0.4134078212290503,0.33636363636363636,0.0,0.0,0.017857142857142856,0.009009009009009009,0.8526930564568462,0.9791356184798807,0.0,0.0,0.7273798936742134
23,0.6849451645064806,0.17585147093343814,0.1734026580945895,0.0,0.0,0.11428571428571428,0.06060606060606061,0.06451612903225806,0.038461538461538464,0.21739130434782608,0.13636363636363635,0.0,0.0,0.0,0.0,0.817625458996328,0.9955290611028316,0.0,0.0,0.8180566209025778
24,0.6969092721834497,0.21074885091278533,0.2164625993561343,0.0,0.0,0.13636363636363635,0.09090909090909091,0.2716049382716049,0.21153846153846154,0.2550335570469799,0.17272727272727273,0.0,0.0,0.017857142857142856,0.009009009009009009,0.8343789209535759,0.9910581222056631,0.0,0.0,0.7373401352082745
25,0.6899302093718843,0.18378182886379607,0.18540152294339488,0.0,0.0,0.11428571428571428,0.06060606060606061,0.09523809523809523,0.057692307692307696,0.2482758620689655,0.16363636363636364,0.0,0.0,0.017857142857142856,0.009009009009009009,0.8221538461538461,0.9955290611028316,0.0,0.0,0.7781515986707845
26,0.6929212362911267,0.19746674090936386,0.19939159759430045,0.0,0.0,0.1111111111111111,0.06060606060606061,0.21951219512195122,0.17307692307692307,0.23448275862068965,0.15454545454545454,0.0,0.0,0.0,0.0,0.8306351183063512,0.9940387481371088,0.0,0.0,0.7697695159127681
27,0.7098703888334995,0.2508290262388623,0.2636005947423615,0.0,0.0,0.2727272727272727,0.18181818181818182,0.32558139534883723,0.2692307692307692,0.3655913978494624,0.3090909090909091,0.0,0.0,0.035398230088495575,0.018018018018018018,0.845905867182463,0.977645305514158,0.0,0.0,0.7172571046283452
28,0.7098703888334995,0.25416842899278497,0.28197015529471914,0.0,0.0,0.26666666666666666,0.18181818181818182,0.2028985507246377,0.1346153846153846,0.3956043956043956,0.32727272727272727,0.0,0.0,0.017857142857142856,0.009009009009009009,0.8407643312101911,0.9836065573770492,0.25,0.14285714285714285,0.7356231474091975
29,0.6999002991026919,0.21480052639303224,0.23553644566514395,0.0,0.0,0.15,0.09090909090909091,0.15151515151515152,0.09615384615384616,0.2802547770700637,0.2,0.0,0.0,0.10084033613445378,0.05405405405405406,0.8328115216030056,0.9910581222056631,0.13333333333333333,0.07142857142857142,0.7370943249995306
30,0.6919242273180458,0.21207246874694183,0.2260343381484803,0.0,0.0,0.16216216216216217,0.09090909090909091,0.19047619047619047,0.15384615384615385,0.24675324675324675,0.17272727272727273,0.0,0.0,0.017857142857142856,0.009009009009009009,0.8316582914572864,0.9865871833084948,0.13333333333333333,0.07142857142857142,0.7423357589770172
31,0.6999002991026919,0.22558741024783177,0.25077157967682534,0.0,0.0,0.15789473684210525,0.09090909090909091,0.208955223880597,0.1346153846153846,0.3096774193548387,0.21818181818181817,0.0,0.0,0.0,0.0,0.8288736776602365,0.992548435171386,0.25,0.14285714285714285,0.780505692792438
32,0.7018943170488534,0.23337501475674774,0.25979189374826156,0.0,0.0,0.1951219512195122,0.12121212121212122,0.2028985507246377,0.1346153846153846,0.31901840490797545,0.23636363636363636,0.0,0.0,0.017857142857142856,0.009009009009009009,0.8336472065285625,0.9895678092399404,0.25,0.14285714285714285,0.7569587066665604
33,0.6929212362911267,0.20743319701165133,0.22659768268095432,0.0,0.0,0.16216216216216217,0.09090909090909091,0.0967741935483871,0.057692307692307696,0.23448275862068965,0.15454545454545454,0.0,0.0,0.017857142857142856,0.009009009009009009,0.8249075215782984,0.9970193740685543,0.25,0.14285714285714285,0.7909114824929242
34,0.7248255234297108,0.2792517491580723,0.3173418935609305,0.0,0.0,0.15384615384615385,0.09090909090909091,0.3409090909090909,0.28846153846153844,0.4067796610169492,0.32727272727272727,0.0,0.0,0.2204724409448819,0.12612612612612611,0.8493859082094376,0.9791356184798807,0.25,0.14285714285714285,0.7109402223812381
35,0.7138584247258225,0.25066513860424866,0.2815551060117676,0.0,0.0,0.2553191489361702,0.18181818181818182,0.21875,0.1346153846153846,0.36904761904761907,0.2818181818181818,0.0,0.0,0.035398230088495575,0.018018018018018018,0.8423707440100883,0.9955290611028316,0.25,0.14285714285714285,0.730982489089072
36,0.7148554336989033,0.2674610692175095,0.2876951945568583,0.0,0.0,0.28,0.21212121212121213,0.3448275862068966,0.28846153846153844,0.39080459770114945,0.3090909090909091,0.0,0.0,0.017857142857142856,0.009009009009009009,0.8470437017994858,0.9821162444113264,0.13333333333333333,0.07142857142857142,0.7127108254199727
37,0.6999002991026919,0.2293290607107937,0.25660610112991067,0.0,0.0,0.20512820512820512,0.12121212121212122,0.18461538461538463,0.11538461538461539,0.30864197530864196,0.22727272727272727,0.0,0.0,0.017857142857142856,0.009009009009009009,0.83,0.9895678092399404,0.25,0.14285714285714285,0.7463751156570191
38,0.7168494516450648,0.26653887813138394,0.2907635613094313,0.0,0.0,0.3137254901960784,0.24242424242424243,0.3409090909090909,0.28846153846153844,0.3291139240506329,0.23636363636363636,0.0,0.0,0.06896551724137931,0.036036036036036036,0.8492975734355045,0.9910581222056631,0.13333333333333333,0.07142857142857142,0.7063262446570848
39,0.6989032901296112,0.21195384989295993,0.2239767302981919,0.0,0.0,0.13953488372093023,0.09090909090909091,0.0,0.0,0.3076923076923077,0.23636363636363636,0.0,0.0,0.03508771929824561,0.018018018018018018,0.8355222013758599,0.9955290611028316,0.25,0.14285714285714285,0.7644853447512877
40,0.7337986041874377,0.2977774709624827,0.34254269914487534,0.0,0.0,0.24,0.18181818181818182,0.35714285714285715,0.28846153846153844,0.38823529411764707,0.3,0.0,0.0,0.30434782608695654,0.1891891891891892,0.8580729166666666,0.9821162444113264,0.25,0.14285714285714285,0.6896237480200657
41,0.7168494516450648,0.2532041296678299,0.27603982845542785,0.0,0.0,0.18181818181818182,0.12121212121212122,0.16393442622950818,0.09615384615384616,0.45454545454545453,0.4090909090909091,0.0,0.0,0.03508771929824561,0.018018018018018018,0.8468930172966047,0.9850968703427719,0.25,0.14285714285714285,0.7304598119774701
42,0.7128614157527418,0.2729287043104373,0.3053916495220487,0.0,0.0,0.34615384615384615,0.2727272727272727,0.35,0.2692307692307692,0.2967741935483871,0.20909090909090908,0.0,0.0,0.05217391304347826,0.02702702702702703,0.8426395939086294,0.9895678092399404,0.25,0.14285714285714285,0.7200884033414208
43,0.707876370887338,0.23404626050996072,0.259858917881221,0.0,0.0,0.13636363636363635,0.09090909090909091,0.07272727272727272,0.038461538461538464,0.3595505617977528,0.2909090909090909,0.0,0.0,0.16260162601626016,0.09009009009009009,0.8377693282636248,0.9850968703427719,0.25,0.14285714285714285,0.7254607648935061
44,0.7318045862412762,0.2982292714142831,0.33718224509823963,0.0,0.0,0.2608695652173913,0.18181818181818182,0.41975308641975306,0.3269230769230769,0.4421052631578947,0.38181818181818183,0.0,0.0,0.13114754098360656,0.07207207207207207,0.8564002599090318,0.9821162444113264,0.25,0.14285714285714285,0.7003520479943911
45,0.7098703888334995,0.23951707089880392,0.2619042934394257,0.0,0.0,0.2127659574468085,0.15151515151515152,0.06896551724137931,0.038461538461538464,0.39106145251396646,0.3181818181818182,0.0,0.0,0.06896551724137931,0.036036036036036036,0.8415716096324461,0.9895678092399404,0.25,0.14285714285714285,0.7231694420099496
46,0.7138584247258225,0.25477733124103147,0.28409435332607424,0.0,0.0,0.10810810810810811,0.06060606060606061,0.30952380952380953,0.25,0.36046511627906974,0.2818181818181818,0.0,0.0,0.11475409836065574,0.06306306306306306,0.8458093410108766,0.9850968703427719,0.25,0.14285714285714285,0.7040391071130366
47,0.7407776669990029,0.32488189806690976,0.3717268232408189,0.0,0.0,0.4074074074074074,0.3333333333333333,0.38636363636363635,0.3269230769230769,0.36585365853658536,0.2727272727272727,0.0,0.0,0.3287671232876712,0.21621621621621623,0.8636959370904325,0.9821162444113264,0.25,0.14285714285714285,0.6812144848309153
48,0.7218344965104686,0.2694685728643574,0.30123091910121025,0.0,0.0,0.2553191489361702,0.18181818181818182,0.34210526315789475,0.25,0.4134078212290503,0.33636363636363636,0.0,0.0,0.11666666666666667,0.06306306306306306,0.8477842003853564,0.9836065573770492,0.13333333333333333,0.07142857142857142,0.7000434311294366
49,0.7417746759720838,0.30246677073374967,0.3441780270458808,0.0,0.0,0.18181818181818182,0.12121212121212122,0.35135135135135137,0.25,0.45933014354066987,0.43636363636363634,0.0,0.0,0.2978723404255319,0.1891891891891892,0.8688741721854305,0.977645305514158,0.25,0.14285714285714285,0.6857555941237529
50,0.7357926221335992,0.28766135756768074,0.3280707976970692,0.0,0.0,0.13636363636363635,0.09090909090909091,0.3142857142857143,0.21153846153846154,0.43137254901960786,0.4,0.0,0.0,0.3,0.1891891891891892,0.8644736842105263,0.9791356184798807,0.25,0.14285714285714285,0.6890770250992666
51,0.7098703888334995,0.2410361174998177,0.267874360696156,0.0,0.0,0.13953488372093023,0.09090909090909091,0.16666666666666666,0.09615384615384616,0.3763440860215054,0.3181818181818182,0.0,0.0,0.1,0.05405405405405406,0.8425748884639898,0.9850968703427719,0.25,0.14285714285714285,0.7287347478975922
52,0.7168494516450648,0.24496472470711345,0.27561254773427696,0.0,0.0,0.13333333333333333,0.09090909090909091,0.10344827586206896,0.057692307692307696,0.38202247191011235,0.3090909090909091,0.0,0.0,0.21374045801526717,0.12612612612612611,0.8467432950191571,0.9880774962742176,0.25,0.14285714285714285,0.716727288092597
53,0.7288135593220338,0.2962071759495647,0.33423122571510466,0.0,0.0,0.34615384615384615,0.2727272727272727,0.375,0.28846153846153844,0.41379310344827586,0.32727272727272727,0.0,0.0,0.10084033613445378,0.05405405405405406,0.8538312942691565,0.9880774962742176,0.25,0.14285714285714285,0.6867387465917221
54,0.7397806580259222,0.2842629541692773,0.31496744966699364,0.0,0.0,0.1702127659574468,0.12121212121212122,0.10526315789473684,0.057692307692307696,0.48148148148148145,0.4727272727272727,0.0,0.0,0.3287671232876712,0.21621621621621623,0.8690476190476191,0.9791356184798807,0.25,0.14285714285714285,0.7027600925798312
55,0.7128614157527418,0.25054613192786496,0.27964448314550133,0.0,0.0,0.18604651162790697,0.12121212121212122,0.2608695652173913,0.17307692307692307,0.38202247191011235,0.3090909090909091,0.0,0.0,0.035398230088495575,0.018018018018018018,0.8431746031746031,0.9895678092399404,0.25,0.14285714285714285,0.7282245530563956
56,0.7357926221335992,0.29806936633634523,0.34402885709025416,0.0,0.0,0.3076923076923077,0.24242424242424243,0.2222222222222222,0.1346153846153846,0.43386243386243384,0.37272727272727274,0.0,0.0,0.3380281690140845,0.21621621621621623,0.856396866840731,0.977645305514158,0.25,0.14285714285714285,0.6966934919000741
57,0.7567298105682951,0.35457706628666813,0.39507044340438835,0.0,0.0,0.35714285714285715,0.30303030303030304,0.45454545454545453,0.38461538461538464,0.49514563106796117,0.4636363636363636,0.0,0.0,0.3287671232876712,0.21621621621621623,0.8798920377867746,0.9716840536512668,0.25,0.14285714285714285,0.6688858546977742
58,0.7268195413758723,0.2699258881928671,0.3055287036235495,0.0,0.0,0.17391304347826086,0.12121212121212122,0.13559322033898305,0.07692307692307693,0.4,0.36363636363636365,0.0,0.0,0.32167832167832167,0.2072072072072072,0.857516339869281,0.977645305514158,0.25,0.14285714285714285,0.6991843153329813
59,0.7437686939182453,0.32640978975873586,0.3720278445735987,0.0,0.0,0.3448275862068966,0.30303030303030304,0.35135135135135137,0.25,0.4148936170212766,0.35454545454545455,0.0,0.0,0.3741935483870968,0.26126126126126126,0.8689288090485695,0.9731743666169895,0.25,0.14285714285714285,0.6754352102132286
60,0.7497507477567298,0.3396451513547532,0.3817209483593185,0.0,0.0,0.3225806451612903,0.30303030303030304,0.41025641025641024,0.3076923076923077,0.4444444444444444,0.4,0.0,0.0,0.3684210526315789,0.25225225225225223,0.8763440860215054,0.9716840536512668,0.25,0.14285714285714285,0.6710549570389783
61,0.7387836490528414,0.3088242369272814,0.35112091236109766,0.0,0.0,0.32786885245901637,0.30303030303030304,0.3333333333333333,0.23076923076923078,0.4228571428571429,0.33636363636363636,0.0,0.0,0.2589928057553957,0.16216216216216217,0.8647942521227956,0.9865871833084948,0.25,0.14285714285714285,0.6886510273751804
62,0.7268195413758723,0.26587998578630895,0.2961688031480422,0.0,0.0,0.125,0.09090909090909091,0.13559322033898305,0.07692307692307693,0.45544554455445546,0.41818181818181815,0.0,0.0,0.25,0.15315315315315314,0.8571428571428571,0.9791356184798807,0.25,0.14285714285714285,0.701560530027863
63,0.7357926221335992,0.28925726572096594,0.3341448715012422,0.0,0.0,0.18181818181818182,0.12121212121212122,0.3561643835616438,0.25,0.40641711229946526,0.34545454545454546,0.0,0.0,0.28169014084507044,0.18018018018018017,0.8629242819843342,0.9850968703427719,0.25,0.14285714285714285,0.6925096813132494
64,0.7387836490528414,0.3012541227997903,0.34438570528924856,0.0,0.0,0.2857142857142857,0.24242424242424243,0.25396825396825395,0.15384615384615385,0.4329896907216495,0.38181818181818183,0.0,0.0,0.323943661971831,0.2072072072072072,0.8640840446487197,0.9806259314456036,0.25,0.14285714285714285,0.692300782365314
65,0.744765702891326,0.3130160796437143,0.3524093988505054,0.0,0.0,0.14285714285714285,0.09090909090909091,0.4,0.36538461538461536,0.42391304347826086,0.35454545454545455,0.0,0.0,0.3790849673202614,0.26126126126126126,0.8710106382978723,0.9761549925484352,0.25,0.14285714285714285,0.6703268099995934
66,0.7517447657028913,0.32232383731212766,0.3616235892404424,0.0,0.0,0.25,0.21212121212121213,0.3076923076923077,0.19230769230769232,0.5045045045045045,0.509090909090909,0.0,0.0,0.3401360544217687,0.22522522522522523,0.8790322580645161,0.9746646795827124,0.25,0.14285714285714285,0.6749219634715962
67,0.748753738783649,0.3179957846234193,0.35095373597411583,0.0,0.0,0.1,0.06060606060606061,0.4158415841584158,0.40384615384615385,0.3954802259887006,0.3181818181818182,0.0,0.0,0.41379310344827586,0.32432432432432434,0.8815612382234186,0.9761549925484352,0.25,0.14285714285714285,0.6693646962478653
68,0.7288135593220338,0.2802079484749274,0.30144992607957255,0.0,0.0,0.20689655172413793,0.18181818181818182,0.1724137931034483,0.09615384615384616,0.48868778280542985,0.4909090909090909,0.0,0.0,0.125,0.07207207207207207,0.8671513549239921,0.977645305514158,0.25,0.14285714285714285,0.6893601069897265
69,0.744765702891326,0.319041290586958,0.3654666493191083,0.0,0.0,0.2916666666666667,0.21212121212121213,0.4,0.3269230769230769,0.4262295081967213,0.35454545454545455,0.0,0.0,0.32,0.21621621621621623,0.8703703703703703,0.9806259314456036,0.25,0.14285714285714285,0.6726424991193107
70,0.7567298105682951,0.34956920308208367,0.39285944645713206,0.0,0.0,0.3103448275862069,0.2727272727272727,0.4,0.28846153846153844,0.4682926829268293,0.43636363636363634,0.0,0.0,0.4393063583815029,0.34234234234234234,0.8820722563053851,0.9642324888226528,0.25,0.14285714285714285,0.6500605401227386
71,0.7198404785643071,0.26429619075989097,0.29770507553275355,0.0,0.0,0.17391304347826086,0.12121212121212122,0.29850746268656714,0.19230769230769232,0.4126984126984127,0.35454545454545455,0.0,0.0,0.0975609756097561,0.05405405405405406,0.8512556342562781,0.9850968703427719,0.25,0.14285714285714285,0.7144530773875958
72,0.7557328015952144,0.33599659934554543,0.37819737775410545,0.0,0.0,0.3,0.2727272727272727,0.3142857142857143,0.21153846153846154,0.47761194029850745,0.43636363636363634,0.0,0.0,0.42424242424242425,0.3153153153153153,0.8812415654520918,0.9731743666169895,0.25,0.14285714285714285,0.659234391430677
73,0.7337986041874377,0.2884801149438152,0.32588288915526015,0.0,0.0,0.23076923076923078,0.18181818181818182,0.3076923076923077,0.19230769230769232,0.46,0.41818181818181815,0.0,0.0,0.16923076923076924,0.0990990990990991,0.8634879163945134,0.9850968703427719,0.25,0.14285714285714285,0.6974237318766319
74,0.7417746759720838,0.2981373164042953,0.34053728314735043,0.0,0.0,0.20408163265306123,0.15151515151515152,0.24615384615384617,0.15384615384615385,0.4117647058823529,0.38181818181818183,0.0,0.0,0.4,0.27927927927927926,0.8717607973421927,0.977645305514158,0.25,0.14285714285714285,0.6889990459410762
75,0.7627118644067796,0.34267290930054395,0.3891017224236738,0.0,0.0,0.25925925925925924,0.21212121212121213,0.410958904109589,0.28846153846153844,0.5096153846153846,0.4818181818181818,0.0,0.0,0.40993788819875776,0.2972972972972973,0.8839406207827261,0.9761549925484352,0.25,0.14285714285714285,0.668973644970659
76,0.7437686939182453,0.31535992543018304,0.35153430770030464,0.0,0.0,0.2807017543859649,0.24242424242424243,0.25806451612903225,0.15384615384615385,0.5,0.5,0.0,0.0,0.29931972789115646,0.1981981981981982,0.8726541554959786,0.970193740685544,0.25,0.14285714285714285,0.6901177938058155
77,0.752741774675972,0.32718664545362436,0.3755964728177329,0.0,0.0,0.27450980392156865,0.21212121212121213,0.3783783783783784,0.2692307692307692,0.467005076142132,0.41818181818181815,0.0,0.0,0.38461538461538464,0.2702702702702703,0.8746666666666667,0.977645305514158,0.25,0.14285714285714285,0.666308500236671
78,0.7537387836490529,0.31998603333497944,0.36163649074482523,0.0,0.0,0.23529411764705882,0.18181818181818182,0.25396825396825395,0.15384615384615385,0.5,0.4909090909090909,0.0,0.0,0.41509433962264153,0.2972972972972973,0.8770987239758227,0.9731743666169895,0.25,0.14285714285714285,0.6706938272340228
79,0.7318045862412762,0.29608557254927276,0.3422610413773103,0.0,0.0,0.28,0.21212121212121213,0.39473684210526316,0.28846153846153844,0.3657142857142857,0.2909090909090909,0.0,0.0,0.2463768115942029,0.15315315315315314,0.8589993502274204,0.9850968703427719,0.25,0.14285714285714285,0.7110007780261435
80,0.7537387836490529,0.3147231747934324,0.34909060433420375,0.0,0.0,0.2,0.15151515151515152,0.1724137931034483,0.09615384615384616,0.48672566371681414,0.5,0.0,0.0,0.4523809523809524,0.34234234234234234,0.8821138211382114,0.970193740685544,0.25,0.14285714285714285,0.6730554926312219
81,0.7467597208374875,0.3339168005444352,0.37880659115769694,0.0,0.0,0.35714285714285715,0.30303030303030304,0.40476190476190477,0.3269230769230769,0.3977272727272727,0.3181818181818182,0.0,0.0,0.36809815950920244,0.2702702702702703,0.8739159439626417,0.9761549925484352,0.25,0.14285714285714285,0.6755948170113302
82,0.7547357926221336,0.3292990877300011,0.36032616015605606,0.0,0.0,0.3,0.2727272727272727,0.1694915254237288,0.09615384615384616,0.5221238938053098,0.5363636363636364,0.0,0.0,0.39751552795031053,0.2882882882882883,0.8831521739130435,0.9687034277198212,0.25,0.14285714285714285,0.6770690582685195
83,0.773678963110668,0.37726307913661544,0.4187321845367745,0.0,0.0,0.3728813559322034,0.3333333333333333,0.39436619718309857,0.2692307692307692,0.5225225225225225,0.5272727272727272,0.0,0.0,0.4972375690607735,0.40540540540540543,0.8941176470588236,0.96274217585693,0.25,0.14285714285714285,0.6471573238596245
84,0.7637088733798604,0.36665106524591307,0.4023419259574442,0.0,0.0,0.3870967741935484,0.36363636363636365,0.3380281690140845,0.23076923076923078,0.4978165938864629,0.5181818181818182,0.0,0.0,0.4508670520231214,0.35135135135135137,0.8925848925848926,0.9597615499254843,0.25,0.14285714285714285,0.6538026603245188
85,0.7617148554336989,0.3579066565015042,0.3967034868424636,0.0,0.0,0.3157894736842105,0.2727272727272727,0.3783783783783784,0.2692307692307692,0.5240174672489083,0.5454545454545454,0.0,0.0,0.42168674698795183,0.3153153153153153,0.8870523415977961,0.9597615499254843,0.25,0.14285714285714285,0.6506955201699512
86,0.7577268195413759,0.337611636206484,0.37638195861223567,0.0,0.0,0.2,0.15151515151515152,0.34782608695652173,0.23076923076923078,0.49327354260089684,0.5,0.0,0.0,0.45652173913043476,0.3783783783783784,0.8870523415977961,0.9597615499254843,0.25,0.14285714285714285,0.6510861608109707
87,0.7607178464606181,0.35604089245775433,0.40645279311673377,0.0,0.0,0.2962962962962963,0.24242424242424243,0.4473684210526316,0.3269230769230769,0.5,0.4727272727272727,0.0,0.0,0.36477987421383645,0.26126126126126126,0.8837837837837837,0.9746646795827124,0.35294117647058826,0.21428571428571427,0.6543922622800468
88,0.7726819541375872,0.3928218194026157,0.43847753546567697,0.0,0.0,0.37735849056603776,0.30303030303030304,0.5054945054945055,0.4423076923076923,0.5161290322580645,0.509090909090909,0.0,0.0,0.42424242424242425,0.3153153153153153,0.8931771192281185,0.9657228017883756,0.35294117647058826,0.21428571428571427,0.6378024200261649
89,0.748753738783649,0.32260929251561565,0.36789878835177986,0.0,0.0,0.3103448275862069,0.2727272727272727,0.3235294117647059,0.21153846153846154,0.4205128205128205,0.37272727272727274,0.0,0.0,0.39490445859872614,0.27927927927927926,0.876,0.9791356184798807,0.25,0.14285714285714285,0.6812021037636108
90,0.7716849451645065,0.4004528090008184,0.436407678279011,0.0,0.0,0.32786885245901637,0.30303030303030304,0.4827586206896552,0.40384615384615385,0.4978540772532189,0.5272727272727272,0.0,0.0,0.4918032786885246,0.40540540540540543,0.9016277423920736,0.9493293591654247,0.35294117647058826,0.21428571428571427,0.640691758093544
91,0.7547357926221336,0.34202226028923916,0.3819041600116809,0.0,0.0,0.36065573770491804,0.3333333333333333,0.39436619718309857,0.2692307692307692,0.5046728971962616,0.4909090909090909,0.0,0.0,0.28368794326241137,0.18018018018018017,0.8799463447350772,0.977645305514158,0.25,0.14285714285714285,0.6712325807226263
92,0.752741774675972,0.33108314771078234,0.37559624353074705,0.0,0.0,0.24,0.18181818181818182,0.45,0.34615384615384615,0.4729064039408867,0.43636363636363634,0.0,0.0,0.33766233766233766,0.23423423423423423,0.8786049631120053,0.9761549925484352,0.25,0.14285714285714285,0.680036798847518
93,0.7666999002991027,0.3749995515803478,0.4190701827392025,0.0,0.0,0.36065573770491804,0.3333333333333333,0.3835616438356164,0.2692307692307692,0.509090909090909,0.509090909090909,0.0,0.0,0.43529411764705883,0.3333333333333333,0.891947694425327,0.9657228017883756,0.35294117647058826,0.21428571428571427,0.6535308432959369
94,0.7676969092721835,0.36819995625616236,0.4204578593264758,0.0,0.0,0.2978723404255319,0.21212121212121213,0.5057471264367817,0.4230769230769231,0.494949494949495,0.44545454545454544,0.0,0.0,0.40476190476190477,0.3063063063063063,0.8869329722410291,0.9761549925484352,0.35294117647058826,0.21428571428571427,0.6533210987108179
95,0.7467597208374875,0.32444807234034406,0.3760025518232397,0.0,0.0,0.28,0.21212121212121213,0.4,0.28846153846153844,0.45595854922279794,0.4,0.0,0.0,0.2733812949640288,0.17117117117117117,0.8697368421052631,0.9850968703427719,0.35294117647058826,0.21428571428571427,0.6867448801057764
96,0.7647058823529411,0.35544210731564363,0.38522561168905217,0.0,0.0,0.3125,0.30303030303030304,0.27692307692307694,0.17307692307692307,0.5537190082644629,0.6090909090909091,0.0,0.0,0.40993788819875776,0.2972972972972973,0.8934993084370678,0.96274217585693,0.25,0.14285714285714285,0.6702420100614295
97,0.7706879361914257,0.3747525266260629,0.4175068672357026,0.0,0.0,0.3508771929824561,0.30303030303030304,0.4473684210526316,0.3269230769230769,0.5244444444444445,0.5363636363636364,0.0,0.0,0.4588235294117647,0.35135135135135137,0.8910344827586207,0.96274217585693,0.25,0.14285714285714285,0.648395554553476
98,0.7637088733798604,0.34761270440427344,0.3825202361768233,0.0,0.0,0.24561403508771928,0.21212121212121213,0.36619718309859156,0.25,0.5355648535564853,0.5818181818181818,0.0,0.0,0.38509316770186336,0.27927927927927926,0.8951724137931034,0.9672131147540983,0.25,0.14285714285714285,0.6699696000171445
99,0.7637088733798604,0.3588311639833888,0.4037568455303124,0.0,0.0,0.3076923076923077,0.24242424242424243,0.43902439024390244,0.34615384615384615,0.46534653465346537,0.42727272727272725,0.0,0.0,0.4777777777777778,0.38738738738738737,0.8864569083447332,0.9657228017883756,0.25,0.14285714285714285,0.6512084764355083
100,0.769690927218345,0.3942460455341017,0.44312978681388565,0.0,0.0,0.35714285714285715,0.30303030303030304,0.4943820224719101,0.4230769230769231,0.5192307692307693,0.4909090909090909,0.0,0.0,0.39751552795031053,0.2882882882882883,0.8891928864569083,0.9687034277198212,0.4444444444444444,0.2857142857142857,0.6491741592720047
