seed,algorithm,mu,local_epochs,round,val_loss,val_accuracy,val_balanced_accuracy,val_macro_f1,val_f1_class_0,val_f1_class_1,val_f1_class_2,val_f1_class_3,val_f1_class_4,val_f1_class_5,val_f1_class_6,train_loss,n_kept,n_dropped
123,fedavg,0.0,20,1,1.4735623960599586,0.7587238285144566,0.3919029058373321,0.3581756532722243,0.4523809523809524,0.6140350877192983,0.5523809523809524,0.0,0.0,0.8884325804243669,0.0,0.434611124120391,1,1
123,fedavg,0.0,20,2,1.7344502129797208,0.7507477567298105,0.3966255056418991,0.34973545111401666,0.49411764705882355,0.5864661654135338,0.47959183673469385,0.0,0.0,0.8879725085910652,0.0,0.25540343253953146,1,1
123,fedavg,0.0,20,3,2.1734081484147105,0.7517447657028913,0.3480301119645382,0.3340087731643163,0.3137254901960784,0.6017699115044248,0.5407725321888412,0.0,0.0,0.8817934782608695,0.0,0.09756059436531563,1,1
123,fedavg,0.0,20,4,2.8825676296192295,0.765702891326022,0.39733435962944164,0.36793585204121865,0.47761194029850745,0.6333333333333333,0.5714285714285714,0.0,0.0,0.8931771192281185,0.0,0.011504857084100555,1,1
123,fedavg,0.0,20,5,3.0577702051621016,0.7666999002991027,0.39791001348378396,0.3679533282663347,0.47058823529411764,0.6446280991735537,0.5663716814159292,0.0,0.0,0.8940852819807428,0.0,0.00026968374699053095,1,1
123,fedavg,0.0,20,6,3.1786029823755815,0.7666999002991027,0.3950129105866811,0.36754663074013944,0.48484848484848486,0.6218487394957983,0.5714285714285714,0.0,0.0,0.8947006194081212,0.0,0.00015499528674505771,1,1
123,fedavg,0.0,20,7,3.259543579335465,0.765702891326022,0.3932182571526833,0.36500080006573515,0.46153846153846156,0.628099173553719,0.5714285714285714,0.0,0.0,0.8939393939393939,0.0,0.00011054281376827263,1,1
123,fedavg,0.0,20,8,3.302883804498142,0.7666999002991027,0.39754726148168773,0.36881468777188736,0.48484848484848486,0.6333333333333333,0.5689655172413793,0.0,0.0,0.8945554789800138,0.0,8.873632408291723e-05,1,1
123,fedavg,0.0,20,9,3.3479488409409375,0.765702891326022,0.39624856018298643,0.3678416821273964,0.48484848484848486,0.6333333333333333,0.5627705627705628,0.0,0.0,0.8939393939393939,0.0,6.667185746457593e-05,1,1
123,fedavg,0.0,20,10,3.384076432240449,0.765702891326022,0.4014504621061998,0.3718929126418534,0.5074626865671642,0.6386554621848739,0.5641025641025641,0.0,0.0,0.8930296756383713,0.0,5.639665552060389e-05,1,1
123,fedavg,0.0,20,11,3.424034681301174,0.765702891326022,0.3943040565991386,0.366184549950224,0.46875,0.628099173553719,0.5726495726495726,0.0,0.0,0.8937931034482759,0.0,4.794896618217951e-05,1,1
123,fedavg,0.0,20,12,3.464148374045953,0.765702891326022,0.39213245770622823,0.36422223511494994,0.46153846153846156,0.628099173553719,0.5652173913043478,0.0,0.0,0.8947006194081212,0.0,4.344318189595022e-05,1,1
123,fedavg,0.0,20,13,3.479539250091446,0.7676969092721835,0.39364406085717557,0.36566110863856566,0.46153846153846156,0.628099173553719,0.5739130434782609,0.0,0.0,0.8960770818995183,0.0,3.772780446893112e-05,1,1
123,fedavg,0.0,20,14,3.496716126844153,0.7666999002991027,0.39754726148168773,0.36979227668882847,0.49230769230769234,0.6333333333333333,0.5689655172413793,0.0,0.0,0.8939393939393939,0.0,3.5206306461767463e-05,1,1
123,fedavg,0.0,20,15,3.5204096767505404,0.7676969092721835,0.3977601633339338,0.3690018254742381,0.47761194029850745,0.6386554621848739,0.5714285714285714,0.0,0.0,0.8953168044077136,0.0,3.0923090075386564e-05,1,1
123,fedavg,0.0,20,16,3.5414247101586933,0.7676969092721835,0.4018762658106921,0.37251268469022325,0.5,0.6440677966101694,0.5689655172413793,0.0,0.0,0.8945554789800138,0.0,2.8615861211813235e-05,1,1
123,fedavg,0.0,20,17,3.570986357667035,0.7666999002991027,0.3945169584513847,0.36636208142702115,0.46153846153846156,0.6333333333333333,0.575107296137339,0.0,0.0,0.8945554789800138,0.0,2.6694750145023507e-05,1,1
123,fedavg,0.0,20,18,3.569902833889156,0.765702891326022,0.39624856018298643,0.3668959021974882,0.47761194029850745,0.6333333333333333,0.5627705627705628,0.0,0.0,0.8945554789800138,0.0,2.3679271535504708e-05,1,1
123,fedavg,0.0,20,19,3.603094649338651,0.7676969092721835,0.3947298603036308,0.36682497231086575,0.46153846153846156,0.6333333333333333,0.5775862068965517,0.0,0.0,0.8953168044077136,0.0,2.255735583121289e-05,1,1
123,fedavg,0.0,20,20,3.6176714462154766,0.7676969092721835,0.3947298603036308,0.36710745497971203,0.46875,0.628099173553719,0.5775862068965517,0.0,0.0,0.8953168044077136,0.0,2.1624678575380106e-05,1,1
123,fedavg,0.0,20,21,3.645853542021716,0.7676969092721835,0.39364406085717557,0.366930733877149,0.47619047619047616,0.6229508196721312,0.5739130434782609,0.0,0.0,0.8954607977991746,0.0,2.1238847765735944e-05,1,1
123,fedavg,0.0,20,22,3.655051431056866,0.7666999002991027,0.3934311590049295,0.36646721238561425,0.47619047619047616,0.6229508196721312,0.5714285714285714,0.0,0.0,0.8947006194081212,0.0,2.031825869960836e-05,1,1
123,fedavg,0.0,20,23,3.6496747528924307,0.769690927218345,0.4044736684080946,0.37541421116671686,0.5074626865671642,0.6440677966101694,0.5811965811965812,0.0,0.0,0.8951724137931034,0.0,1.7331646224201118e-05,1,1
123,fedavg,0.0,20,24,3.67872134305663,0.7676969092721835,0.39364406085717557,0.3663208051641758,0.46153846153846156,0.6333333333333333,0.5739130434782609,0.0,0.0,0.8954607977991746,0.0,1.609381913149277e-05,1,1
123,fedavg,0.0,20,25,3.6832555635857323,0.769690927218345,0.4044736684080946,0.37541421116671686,0.5074626865671642,0.6440677966101694,0.5811965811965812,0.0,0.0,0.8951724137931034,0.0,1.646190250231451e-05,1,1
123,fedavg,0.0,20,26,3.6779493287220553,0.7666999002991027,0.3960987100331363,0.36876592620472526,0.49230769230769234,0.6218487394957983,0.5726495726495726,0.0,0.0,0.8945554789800138,0.0,1.8557897612921236e-05,1,1
123,fedavg,0.0,20,27,3.687704242000789,0.769690927218345,0.4033878689616395,0.37423402776864273,0.5074626865671642,0.6386554621848739,0.5775862068965517,0.0,0.0,0.895933838731909,0.0,1.4498333330290403e-05,1,1
123,fedavg,0.0,20,28,3.6957946565310476,0.769690927218345,0.4044736684080946,0.37472927572666365,0.5074626865671642,0.6386554621848739,0.5811965811965812,0.0,0.0,0.8957902001380262,0.0,1.3888425450084024e-05,1,1
123,fedavg,0.0,20,29,3.717223058550332,0.7676969092721835,0.39884596278038903,0.3704615042289391,0.5,0.6229508196721312,0.575107296137339,0.0,0.0,0.8951724137931034,0.0,1.4211439783729109e-05,1,1
123,fedavg,0.0,20,30,3.7307156881805907,0.7676969092721835,0.395815659750086,0.367294776626696,0.47619047619047616,0.6178861788617886,0.5811965811965812,0.0,0.0,0.8957902001380262,0.0,1.3011698393947449e-05,1,1
123,fedavg,0.0,20,31,3.7423897364798,0.7686939182452642,0.3990588646326351,0.37157174069399773,0.5,0.628099173553719,0.5775862068965517,0.0,0.0,0.8953168044077136,0.0,1.1865243111596632e-05,1,1
123,fedavg,0.0,20,32,3.742313211009367,0.7676969092721835,0.39884596278038903,0.3704523888786731,0.48484848484848486,0.6386554621848739,0.575107296137339,0.0,0.0,0.8945554789800138,0.0,1.1745239418205291e-05,1,1
123,fedavg,0.0,20,33,3.7599722469078816,0.7686939182452642,0.3990588646326351,0.37056098735569604,0.49230769230769234,0.628099173553719,0.5775862068965517,0.0,0.0,0.895933838731909,0.0,1.1265199926648744e-05,1,1
123,fedavg,0.0,20,34,3.768751929550323,0.769690927218345,0.4044736684080946,0.37541421116671686,0.5074626865671642,0.6440677966101694,0.5811965811965812,0.0,0.0,0.8951724137931034,0.0,1.1106664926849626e-05,1,1
123,fedavg,0.0,20,35,3.7638771919048915,0.7666999002991027,0.3986330609281429,0.36932018981708425,0.48484848484848486,0.6333333333333333,0.5726495726495726,0.0,0.0,0.8944099378881988,0.0,1.1792365930403737e-05,1,1
123,fedavg,0.0,20,36,3.7860709501287397,0.7686939182452642,0.40014466407909033,0.37073837135948945,0.48484848484848486,0.6333333333333333,0.5811965811965812,0.0,0.0,0.8957902001380262,0.0,1.0571860442215778e-05,1,1
123,fedavg,0.0,20,37,3.796966534906465,0.7676969092721835,0.39884596278038903,0.3700462148654834,0.48484848484848486,0.6333333333333333,0.5775862068965517,0.0,0.0,0.8945554789800138,0.0,1.0193474447986861e-05,1,1
123,fedavg,0.0,20,38,3.79708017499473,0.7676969092721835,0.39884596278038903,0.3697802183017515,0.48484848484848486,0.6333333333333333,0.575107296137339,0.0,0.0,0.8951724137931034,0.0,9.848123276271501e-06,1,1
123,fedavg,0.0,20,39,3.8050325608562496,0.7686939182452642,0.4031749671093934,0.37403711923265764,0.5074626865671642,0.6386554621848739,0.5775862068965517,0.0,0.0,0.8945554789800138,0.0,8.749907230978385e-06,1,1
123,fedavg,0.0,20,40,3.8186944023086684,0.7686939182452642,0.40014466407909033,0.37105623531371695,0.49230769230769234,0.628099173553719,0.5811965811965812,0.0,0.0,0.8957902001380262,0.0,9.474123525539553e-06,1,1
123,fedavg,0.0,20,41,3.81293862243949,0.7686939182452642,0.40014466407909033,0.37105623531371695,0.49230769230769234,0.628099173553719,0.5811965811965812,0.0,0.0,0.8957902001380262,0.0,8.664928892362963e-06,1,1
123,fedavg,0.0,20,42,3.816280797376471,0.7686939182452642,0.4042607665558485,0.37460512529279427,0.5151515151515151,0.6333333333333333,0.5787234042553191,0.0,0.0,0.8950276243093923,0.0,9.50208509325775e-06,1,1
123,fedavg,0.0,20,43,3.8277272961788613,0.7686939182452642,0.4042607665558485,0.37426702533096423,0.5074626865671642,0.6386554621848739,0.5787234042553191,0.0,0.0,0.8950276243093923,0.0,8.465299819102289e-06,1,1
123,fedavg,0.0,20,44,3.8359190649905446,0.7666999002991027,0.39754726148168773,0.369132551726115,0.49230769230769234,0.628099173553719,0.5689655172413793,0.0,0.0,0.8945554789800138,0.0,7.783482657630056e-06,1,1
123,fedavg,0.0,20,45,3.8374649893607597,0.769690927218345,0.4044736684080946,0.37472927572666365,0.5074626865671642,0.6386554621848739,0.5811965811965812,0.0,0.0,0.8957902001380262,0.0,7.926426601594299e-06,1,1
123,fedavg,0.0,20,46,3.844974357371078,0.769690927218345,0.4044736684080946,0.37472927572666365,0.5074626865671642,0.6386554621848739,0.5811965811965812,0.0,0.0,0.8957902001380262,0.0,7.159352661829746e-06,1,1
123,fedavg,0.0,20,47,3.8574242903252065,0.7686939182452642,0.40014466407909033,0.37105623531371695,0.49230769230769234,0.628099173553719,0.5811965811965812,0.0,0.0,0.8957902001380262,0.0,7.0141584977930806e-06,1,1
123,fedavg,0.0,20,48,3.867403104084201,0.7686939182452642,0.40014466407909033,0.37105623531371695,0.49230769230769234,0.628099173553719,0.5811965811965812,0.0,0.0,0.8957902001380262,0.0,7.480119779585757e-06,1,1
123,fedavg,0.0,20,49,3.8733954626922,0.7686939182452642,0.40014466407909033,0.37105623531371695,0.49230769230769234,0.628099173553719,0.5811965811965812,0.0,0.0,0.8957902001380262,0.0,6.87004479006941e-06,1,1
123,fedavg,0.0,20,50,3.878109476502134,0.7686939182452642,0.40014466407909033,0.3713243238255683,0.49230769230769234,0.628099173553719,0.5836909871244635,0.0,0.0,0.8951724137931034,0.0,6.729699916619457e-06,1,1
123,fedavg,0.0,20,51,3.868697961805349,0.7676969092721835,0.39993176222684423,0.3705939849180176,0.49230769230769234,0.628099173553719,0.5787234042553191,0.0,0.0,0.8950276243093923,0.0,6.46128738720455e-06,1,1
123,fedavg,0.0,20,52,3.873185366005864,0.7676969092721835,0.39993176222684423,0.3705939849180176,0.49230769230769234,0.628099173553719,0.5787234042553191,0.0,0.0,0.8950276243093923,0.0,6.799611887116893e-06,1,1
123,fedavg,0.0,20,53,3.8899546770131956,0.7676969092721835,0.39993176222684423,0.3709574068909775,0.5,0.6229508196721312,0.5787234042553191,0.0,0.0,0.8950276243093923,0.0,6.452471054788918e-06,1,1
123,fedavg,0.0,20,54,3.8988743608043057,0.7666999002991027,0.39754726148168773,0.36939640446133953,0.49230769230769234,0.628099173553719,0.5714285714285714,0.0,0.0,0.8939393939393939,0.0,7.42835320049219e-06,1,1
123,fedavg,0.0,20,55,3.8950655878719282,0.769690927218345,0.4044736684080946,0.37472927572666365,0.5074626865671642,0.6386554621848739,0.5811965811965812,0.0,0.0,0.8957902001380262,0.0,6.1740562520944095e-06,1,1
123,fedavg,0.0,20,56,3.911772434400062,0.769690927218345,0.4044736684080946,0.37472927572666365,0.5074626865671642,0.6386554621848739,0.5811965811965812,0.0,0.0,0.8957902001380262,0.0,6.292472533617533e-06,1,1
123,fedavg,0.0,20,57,3.9115463631935157,0.7686939182452642,0.40014466407909033,0.37073837135948945,0.48484848484848486,0.6333333333333333,0.5811965811965812,0.0,0.0,0.8957902001380262,0.0,6.174922467522022e-06,1,1
123,fedavg,0.0,20,58,3.9182290961949207,0.7686939182452642,0.4020891676629382,0.37353311594834576,0.5074626865671642,0.6386554621848739,0.5739130434782609,0.0,0.0,0.8947006194081212,0.0,5.568015770401423e-06,1,1
123,fedavg,0.0,20,59,3.9239433734034255,0.769690927218345,0.4044736684080946,0.37472927572666365,0.5074626865671642,0.6386554621848739,0.5811965811965812,0.0,0.0,0.8957902001380262,0.0,6.029648260526135e-06,1,1
123,fedavg,0.0,20,60,3.912957536140206,0.769690927218345,0.4044736684080946,0.37443636827782534,0.5,0.6440677966101694,0.5811965811965812,0.0,0.0,0.8957902001380262,0.0,5.834439746322412e-06,1,1
123,fedavg,0.0,20,61,3.9305330285522064,0.769690927218345,0.4044736684080946,0.37506737568849374,0.5151515151515151,0.6333333333333333,0.5811965811965812,0.0,0.0,0.8957902001380262,0.0,5.37736313448287e-06,1,1
123,fedavg,0.0,20,62,3.9357571509162543,0.769690927218345,0.4044736684080946,0.37472927572666365,0.5074626865671642,0.6386554621848739,0.5811965811965812,0.0,0.0,0.8957902001380262,0.0,5.959034818306704e-06,1,1
123,fedavg,0.0,20,63,3.94630569665287,0.769690927218345,0.4044736684080946,0.37506737568849374,0.5151515151515151,0.6333333333333333,0.5811965811965812,0.0,0.0,0.8957902001380262,0.0,5.386889182680403e-06,1,1
123,fedavg,0.0,20,64,3.935235370786216,0.7686939182452642,0.4042607665558485,0.37460512529279427,0.5151515151515151,0.6333333333333333,0.5787234042553191,0.0,0.0,0.8950276243093923,0.0,5.321847619032799e-06,1,1
123,fedavg,0.0,20,65,3.943366384220979,0.769690927218345,0.4044736684080946,0.37506737568849374,0.5151515151515151,0.6333333333333333,0.5811965811965812,0.0,0.0,0.8957902001380262,0.0,5.627180110118945e-06,1,1
123,fedavg,0.0,20,66,3.945962489661524,0.7686939182452642,0.4042607665558485,0.374989589313622,0.5230769230769231,0.628099173553719,0.5787234042553191,0.0,0.0,0.8950276243093923,0.0,5.507273293474814e-06,1,1
123,fedavg,0.0,20,67,3.953332777631841,0.7686939182452642,0.4042607665558485,0.37460512529279427,0.5151515151515151,0.6333333333333333,0.5787234042553191,0.0,0.0,0.8950276243093923,0.0,5.328020913395111e-06,1,1
123,fedavg,0.0,20,68,3.964543140778394,0.769690927218345,0.4044736684080946,0.37506737568849374,0.5151515151515151,0.6333333333333333,0.5811965811965812,0.0,0.0,0.8957902001380262,0.0,5.217730940293751e-06,1,1
123,fedavg,0.0,20,69,3.9627047825905524,0.7686939182452642,0.40014466407909033,0.37105623531371695,0.49230769230769234,0.628099173553719,0.5811965811965812,0.0,0.0,0.8957902001380262,0.0,5.194020721720383e-06,1,1
123,fedavg,0.0,20,70,3.9609247630281916,0.7686939182452642,0.40014466407909033,0.37105623531371695,0.49230769230769234,0.628099173553719,0.5811965811965812,0.0,0.0,0.8957902001380262,0.0,5.08989586367668e-06,1,1
123,fedavg,0.0,20,71,3.9692981725675636,0.7686939182452642,0.40014466407909033,0.37105623531371695,0.49230769230769234,0.628099173553719,0.5811965811965812,0.0,0.0,0.8957902001380262,0.0,4.744934356579102e-06,1,1
123,fedavg,0.0,20,72,3.975735933687965,0.7686939182452642,0.40014466407909033,0.37105623531371695,0.49230769230769234,0.628099173553719,0.5811965811965812,0.0,0.0,0.8957902001380262,0.0,4.57703723374313e-06,1,1
123,fedavg,0.0,20,73,3.971838298133934,0.7686939182452642,0.40014466407909033,0.37105623531371695,0.49230769230769234,0.628099173553719,0.5811965811965812,0.0,0.0,0.8957902001380262,0.0,4.8323469205337276e-06,1,1
123,fedavg,0.0,20,74,3.9827814919879643,0.7686939182452642,0.40014466407909033,0.37105623531371695,0.49230769230769234,0.628099173553719,0.5811965811965812,0.0,0.0,0.8957902001380262,0.0,4.498078510637749e-06,1,1
123,fedavg,0.0,20,75,3.971037699955173,0.769690927218345,0.4044736684080946,0.37506737568849374,0.5151515151515151,0.6333333333333333,0.5811965811965812,0.0,0.0,0.8957902001380262,0.0,4.405335783409358e-06,1,1
123,fedavg,0.0,20,76,3.98584806312949,0.7686939182452642,0.4042607665558485,0.37487019536708976,0.5151515151515151,0.6333333333333333,0.5811965811965812,0.0,0.0,0.8944099378881988,0.0,4.385125468810337e-06,1,1
123,fedavg,0.0,20,77,3.9870496459401856,0.769690927218345,0.4044736684080946,0.3753354642003451,0.5151515151515151,0.6333333333333333,0.5836909871244635,0.0,0.0,0.8951724137931034,0.0,4.220482865907988e-06,1,1
123,fedavg,0.0,20,78,3.9905702425974794,0.769690927218345,0.4044736684080946,0.3753354642003451,0.5151515151515151,0.6333333333333333,0.5836909871244635,0.0,0.0,0.8951724137931034,0.0,4.353110083720145e-06,1,1
123,fedavg,0.0,20,79,3.993940693550072,0.7686939182452642,0.40014466407909033,0.3713243238255683,0.49230769230769234,0.628099173553719,0.5836909871244635,0.0,0.0,0.8951724137931034,0.0,4.1398391020291e-06,1,1
123,fedavg,0.0,20,80,3.99689846024556,0.769690927218345,0.4003575659313365,0.37215593642225203,0.5,0.6229508196721312,0.5862068965517241,0.0,0.0,0.895933838731909,0.0,4.618906396111901e-06,1,1
123,fedavg,0.0,20,81,3.9793961958538144,0.7666999002991027,0.3986330609281429,0.36925367800076586,0.49230769230769234,0.6229508196721312,0.575107296137339,0.0,0.0,0.8944099378881988,0.0,4.5712685727932155e-06,1,1
123,fedavg,0.0,20,82,4.000928713341177,0.7686939182452642,0.40014466407909033,0.3713243238255683,0.49230769230769234,0.628099173553719,0.5836909871244635,0.0,0.0,0.8951724137931034,0.0,3.845670579826036e-06,1,1
123,fedavg,0.0,20,83,4.005311785286231,0.7676969092721835,0.39884596278038903,0.36971673323849696,0.49230769230769234,0.6229508196721312,0.5775862068965517,0.0,0.0,0.8951724137931034,0.0,3.991214442726801e-06,1,1
123,fedavg,0.0,20,84,4.008483204741777,0.7686939182452642,0.40014466407909033,0.3713243238255683,0.49230769230769234,0.628099173553719,0.5836909871244635,0.0,0.0,0.8951724137931034,0.0,3.7057679110764163e-06,1,1
123,fedavg,0.0,20,85,4.009413291782824,0.7676969092721835,0.39884596278038903,0.36971673323849696,0.49230769230769234,0.6229508196721312,0.5775862068965517,0.0,0.0,0.8951724137931034,0.0,3.852663217735112e-06,1,1
123,fedavg,0.0,20,86,4.016632893030807,0.7686939182452642,0.40014466407909033,0.3713243238255683,0.49230769230769234,0.628099173553719,0.5836909871244635,0.0,0.0,0.8951724137931034,0.0,3.6977535287768677e-06,1,1
123,fedavg,0.0,20,87,4.018436453278257,0.7686939182452642,0.40014466407909033,0.3713243238255683,0.49230769230769234,0.628099173553719,0.5836909871244635,0.0,0.0,0.8951724137931034,0.0,3.5117457521361967e-06,1,1
123,fedavg,0.0,20,88,4.031376170969438,0.7686939182452642,0.40014466407909033,0.3713243238255683,0.49230769230769234,0.628099173553719,0.5836909871244635,0.0,0.0,0.8951724137931034,0.0,3.7571396089080423e-06,1,1
123,fedavg,0.0,20,89,4.030272710596695,0.7686939182452642,0.40014466407909033,0.3713243238255683,0.49230769230769234,0.628099173553719,0.5836909871244635,0.0,0.0,0.8951724137931034,0.0,3.779233271560001e-06,1,1
123,fedavg,0.0,20,90,4.024010310738774,0.7686939182452642,0.40014466407909033,0.3713243238255683,0.49230769230769234,0.628099173553719,0.5836909871244635,0.0,0.0,0.8951724137931034,0.0,3.754571686217099e-06,1,1
123,fedavg,0.0,20,91,4.048772760545268,0.7676969092721835,0.39884596278038903,0.370364078819711,0.49230769230769234,0.628099173553719,0.5775862068965517,0.0,0.0,0.8945554789800138,0.0,3.733297692707984e-06,1,1
123,fedavg,0.0,20,92,4.037205480269397,0.7686939182452642,0.4042607665558485,0.37554238028303516,0.5151515151515151,0.6386554621848739,0.5811965811965812,0.0,0.0,0.8937931034482759,0.0,3.4948968220729603e-06,1,1
123,fedavg,0.0,20,93,4.037576631677234,0.7686939182452642,0.4042607665558485,0.37487019536708976,0.5151515151515151,0.6333333333333333,0.5811965811965812,0.0,0.0,0.8944099378881988,0.0,3.788519843111125e-06,1,1
123,fedavg,0.0,20,94,4.043760693798275,0.7686939182452642,0.40014466407909033,0.3713243238255683,0.49230769230769234,0.628099173553719,0.5836909871244635,0.0,0.0,0.8951724137931034,0.0,3.394502053375492e-06,1,1
123,fedavg,0.0,20,95,4.043074398430608,0.769690927218345,0.4044736684080946,0.3753354642003451,0.5151515151515151,0.6333333333333333,0.5836909871244635,0.0,0.0,0.8951724137931034,0.0,3.826927829015489e-06,1,1
123,fedavg,0.0,20,96,4.049740405524835,0.7686939182452642,0.40014466407909033,0.3713243238255683,0.49230769230769234,0.628099173553719,0.5836909871244635,0.0,0.0,0.8951724137931034,0.0,3.272800616080194e-06,1,1
123,fedavg,0.0,20,97,4.053261759987143,0.7676969092721835,0.39993176222684423,0.3708590549923131,0.49230769230769234,0.628099173553719,0.5811965811965812,0.0,0.0,0.8944099378881988,0.0,3.5184813869694088e-06,1,1
123,fedavg,0.0,20,98,4.053129490921766,0.7686939182452642,0.40014466407909033,0.3713243238255683,0.49230769230769234,0.628099173553719,0.5836909871244635,0.0,0.0,0.8951724137931034,0.0,3.4197059478080768e-06,1,1
123,fedavg,0.0,20,99,4.056343166326597,0.7686939182452642,0.40014466407909033,0.3713243238255683,0.49230769230769234,0.628099173553719,0.5836909871244635,0.0,0.0,0.8951724137931034,0.0,3.120263203131228e-06,1,1
123,fedavg,0.0,20,100,4.062875925246645,0.7686939182452642,0.40014466407909033,0.3713243238255683,0.49230769230769234,0.628099173553719,0.5836909871244635,0.0,0.0,0.8951724137931034,0.0,3.282146665710199e-06,1,1
123,fedavg,0.0,20,101,4.055730303643589,0.769690927218345,0.4044736684080946,0.3753354642003451,0.5151515151515151,0.6333333333333333,0.5836909871244635,0.0,0.0,0.8951724137931034,0.0,3.084649214716433e-06,1,1
123,fedavg,0.0,20,102,4.0583358051056635,0.7686939182452642,0.4042607665558485,0.37487019536708976,0.5151515151515151,0.6333333333333333,0.5811965811965812,0.0,0.0,0.8944099378881988,0.0,2.9945826639694165e-06,1,1
123,fedavg,0.0,20,103,4.072352937306626,0.769690927218345,0.4003575659313365,0.3717925144492921,0.49230769230769234,0.628099173553719,0.5862068965517241,0.0,0.0,0.895933838731909,0.0,3.084180525775405e-06,1,1
123,fedavg,0.0,20,104,4.070065646442554,0.7706879361914257,0.40468657026034077,0.3758036548240688,0.5151515151515151,0.6333333333333333,0.5862068965517241,0.0,0.0,0.895933838731909,0.0,3.017244025807254e-06,1,1
123,fedavg,0.0,20,105,4.074234761126852,0.769690927218345,0.4003575659313365,0.3717925144492921,0.49230769230769234,0.628099173553719,0.5862068965517241,0.0,0.0,0.895933838731909,0.0,3.0691138952849644e-06,1,1
123,fedavg,0.0,20,106,4.076704917139451,0.769690927218345,0.4003575659313365,0.3717925144492921,0.49230769230769234,0.628099173553719,0.5862068965517241,0.0,0.0,0.895933838731909,0.0,3.008292613407839e-06,1,1
123,fedavg,0.0,20,107,4.06909864469397,0.7686939182452642,0.4042607665558485,0.37487019536708976,0.5151515151515151,0.6333333333333333,0.5811965811965812,0.0,0.0,0.8944099378881988,0.0,3.070678656391547e-06,1,1
123,fedavg,0.0,20,108,4.07788278098596,0.7686939182452642,0.40014466407909033,0.3715956059133071,0.49230769230769234,0.628099173553719,0.5862068965517241,0.0,0.0,0.8945554789800138,0.0,3.023544727229747e-06,1,1
123,fedavg,0.0,20,109,4.078684415798245,0.7686939182452642,0.40014466407909033,0.3715956059133071,0.49230769230769234,0.628099173553719,0.5862068965517241,0.0,0.0,0.8945554789800138,0.0,2.9572316719622727e-06,1,1
123,fedavg,0.0,20,110,4.0761634183904585,0.7686939182452642,0.40014466407909033,0.3715956059133071,0.49230769230769234,0.628099173553719,0.5862068965517241,0.0,0.0,0.8945554789800138,0.0,2.9724393614787715e-06,1,1
123,fedavg,0.0,20,111,4.085345973046208,0.7686939182452642,0.40014466407909033,0.3713243238255683,0.49230769230769234,0.628099173553719,0.5836909871244635,0.0,0.0,0.8951724137931034,0.0,2.7272555894968935e-06,1,1
123,fedavg,0.0,20,112,4.09165702954841,0.7676969092721835,0.39993176222684423,0.3708590549923131,0.49230769230769234,0.628099173553719,0.5811965811965812,0.0,0.0,0.8944099378881988,0.0,3.0975730114131257e-06,1,1
123,fedavg,0.0,20,113,4.0874412209538376,0.7676969092721835,0.39993176222684423,0.3708590549923131,0.49230769230769234,0.628099173553719,0.5811965811965812,0.0,0.0,0.8944099378881988,0.0,2.711049321123033e-06,1,1
123,fedavg,0.0,20,114,4.097973012971735,0.7686939182452642,0.40014466407909033,0.3713243238255683,0.49230769230769234,0.628099173553719,0.5836909871244635,0.0,0.0,0.8951724137931034,0.0,2.851882925002995e-06,1,1
123,fedavg,0.0,20,115,4.097494685875692,0.7686939182452642,0.40014466407909033,0.3713243238255683,0.49230769230769234,0.628099173553719,0.5836909871244635,0.0,0.0,0.8951724137931034,0.0,2.8097378979410037e-06,1,1
123,fedavg,0.0,20,116,4.098303143310167,0.7686939182452642,0.40014466407909033,0.3715956059133071,0.49230769230769234,0.628099173553719,0.5862068965517241,0.0,0.0,0.8945554789800138,0.0,2.684261382387852e-06,1,1
123,fedavg,0.0,20,117,4.102558966291509,0.7686939182452642,0.40014466407909033,0.3715956059133071,0.49230769230769234,0.628099173553719,0.5862068965517241,0.0,0.0,0.8945554789800138,0.0,2.6126036001672036e-06,1,1
123,fedavg,0.0,20,118,4.102085838527052,0.7686939182452642,0.40014466407909033,0.3715956059133071,0.49230769230769234,0.628099173553719,0.5862068965517241,0.0,0.0,0.8945554789800138,0.0,2.7508189454189306e-06,1,1
123,fedavg,0.0,20,119,4.100906790669632,0.7686939182452642,0.40014466407909033,0.3713243238255683,0.49230769230769234,0.628099173553719,0.5836909871244635,0.0,0.0,0.8951724137931034,0.0,2.6381150858639835e-06,1,1
123,fedavg,0.0,20,120,4.105299340406895,0.7676969092721835,0.39993176222684423,0.371127279490593,0.49230769230769234,0.628099173553719,0.5836909871244635,0.0,0.0,0.8937931034482759,0.0,2.7631050059377075e-06,1,1
123,fedavg,0.0,20,121,4.105971600693221,0.7686939182452642,0.40014466407909033,0.3715956059133071,0.49230769230769234,0.628099173553719,0.5862068965517241,0.0,0.0,0.8945554789800138,0.0,2.5937950762549438e-06,1,1
123,fedavg,0.0,20,122,4.1082875985329075,0.7686939182452642,0.40014466407909033,0.3715956059133071,0.49230769230769234,0.628099173553719,0.5862068965517241,0.0,0.0,0.8945554789800138,0.0,2.5796604231218653e-06,1,1
123,fedavg,0.0,20,123,4.122710582385153,0.769690927218345,0.4003575659313365,0.37206689414481625,0.49230769230769234,0.628099173553719,0.5887445887445888,0.0,0.0,0.8953168044077136,0.0,2.62988081527071e-06,1,1
123,fedavg,0.0,20,124,4.116556341365232,0.769690927218345,0.4003575659313365,0.3717925144492921,0.49230769230769234,0.628099173553719,0.5862068965517241,0.0,0.0,0.895933838731909,0.0,2.7116422160248387e-06,1,1
123,fedavg,0.0,20,125,4.121649159748081,0.7676969092721835,0.39993176222684423,0.3708590549923131,0.49230769230769234,0.628099173553719,0.5811965811965812,0.0,0.0,0.8944099378881988,0.0,2.4673793532551363e-06,1,1
123,fedavg,0.0,20,126,4.117881366286653,0.7676969092721835,0.39993176222684423,0.371127279490593,0.49230769230769234,0.628099173553719,0.5836909871244635,0.0,0.0,0.8937931034482759,0.0,2.438375688212511e-06,1,1
123,fedavg,0.0,20,127,4.124854995389047,0.7686939182452642,0.40014466407909033,0.3715956059133071,0.49230769230769234,0.628099173553719,0.5862068965517241,0.0,0.0,0.8945554789800138,0.0,2.477471019620657e-06,1,1
123,fedavg,0.0,20,128,4.1158509406587065,0.769690927218345,0.4044736684080946,0.3753354642003451,0.5151515151515151,0.6333333333333333,0.5836909871244635,0.0,0.0,0.8951724137931034,0.0,2.8499578480877812e-06,1,1
123,fedavg,0.0,20,129,4.127561479361202,0.769690927218345,0.4003575659313365,0.37206689414481625,0.49230769230769234,0.628099173553719,0.5887445887445888,0.0,0.0,0.8953168044077136,0.0,2.3537929549768025e-06,1,1
123,fedavg,0.0,20,130,4.121185330070503,0.7686939182452642,0.40014466407909033,0.3713243238255683,0.49230769230769234,0.628099173553719,0.5836909871244635,0.0,0.0,0.8951724137931034,0.0,2.5222111430574268e-06,1,1
123,fedavg,0.0,20,131,4.131816926530209,0.7686939182452642,0.40014466407909033,0.3713243238255683,0.49230769230769234,0.628099173553719,0.5836909871244635,0.0,0.0,0.8951724137931034,0.0,2.6452567555604485e-06,1,1
123,fedavg,0.0,20,132,4.127855275944246,0.7676969092721835,0.39884596278038903,0.36971673323849696,0.49230769230769234,0.6229508196721312,0.5775862068965517,0.0,0.0,0.8951724137931034,0.0,2.373336757218525e-06,1,1
123,fedavg,0.0,20,133,4.125787581427622,0.7686939182452642,0.4042607665558485,0.37487019536708976,0.5151515151515151,0.6333333333333333,0.5811965811965812,0.0,0.0,0.8944099378881988,0.0,2.6104465943744172e-06,1,1
123,fedavg,0.0,20,134,4.125816409157613,0.7686939182452642,0.40014466407909033,0.3713243238255683,0.49230769230769234,0.628099173553719,0.5836909871244635,0.0,0.0,0.8951724137931034,0.0,2.262695284761116e-06,1,1
123,fedavg,0.0,20,135,4.141329554712784,0.769690927218345,0.4003575659313365,0.37206689414481625,0.49230769230769234,0.628099173553719,0.5887445887445888,0.0,0.0,0.8953168044077136,0.0,2.281073091554839e-06,1,1
123,fedavg,0.0,20,136,4.132998363327529,0.769690927218345,0.4044736684080946,0.374997364238515,0.5074626865671642,0.6386554621848739,0.5836909871244635,0.0,0.0,0.8951724137931034,0.0,2.6140153193521714e-06,1,1
123,fedavg,0.0,20,137,4.131885283252416,0.7686939182452642,0.40014466407909033,0.3713243238255683,0.49230769230769234,0.628099173553719,0.5836909871244635,0.0,0.0,0.8951724137931034,0.0,2.336131495254511e-06,1,1
123,fedavg,0.0,20,138,4.128507112577216,0.7676969092721835,0.39884596278038903,0.36971673323849696,0.49230769230769234,0.6229508196721312,0.5775862068965517,0.0,0.0,0.8951724137931034,0.0,2.5781421250482264e-06,1,1
123,fedavg,0.0,20,139,4.134256826678397,0.7686939182452642,0.40014466407909033,0.3713243238255683,0.49230769230769234,0.628099173553719,0.5836909871244635,0.0,0.0,0.8951724137931034,0.0,2.204090321097317e-06,1,1
123,fedavg,0.0,20,140,4.140943258614507,0.7686939182452642,0.40014466407909033,0.3713243238255683,0.49230769230769234,0.628099173553719,0.5836909871244635,0.0,0.0,0.8951724137931034,0.0,2.2220967161351808e-06,1,1
123,fedavg,0.0,20,141,4.144097705900015,0.769690927218345,0.4003575659313365,0.37206689414481625,0.49230769230769234,0.628099173553719,0.5887445887445888,0.0,0.0,0.8953168044077136,0.0,2.3355352534243874e-06,1,1
123,fedavg,0.0,20,142,4.139749794871595,0.7686939182452642,0.40014466407909033,0.3713243238255683,0.49230769230769234,0.628099173553719,0.5836909871244635,0.0,0.0,0.8951724137931034,0.0,2.2030496958782638e-06,1,1
123,fedavg,0.0,20,143,4.15827432420413,0.7686939182452642,0.3960285616023321,0.3683389820733081,0.46875,0.628099173553719,0.5862068965517241,0.0,0.0,0.8953168044077136,0.0,2.3233750246725815e-06,1,1
123,fedavg,0.0,20,144,4.150750701710329,0.7686939182452642,0.40014466407909033,0.3715956059133071,0.49230769230769234,0.628099173553719,0.5862068965517241,0.0,0.0,0.8945554789800138,0.0,1.964045397341801e-06,1,1
123,fedavg,0.0,20,145,4.1527540465057315,0.7686939182452642,0.40014466407909033,0.3715956059133071,0.49230769230769234,0.628099173553719,0.5862068965517241,0.0,0.0,0.8945554789800138,0.0,2.0915067514576987e-06,1,1
123,fedavg,0.0,20,146,4.155796036049947,0.769690927218345,0.4003575659313365,0.37206689414481625,0.49230769230769234,0.628099173553719,0.5887445887445888,0.0,0.0,0.8953168044077136,0.0,2.1368403483191424e-06,1,1
123,fedavg,0.0,20,147,4.160389070377749,0.7686939182452642,0.3990588646326351,0.3704548588628159,0.49230769230769234,0.6229508196721312,0.5826086956521739,0.0,0.0,0.8953168044077136,0.0,2.0408660747796923e-06,1,1
123,fedavg,0.0,20,148,4.162271436641841,0.7686939182452642,0.3990588646326351,0.3704548588628159,0.49230769230769234,0.6229508196721312,0.5826086956521739,0.0,0.0,0.8953168044077136,0.0,2.489083553703708e-06,1,1
123,fedavg,0.0,20,149,4.152372620041563,0.7676969092721835,0.39884596278038903,0.3699857958637739,0.49230769230769234,0.6229508196721312,0.5800865800865801,0.0,0.0,0.8945554789800138,0.0,2.4155444826710536e-06,1,1
123,fedavg,0.0,20,150,4.158944857084858,0.769690927218345,0.4003575659313365,0.37206689414481625,0.49230769230769234,0.628099173553719,0.5887445887445888,0.0,0.0,0.8953168044077136,0.0,1.9798215033322256e-06,1,1
