round,client_id,update_norm,n_samples,local_epochs,tau
1,5,1.4331997806405103,1108,1,35
1,4,4.214457745812735,1110,20,700
1,3,2.071241169907539,1094,4,140
1,2,2.2069760961750826,1095,5,175
1,1,3.736331850782123,963,20,620
1,0,3.431782777715905,964,16,496
1,6,2.0465244598094934,673,20,440
2,5,2.9233478688039303,1108,16,560
2,0,4.112426167531759,964,10,310
2,3,4.275474952422294,1094,10,350
2,1,4.759299229076666,963,20,620
2,2,5.214067504888943,1095,20,700
2,6,0.034359177821588927,673,20,440
2,4,2.7270199642443305,1110,8,280
3,6,0.9695794091487916,673,20,440
3,5,1.4418428276899975,1108,3,105
3,4,1.2123689293285034,1110,1,35
3,3,3.0769621977578376,1094,20,700
3,2,1.5473850303724492,1095,6,210
3,1,2.309306300725209,963,10,310
3,0,3.3620799545776165,964,20,620
4,0,4.490027483625819,964,8,248
4,4,1.0997032465899725,1110,2,70
4,3,5.039921443615272,1094,20,700
4,5,3.737084141384268,1108,20,700
4,1,3.861620919349391,963,3,93
4,2,4.190750347429872,1095,5,175
4,6,2.3617284489085684,673,20,440
5,3,3.224548506473121,1094,20,700
5,1,2.573026715423237,963,16,496
5,5,3.9099106130260886,1108,20,700
5,0,2.7165471499717415,964,20,620
5,6,0.5584545588311587,673,3,66
5,2,2.5464484310594555,1095,12,420
5,4,2.0511606802399904,1110,3,105
6,4,1.6690820520755543,1110,3,105
6,0,3.3129740974614714,964,20,620
6,5,3.6441247813969633,1108,20,700
6,3,2.6091678440587436,1094,9,315
6,6,0.257247029233007,673,15,330
6,2,3.6698858216586006,1095,20,700
6,1,3.2273357409915047,963,18,558
7,2,3.601389941846642,1095,20,700
7,4,1.7947403771771635,1110,7,245
7,6,1.1475911060396653,673,11,242
7,5,3.6366856465382393,1108,20,700
7,3,1.5230912482632513,1094,4,140
7,1,3.2290031634751903,963,18,558
7,0,2.972813618607915,964,20,620
8,0,2.9756854085444324,964,20,620
8,3,3.2246532766248865,1094,20,700
8,2,1.664287666899362,1095,6,210
8,5,3.718189339419291,1108,20,700
8,6,0.33950926462110664,673,16,352
8,1,1.6621071553423392,963,3,93
8,4,1.9174155511426825,1110,6,210
9,3,3.620530250183202,1094,20,700
9,5,2.253269207802128,1108,6,210
9,6,0.49576713003884954,673,10,220
9,4,3.420604877061522,1110,20,700
9,0,2.7844518258279543,964,20,620
9,2,1.4303183922047065,1095,1,35
9,1,1.4855148127916795,963,7,217
10,4,4.147693960007547,1110,1,35
10,5,5.763899979393298,1108,20,700
10,6,3.5803025138566222,673,20,440
10,0,4.8645086552373025,964,20,620
10,1,4.407555012575111,963,7,217
10,3,2.9635559616036447,1094,13,455
10,2,2.9574776648808365,1095,14,490
11,5,3.9334355478884575,1108,20,700
11,6,0.5919639547084652,673,20,440
11,3,2.817074223293674,1094,1,35
11,4,3.3823910906661903,1110,19,665
11,1,3.0010513581678797,963,14,434
11,0,3.3626284571958958,964,20,620
11,2,4.040381150138791,1095,17,595
12,6,1.9136051383761246,673,11,242
12,4,6.634259191564413,1110,20,700
12,3,2.900356522644174,1094,16,560
12,1,5.344678474297179,963,20,620
12,5,5.694355669097632,1108,7,245
12,0,5.158206313021905,964,20,620
12,2,1.4236716469659723,1095,1,35
13,0,1.830488901720793,964,20,620
13,1,1.5147670564933093,963,11,341
13,6,1.0016013975545879,673,2,44
13,3,1.5921320052496983,1094,6,210
13,4,1.9835618269708368,1110,20,700
13,5,1.7882969755126987,1108,20,700
13,2,1.9856341962795712,1095,11,385
14,4,3.338065745718204,1110,4,140
14,5,4.459074759430962,1108,20,700
14,2,3.27581317104439,1095,18,630
14,3,3.4981413616760126,1094,19,665
14,6,0.3064049427363868,673,20,440
14,0,3.576260024859795,964,20,620
14,1,2.438152077387897,963,4,124
15,0,3.9615667163417294,964,20,620
15,1,3.490822745686997,963,14,434
15,4,3.7321173275872,1110,13,455
15,2,2.0574134171880454,1095,14,490
15,6,2.2224184111177694,673,20,440
15,3,2.7025717003027734,1094,20,700
15,5,1.7022243179948935,1108,3,105
16,4,1.8470823992914651,1110,10,350
16,1,1.930437401695541,963,6,186
16,5,2.3566525933270266,1108,17,595
16,3,2.215105602182129,1094,8,280
16,2,3.5471588645466756,1095,20,700
16,6,1.2913809082177163,673,20,440
16,0,3.6295932048635406,964,20,620
17,0,3.2355727636329448,964,19,589
17,6,1.0214499620910453,673,15,330
17,3,3.041459987104354,1094,19,665
17,5,2.8289165392659053,1108,20,700
17,4,1.757123232147858,1110,6,210
17,2,3.306907064548501,1095,20,700
17,1,3.4307325413448826,963,20,620
18,3,2.1862679151255304,1094,5,175
18,5,1.9661056178994336,1108,20,700
18,1,4.078254202357916,963,20,620
18,2,2.8201396664057965,1095,14,490
18,4,1.722614161352493,1110,15,525
18,0,4.040552420919136,964,20,620
18,6,1.1413821631715886,673,5,110
19,4,2.177069423875439,1110,2,70
19,3,2.925017709065669,1094,20,700
19,6,0.8683763887803373,673,20,440
19,0,2.458914476829356,964,11,341
19,2,2.8416876045381323,1095,18,630
19,1,3.213104337260179,963,20,620
19,5,3.1760589532044294,1108,18,630
20,1,4.1964845964197215,963,20,620
20,5,2.0588736963609438,1108,12,420
20,3,4.077363652482932,1094,20,700
20,6,1.5135017832236979,673,18,396
20,2,3.9150286453317116,1095,14,490
20,0,2.3751912272489535,964,3,93
20,4,2.6103259642702006,1110,20,700
21,6,0.751049316559784,673,13,286
21,1,3.503412039391566,963,20,620
21,0,2.6757723152716286,964,13,403
21,4,3.3158353026231575,1110,13,455
21,5,4.051086850146992,1108,20,700
21,2,3.566190833155191,1095,20,700
21,3,3.298129225608205,1094,17,595
22,4,1.9589800039284297,1110,6,210
22,6,1.1653067315934182,673,16,352
22,0,3.1877220462147555,964,20,620
22,1,3.264805574981153,963,20,620
22,2,3.0301586866311254,1095,14,490
22,3,3.0886130290525755,1094,16,560
22,5,3.8235705271570635,1108,20,700
23,3,1.153788096850774,1094,1,35
23,2,3.680419959532602,1095,20,700
23,5,3.3437897069077698,1108,18,630
23,1,3.3479476928470224,963,20,620
23,6,0.7723663483405351,673,20,440
23,0,1.8543256454490131,964,8,248
23,4,2.4712155391819475,1110,13,455
24,1,4.1607526340926055,963,20,620
24,2,3.4359785355442414,1095,20,700
24,4,4.3860681699439406,1110,15,525
24,6,2.470303838699254,673,20,440
24,5,4.23797598420321,1108,11,385
24,3,1.0863920554690183,1094,3,105
24,0,3.82333232976774,964,17,527
25,1,3.2191373651302033,963,20,620
25,5,1.6379448143812707,1108,4,140
25,4,3.8131855055704538,1110,20,700
25,6,0.5698982755517195,673,10,220
25,2,2.062081436744896,1095,7,245
25,3,2.311309579906053,1094,10,350
25,0,3.237706905953921,964,20,620
26,0,1.7714948080955506,964,7,217
26,6,0.7456649362940032,673,4,88
26,4,3.933261331729262,1110,20,700
26,3,3.382618761724099,1094,20,700
26,5,2.0257360762183287,1108,6,210
26,1,3.0828615757726068,963,20,620
26,2,2.6840176273858614,1095,14,490
27,4,3.4800840182539368,1110,18,630
27,2,3.419768243766108,1095,20,700
27,1,1.793505246232692,963,2,62
27,3,2.558821374966563,1094,10,350
27,0,2.8531320777083544,964,19,589
27,6,0.39311463386268586,673,20,440
27,5,3.857836277994149,1108,20,700
28,2,3.7055033362456884,1095,18,630
28,0,2.8290054079568505,964,20,620
28,3,3.498821894565614,1094,16,560
28,6,1.0940321316534982,673,1,22
28,1,2.795301265872324,963,20,620
28,5,2.826559833672686,1108,8,280
28,4,3.883735525627782,1110,20,700
29,1,3.3756739903753514,963,5,155
29,0,2.963755121645757,964,3,93
29,3,4.478894532832475,1094,20,700
29,6,0.1721909188577558,673,12,264
29,5,5.075387304245567,1108,20,700
29,2,4.2991888679990415,1095,14,490
29,4,4.983117674733646,1110,20,700
30,3,3.104502923763672,1094,13,455
30,0,2.8574762243616907,964,13,403
30,5,4.091987165387563,1108,20,700
30,6,1.3850639166303935,673,19,418
30,2,2.477054565137801,1095,3,105
30,4,4.075830104569663,1110,20,700
30,1,3.628756554608011,963,20,620
31,1,3.4262587294393523,963,20,620
31,4,2.336819910014046,1110,5,175
31,6,0.9906978756816209,673,20,440
31,3,1.7902119470010018,1094,7,245
31,5,4.277347077385074,1108,20,700
31,2,2.118993716044878,1095,8,280
31,0,2.8213797717959137,964,15,465
32,4,3.5100902440619723,1110,16,560
32,2,3.812950893016692,1095,20,700
32,3,3.642916072056666,1094,20,700
32,6,0.49779366422627225,673,10,220
32,1,3.2445357542799216,963,20,620
32,0,2.8325552139649863,964,13,403
32,5,3.135633476761538,1108,13,455
33,5,2.0798754023106505,1108,6,210
33,3,3.8821038012754068,1094,20,700
33,6,0.5450110605353942,673,20,440
33,2,3.482669665833272,1095,16,560
33,1,1.5152237272978724,963,5,155
33,0,3.080055243305232,964,20,620
33,4,2.0419534627300977,1110,6,210
34,0,1.534565339101753,964,5,155
34,6,0.6492585619433519,673,20,440
34,4,3.4209719666861482,1110,17,595
34,5,2.9216027555831747,1108,14,490
34,1,3.0468930853846374,963,20,620
34,3,2.257640108311975,1094,3,105
34,2,4.282066489788847,1095,20,700
35,5,3.5519815757818525,1108,12,420
35,4,3.8802578811684856,1110,15,525
35,1,3.170096836671457,963,20,620
35,6,0.8689602656617315,673,14,308
35,2,4.008490054643406,1095,20,700
35,0,3.19611866648086,964,20,620
35,3,0.8649308839310147,1094,2,70
36,0,2.0452208512141565,964,7,217
36,5,4.29795515129274,1108,20,700
36,6,0.20523426380354753,673,1,22
36,1,1.8967610332168665,963,4,124
36,3,1.9178981673389452,1094,7,245
36,4,4.366069886286468,1110,20,700
36,2,3.9925284334399795,1095,20,700
37,5,4.477631647842919,1108,20,700
37,0,2.8963967561132367,964,19,589
37,6,0.311248442155932,673,20,440
37,2,4.534831939919902,1095,18,630
37,1,2.889056434985008,963,14,434
37,4,2.9093611205925516,1110,4,140
37,3,4.532248855197389,1094,20,700
38,1,4.67124163527448,963,20,620
38,3,3.5881646700109555,1094,15,525
38,6,0.891724266104862,673,20,440
38,4,3.6991858706446483,1110,16,560
38,0,3.888051320651019,964,20,620
38,5,1.8545046195057873,1108,5,175
38,2,2.946149649567092,1095,10,350
39,0,3.5919366698959787,964,20,620
39,6,0.6084376956578024,673,16,352
39,3,3.6353861813640336,1094,16,560
39,5,4.067888561768394,1108,20,700
39,4,1.4647857296064521,1110,1,35
39,2,3.928677526836245,1095,20,700
39,1,2.3429331631141013,963,7,217
40,4,4.066599165659752,1110,20,700
40,0,4.529070724172786,964,20,620
40,2,3.7326123911856013,1095,1,35
40,1,4.712777319911567,963,20,620
40,5,4.032058564795503,1108,16,560
40,6,3.4128562587797906,673,18,396
40,3,4.47434189720586,1094,5,175
41,5,5.795811613899028,1108,20,700
41,0,4.425463425940447,964,20,620
41,4,5.148211813861816,1110,11,385
41,2,1.9542830766227532,1095,10,350
41,6,1.1493604621822457,673,5,110
41,1,4.621595503030697,963,20,620
41,3,2.7580612231600243,1094,17,595
42,6,0.8049185104351927,673,14,308
42,3,3.7336686232656184,1094,20,700
42,2,3.6752970022254785,1095,20,700
42,4,4.154713037213739,1110,20,700
42,1,3.091485211078031,963,14,434
42,5,3.9966933110870695,1108,19,665
42,0,3.1381278238341794,964,15,465
43,6,1.4778843727973883,673,20,440
43,5,4.241156408551396,1108,20,700
43,1,4.036711296218308,963,20,620
43,3,3.5486643718017787,1094,19,665
43,4,3.1681869428606606,1110,12,420
43,0,3.9312013324240054,964,17,527
43,2,3.0382013027481056,1095,13,455
44,0,3.1398456364583156,964,20,620
44,6,0.6152360599609888,673,2,44
44,4,4.231160967490367,1110,20,700
44,2,3.815655575437477,1095,20,700
44,1,2.629816950507838,963,14,434
44,5,3.5909181747851537,1108,14,490
44,3,2.887826143012496,1094,11,385
45,1,2.191070510562583,963,8,248
45,6,0.9781958665365184,673,20,440
45,3,4.184071594166897,1094,20,700
45,2,3.3388050382597134,1095,10,350
45,0,1.9713816900078112,964,4,124
45,5,4.583895033221335,1108,17,595
45,4,4.843943736345419,1110,20,700
46,6,1.3854756063923377,673,8,176
46,4,4.390220181314818,1110,20,700
46,3,3.309566042421493,1094,11,385
46,1,3.2014385152159197,963,20,620
46,2,3.360404717201674,1095,13,455
46,5,4.367897200106831,1108,20,700
46,0,3.304853966659022,964,18,558
47,0,1.6340854710339998,964,5,155
47,2,3.9964798534843045,1095,20,700
47,6,0.8481012259939082,673,20,440
47,1,2.4764452040365015,963,12,372
47,5,4.587507151128505,1108,20,700
47,3,2.7639143624706373,1094,11,385
47,4,1.7727930511343708,1110,1,35
48,6,4.799909860804687,673,20,440
48,2,5.416394916538967,1095,8,280
48,4,3.5758174092391752,1110,9,315
48,0,6.774957013983013,964,20,620
48,5,3.493435150266767,1108,5,175
48,3,6.424391594261999,1094,20,700
48,1,6.844215980218757,963,18,558
49,2,3.673299613391978,1095,20,700
49,5,3.1746105670859497,1108,20,700
49,1,1.0980478357594485,963,1,31
49,6,1.4589775954220072,673,16,352
49,3,3.423422587062186,1094,18,630
49,0,4.019713365527898,964,20,620
49,4,2.6079242522182997,1110,9,315
50,5,3.669756608674124,1108,10,350
50,4,2.8751679929192453,1110,3,105
50,0,2.693076368992228,964,11,341
50,6,2.7366751275385135,673,20,440
50,2,4.357182387130644,1095,20,700
50,1,1.5184767990550496,963,2,62
50,3,4.472744255110266,1094,20,700
51,6,1.1696702918467166,673,20,440
51,0,2.924749398530707,964,10,310
51,1,3.5162137402287255,963,15,465
51,4,3.1655501959962193,1110,20,700
51,2,3.9348975260728354,1095,18,630
51,3,3.105754980897156,1094,11,385
51,5,3.2453451888968905,1108,20,700
52,2,3.7897619534835543,1095,20,700
52,3,2.9829618257297477,1094,13,455
52,6,1.2776767007068224,673,20,440
52,4,3.412566117908704,1110,18,630
52,1,2.8891823415617415,963,12,372
52,5,3.566847696424349,1108,20,700
52,0,3.483031577535108,964,19,589
53,0,1.5202777923708732,964,3,93
53,2,2.393417518480904,1095,9,315
53,6,1.6032703984707435,673,20,440
53,3,3.7735217243483676,1094,20,700
53,4,3.3779018289628233,1110,18,630
53,1,3.56866228445093,963,20,620
53,5,2.9965240718400086,1108,13,455
54,4,3.7706207542520582,1110,17,595
54,5,3.1843530492302263,1108,9,315
54,0,3.175007675068808,964,20,620
54,1,3.2829459250865547,963,20,620
54,6,1.8551987092293327,673,20,440
54,2,2.189285672254137,1095,7,245
54,3,1.7306109184310772,1094,4,140
55,1,3.609268154723111,963,14,434
55,5,3.5824739183049235,1108,13,455
55,2,3.519885964259041,1095,20,700
55,4,2.6616886467883365,1110,6,210
55,0,3.9661469193149137,964,20,620
55,6,1.704203982823596,673,20,440
55,3,3.5741047639241597,1094,19,665
56,5,3.3601884944386797,1108,17,595
56,2,4.230475495824002,1095,20,700
56,3,2.7537518195468556,1094,6,210
56,4,3.2548950724432335,1110,16,560
56,0,3.852084981303013,964,20,620
56,1,3.966933315211656,963,20,620
56,6,1.4465150812663412,673,13,286
57,5,3.6961368513095345,1108,20,700
57,4,3.7971060002448955,1110,16,560
57,2,3.578372844801608,1095,20,700
57,3,2.1915061762698653,1094,9,315
57,1,3.9327185113834284,963,20,620
57,0,1.0140913340956343,964,1,31
57,6,1.167620693409102,673,12,264
58,5,4.19310062102574,1108,17,595
58,4,4.430556910767149,1110,20,700
58,1,2.5869133869848655,963,11,341
58,0,3.253097227979556,964,20,620
58,3,4.7775517153132325,1094,20,700
58,2,1.7506552687005434,1095,2,70
58,6,2.091498461825181,673,16,352
59,4,5.068491547303939,1110,20,700
59,0,3.0674998197699788,964,7,217
59,1,2.150454087631704,963,3,93
59,6,1.8146720987948644,673,12,264
59,2,2.188845167660488,1095,8,280
59,5,4.916648904821453,1108,20,700
59,3,3.7082148391472134,1094,20,700
60,1,3.3067037823043415,963,20,620
60,0,2.623868604812532,964,11,341
60,5,3.1445892582453356,1108,6,210
60,4,4.583563911905817,1110,19,665
60,3,4.63308210150278,1094,20,700
60,6,1.2737586473092795,673,8,176
60,2,4.647244177437417,1095,20,700
61,4,3.515576370024844,1110,16,560
61,1,4.146394761221312,963,15,465
61,2,5.061328621771759,1095,20,700
61,6,0.9214116683095717,673,12,264
61,3,2.8416875714224314,1094,3,105
61,5,4.564930135310408,1108,20,700
61,0,4.420275837994483,964,20,620
62,2,1.8941978718497,1095,7,245
62,6,3.4322403965208035,673,20,440
62,5,2.508416884310089,1108,4,140
62,4,4.2442528710475615,1110,20,700
62,1,4.042253757698988,963,20,620
62,0,1.6697701616126035,964,3,93
62,3,1.7427516629218267,1094,6,210
63,4,3.4340110914287068,1110,20,700
63,1,3.4558199903559697,963,20,620
63,2,3.544070971746319,1095,20,700
63,0,1.542531727879202,964,3,93
63,5,2.531183037616439,1108,8,280
63,3,1.755946522374591,1094,2,70
63,6,1.6080439920226026,673,11,242
64,6,2.4247087973719883,673,7,154
64,4,3.1675977484029034,1110,8,280
64,0,3.829339912013033,964,20,620
64,1,1.8415979655909573,963,4,124
64,2,3.179576057630768,1095,20,700
64,3,3.048150102843723,1094,18,630
64,5,4.210142137213921,1108,20,700
65,6,1.6339362481983437,673,20,440
65,3,3.992141595021478,1094,20,700
65,2,3.984151054640542,1095,20,700
65,1,2.9908189704121577,963,17,527
65,0,2.3402022067066746,964,8,248
65,4,2.807401831572584,1110,9,315
65,5,3.3443340445118843,1108,17,595
66,6,1.4368636079997283,673,8,176
66,5,3.341167069637301,1108,20,700
66,2,3.124416005707412,1095,9,315
66,3,3.227781778286055,1094,10,350
66,1,3.206972132443888,963,20,620
66,4,3.350865298750731,1110,20,700
66,0,2.542325736617478,964,11,341
67,1,3.457157252709809,963,20,620
67,0,3.224640136361186,964,16,496
67,2,2.787255705194505,1095,13,455
67,4,2.9264006229503137,1110,8,280
67,3,3.2032047923325693,1094,20,700
67,6,1.9551026550539041,673,20,440
67,5,3.182921422171145,1108,11,385
68,3,0.9582817665573271,1094,1,35
68,1,3.4931527053089093,963,17,527
68,5,3.177011641608001,1108,20,700
68,0,3.687836510578204,964,20,620
68,2,3.606625440973669,1095,20,700
68,6,1.398839073633092,673,8,176
68,4,2.644209206579445,1110,12,420
69,3,2.650836540908188,1094,20,700
69,5,3.972549254188168,1108,13,455
69,1,4.3009919899655085,963,16,496
69,2,2.44980419633067,1095,17,595
69,0,3.907472362453584,964,12,372
69,6,3.563511579609091,673,20,440
69,4,4.475677620660897,1110,20,700
70,2,3.4988454184174733,1095,20,700
70,6,1.915033124117632,673,20,440
70,1,3.425568610809239,963,20,620
70,0,3.2499377627504487,964,17,527
70,4,2.942525688621616,1110,11,385
70,3,3.079796124702535,1094,13,455
70,5,2.6830517973631007,1108,8,280
71,4,2.671706019520549,1110,13,455
71,2,3.645179805753794,1095,20,700
71,5,2.6679047226137835,1108,13,455
71,6,0.5045341049414007,673,2,44
71,3,3.347271610806008,1094,15,525
71,0,3.7178631187911155,964,20,620
71,1,3.7263713954288784,963,20,620
72,3,3.037781978916599,1094,10,350
72,2,3.6206231489602687,1095,20,700
72,5,3.304387394655356,1108,20,700
72,0,2.560770985332216,964,6,186
72,6,1.215439315831352,673,12,264
72,4,3.320463080367685,1110,20,700
72,1,1.4088799186403353,963,2,62
73,1,2.9075651375477385,963,20,620
73,0,1.990146345473965,964,9,279
73,6,3.0583216051850495,673,17,374
73,4,2.8549313994460164,1110,6,210
73,2,3.4135301330117427,1095,12,420
73,3,4.013809932639956,1094,20,700
73,5,4.201128259987911,1108,20,700
74,0,3.374823258650743,964,19,589
74,2,3.7266734545423503,1095,20,700
74,3,2.3856739356872345,1094,4,140
74,1,3.4381380320572092,963,20,620
74,4,3.3105829488241723,1110,20,700
74,5,2.91921328943717,1108,14,490
74,6,1.5233136034287673,673,11,242
75,1,2.8984634477991715,963,9,279
75,6,2.338103557250816,673,20,440
75,4,2.901798321035922,1110,8,280
75,5,2.3472831388163833,1108,4,140
75,3,2.8673159120921596,1094,20,700
75,0,3.88306115958326,964,20,620
75,2,2.635918077701191,1095,16,560
76,0,2.1929659618143753,964,5,155
76,6,2.498501356897442,673,20,440
76,3,3.994266145874716,1094,20,700
76,2,3.999958773045856,1095,20,700
76,5,1.0656096626720266,1108,2,70
76,4,2.0471012546853804,1110,10,350
76,1,3.219980830265779,963,12,372
77,2,4.3242417666196715,1095,20,700
77,0,3.5211731818519674,964,18,558
77,3,3.6729598435621327,1094,11,385
77,5,2.5880899093999616,1108,16,560
77,4,2.8756837179491113,1110,20,700
77,6,2.803856872866286,673,20,440
77,1,3.4409815191137993,963,17,527
78,1,3.5017102442271755,963,20,620
78,6,1.52129198696921,673,12,264
78,0,2.263728113454566,964,6,186
78,3,3.3891592121787233,1094,18,630
78,4,3.4690014780959486,1110,20,700
78,5,3.4593855909767233,1108,20,700
78,2,3.3955357798801242,1095,18,630
79,1,1.349801879313904,963,3,93
79,6,1.7796600850900397,673,14,308
79,4,3.733700903079545,1110,20,700
79,2,3.6637541259216335,1095,20,700
79,0,3.0841438586206285,964,20,620
79,3,3.2019922155952187,1094,13,455
79,5,3.3399021814639696,1108,14,490
80,0,0.41526076476988416,964,1,31
80,4,2.4580826370117665,1110,5,175
80,3,1.69295967085269,1094,2,70
80,6,2.4138899611197617,673,20,440
80,5,3.829017026067768,1108,20,700
80,2,3.446124697822244,1095,15,525
80,1,2.930158867253372,963,20,620
81,1,2.5870144796228822,963,8,248
81,4,4.119793405526019,1110,20,700
81,3,3.3453732836562566,1094,20,700
81,6,3.3886617067180693,673,20,440
81,2,3.210406454405355,1095,18,630
81,0,2.5924059598506672,964,8,248
81,5,3.7615785492820417,1108,15,525
82,3,3.7715593775816756,1094,20,700
82,1,2.095937759603833,963,8,248
82,2,3.4232221111284153,1095,14,490
82,6,1.2209131667501305,673,8,176
82,4,3.776754953515569,1110,20,700
82,5,3.758360977461182,1108,20,700
82,0,2.8811992865527456,964,18,558
83,3,2.9381503367809088,1094,10,350
83,5,3.77981860143461,1108,20,700
83,4,3.7881418071814106,1110,20,700
83,2,2.9514300738770842,1095,10,350
83,1,2.968364378532631,963,18,558
83,6,0.17494008783132953,673,1,22
83,0,3.0991860057935114,964,20,620
84,2,2.7934164112217896,1095,14,490
84,4,2.8427462784380113,1110,6,210
84,5,3.140117326606864,1108,9,315
84,0,3.5705780240184932,964,20,620
84,3,2.7384768240770834,1094,13,455
84,1,3.58064162437924,963,20,620
84,6,1.7057894776133704,673,20,440
85,5,3.041453254755096,1108,20,700
85,3,0.9117876767908337,1094,1,35
85,6,2.310889754218738,673,20,440
85,0,3.8991816119630127,964,20,620
85,4,1.7941092689502793,1110,5,175
85,2,1.6526993274917898,1095,2,70
85,1,2.798698243969767,963,8,248
86,6,2.8142627387107626,673,5,110
86,4,4.018822175859146,1110,11,385
86,0,4.886597933840676,964,20,620
86,5,4.3622804155173585,1108,15,525
86,1,4.083142537961318,963,11,341
86,2,2.7809315388152673,1095,20,700
86,3,2.7684478649974595,1094,20,700
87,3,3.9080352603080706,1094,20,700
87,5,3.4009871556415474,1108,20,700
87,4,3.048720270783606,1110,13,455
87,1,3.4721085017458395,963,18,558
87,0,3.585847055425327,964,20,620
87,2,2.9688799553619045,1095,5,175
87,6,0.9842181700395245,673,12,264
88,3,1.9157004931326622,1094,6,210
88,2,2.3202614004295667,1095,10,350
88,5,2.1885997656600606,1108,4,140
88,0,3.8100059899524283,964,20,620
88,6,2.3523196594399414,673,20,440
88,4,0.9167382509258594,1110,1,35
88,1,3.7904867091742007,963,20,620
89,4,2.5945483598812866,1110,18,630
89,0,4.59807884336081,964,18,558
89,3,4.234010780193527,1094,20,700
89,6,3.5441825762076373,673,20,440
89,2,4.033420574456716,1095,17,595
89,5,2.71885965668101,1108,20,700
89,1,4.237299946340569,963,14,434
90,2,2.3991710364680148,1095,5,175
90,4,3.4247148314574307,1110,20,700
90,6,0.7344248772643592,673,4,88
90,1,3.547208851787315,963,20,620
90,0,3.2102368048565633,964,15,465
90,3,3.504120920021123,1094,20,700
90,5,2.188041727273323,1108,4,140
91,5,2.642205324461326,1108,12,420
91,2,3.394719927560217,1095,20,700
91,6,2.447788697222373,673,20,440
91,0,3.0833439661188056,964,10,310
91,4,1.3578817864820942,1110,2,70
91,3,1.4687504375403684,1094,2,70
91,1,3.9321008655293137,963,20,620
92,0,0.6268051552840561,964,1,31
92,3,2.4479051648049106,1094,8,280
92,1,4.2669125997363295,963,18,558
92,4,3.359049206076722,1110,20,700
92,2,2.3159691022783004,1095,7,245
92,6,3.3187473556896188,673,20,440
92,5,3.3535131093961543,1108,20,700
93,4,4.225131449106383,1110,20,700
93,3,2.418679409344871,1094,6,210
93,2,2.902020807968327,1095,12,420
93,0,2.6346198356566872,964,13,403
93,6,0.881863146265008,673,6,132
93,5,4.208955928666618,1108,20,700
93,1,3.074286320020233,963,20,620
94,6,0.6981370055364063,673,3,66
94,4,4.082777753551011,1110,20,700
94,2,2.574474724686553,1095,14,490
94,3,2.953366612399251,1094,20,700
94,5,1.9994906357550353,1108,2,70
94,1,1.8495147350809893,963,4,124
94,0,3.5391455268575225,964,20,620
95,6,0.5403827632656715,673,1,22
95,1,3.792043345526153,963,20,620
95,5,1.7763258181351371,1108,7,245
95,2,4.338363315137417,1095,20,700
95,4,1.6278114904844614,1110,6,210
95,0,3.787401654124446,964,20,620
95,3,3.196272727716696,1094,7,245
96,0,3.8749187604032316,964,20,620
96,3,3.529123654567137,1094,18,630
96,6,1.2436587482664245,673,20,440
96,1,2.9140494260519803,963,7,217
96,5,3.44898890591283,1108,20,700
96,4,2.683272656500332,1110,6,210
96,2,3.441658509421401,1095,16,560
97,0,3.5419324906679024,964,20,620
97,1,1.8971764055422187,963,5,155
97,4,1.879845450324998,1110,5,175
97,5,3.2124735568544986,1108,20,700
97,3,3.605562660177806,1094,17,595
97,6,2.1635816023565653,673,14,308
97,2,3.7921726175863486,1095,20,700
98,2,3.942751370014272,1095,20,700
98,0,3.148933346825421,964,17,527
98,6,1.804930055505341,673,12,264
98,3,3.8829167972406875,1094,19,665
98,5,3.2305470631748796,1108,20,700
98,1,3.3408842544291084,963,20,620
98,4,2.407390153598146,1110,9,315
99,2,3.7602146977001802,1095,20,700
99,6,0.17284884457929828,673,1,22
99,1,3.2814974858755117,963,16,496
99,3,3.7701555564126523,1094,20,700
99,4,2.227437577368181,1110,6,210
99,5,2.847662970270538,1108,14,490
99,0,3.5220404328364117,964,20,620
100,2,2.427675969796862,1095,3,105
100,0,3.714171085976193,964,20,620
100,4,3.0032213075882557,1110,20,700
100,5,2.0781556462142285,1108,6,210
100,1,3.6959317501685303,963,20,620
100,6,1.7562496699062655,673,18,396
100,3,2.981055067539275,1094,7,245
101,4,3.8759077567362192,1110,20,700
101,3,2.7956305222917837,1094,20,700
101,2,1.791740134832704,1095,8,280
101,0,1.7464646741183003,964,3,93
101,5,2.99840936762318,1108,9,315
101,6,2.88963198518756,673,17,374
101,1,4.3694804768623685,963,20,620
102,2,3.6015963467908794,1095,19,665
102,5,3.5752250995780535,1108,20,700
102,1,3.224202621105886,963,20,620
102,0,2.1279797140210985,964,7,217
102,6,0.6887806237595548,673,3,66
102,4,3.582899852431522,1110,20,700
102,3,2.5807323715834674,1094,6,210
103,6,1.7776458047242103,673,16,352
103,2,3.2140931685053844,1095,20,700
103,3,1.6755601053775002,1094,2,70
103,0,3.3508488148013433,964,20,620
103,1,2.4048938780458977,963,8,248
103,5,3.910158800706923,1108,20,700
103,4,2.5327914245121224,1110,4,140
104,1,4.203310044519201,963,20,620
104,6,3.432864070281089,673,20,440
104,3,0.9634340921694426,1094,2,70
104,0,4.144603630471033,964,19,589
104,2,3.232023590132796,1095,20,700
104,4,2.5091605926714733,1110,6,210
104,5,3.144689707851022,1108,11,385
105,5,2.1469533305397097,1108,4,140
105,1,3.8504413459610154,963,17,527
105,3,2.835030178791006,1094,16,560
105,6,1.3747307301965677,673,9,198
105,2,3.0867233309650093,1095,20,700
105,4,3.4514300956012285,1110,20,700
105,0,4.035446231266402,964,20,620
106,5,1.7282795935816122,1108,6,210
106,2,3.6833283922403215,1095,18,630
106,6,2.2952669603803146,673,20,440
106,1,3.9871585710628814,963,20,620
106,3,3.799971004576032,1094,20,700
106,4,1.490229577994166,1110,4,140
106,0,2.86846318801631,964,8,248
107,5,2.6286410246099825,1108,18,630
107,6,2.498146944267463,673,20,440
107,3,4.09191533521622,1094,20,700
107,4,2.6995885134965567,1110,19,665
107,1,3.847683532631427,963,20,620
107,0,0.4869037151061346,964,1,31
107,2,2.8890937226828166,1095,6,210
108,5,4.127219835683202,1108,20,700
108,3,3.4617243027598215,1094,20,700
108,0,2.856327894699574,964,17,527
108,2,1.4027613836868416,1095,2,70
108,4,2.877634927410476,1110,6,210
108,6,2.566253106314157,673,20,440
108,1,0.36862081279521186,963,1,31
109,4,3.5982524512488614,1110,14,490
109,2,3.2695792750344093,1095,20,700
109,6,0.48262402868451576,673,1,22
109,1,2.7222226895226185,963,10,310
109,3,3.2645906756205796,1094,20,700
109,0,2.57689877596949,964,9,279
109,5,4.025747820201324,1108,20,700
110,6,1.0331553667328246,673,20,440
110,5,3.4178637369987617,1108,11,385
110,3,3.679845316148067,1094,12,420
110,4,3.8818209552402303,1110,20,700
110,2,3.464432326298784,1095,8,280
110,1,2.4102266385469,963,4,124
110,0,3.342990369890054,964,20,620
111,4,3.528175681161363,1110,15,525
111,1,3.176540321172302,963,20,620
111,5,3.8653306921756307,1108,20,700
111,6,2.731101407587424,673,20,440
111,2,2.4702743567197825,1095,7,245
111,0,3.1313394563433072,964,19,589
111,3,3.3209520323410917,1094,16,560
112,2,3.1239767907348157,1095,20,700
112,5,3.6779166157796443,1108,19,665
112,6,1.9743894649385159,673,19,418
112,0,1.6240225161623185,964,3,93
112,3,3.1279397991098947,1094,20,700
112,1,3.0241459676415885,963,12,372
112,4,3.7589134769959367,1110,20,700
113,0,2.4062879076927186,964,15,465
113,2,3.9134159062337015,1095,20,700
113,4,3.505038903072687,1110,13,455
113,5,3.9914637815606415,1108,20,700
113,1,0.9373878096518864,963,3,93
113,3,1.6878468881277562,1094,2,70
113,6,2.582162957717931,673,20,440
114,4,4.325673436501258,1110,20,700
114,0,3.1056206459980342,964,13,403
114,1,3.417011966287645,963,17,527
114,3,1.5185927431297361,1094,5,175
114,2,2.9388697427978254,1095,20,700
114,5,4.320907930472011,1108,20,700
114,6,2.549266104577649,673,13,286
115,6,1.9273865829441978,673,20,440
115,1,2.6603633738823125,963,9,279
115,4,3.9678352861314745,1110,20,700
115,0,0.5644409689669978,964,1,31
115,5,3.279929377315702,1108,10,350
115,3,2.627692667755782,1094,13,455
115,2,3.0440703015109714,1095,20,700
116,3,3.958820843039676,1094,20,700
116,0,2.928114096798515,964,20,620
116,6,2.403887579614461,673,10,220
116,2,1.542934087231601,1095,2,70
116,4,2.827845015797226,1110,7,245
116,5,4.005506651666794,1108,20,700
116,1,0.6382988612578163,963,2,62
117,2,2.9732515332518403,1095,20,700
117,6,1.6415815829181164,673,9,198
117,0,1.842337229028024,964,4,124
117,1,2.4265309244992395,963,7,217
117,5,3.9402738748132022,1108,20,700
117,4,3.9567057430315296,1110,20,700
117,3,2.3186404925388855,1094,11,385
118,5,2.2957542687919243,1108,3,105
118,0,1.5836921414548941,964,6,186
118,1,2.764252320953832,963,20,620
118,6,2.23332793546889,673,19,418
118,2,3.731853725196846,1095,20,700
118,4,4.040218778776637,1110,20,700
118,3,3.0097219231449444,1094,10,350
119,4,3.055169352903915,1110,20,700
119,2,3.5924552912277194,1095,14,490
119,5,2.143149732304357,1108,9,315
119,6,2.730430514735039,673,20,440
119,3,3.9886552530444006,1094,20,700
119,1,3.1230014058116637,963,13,403
119,0,0.46334722041725185,964,1,31
120,6,1.6775005953391762,673,9,198
120,1,1.29568426659134,963,4,124
120,5,3.436183497254183,1108,14,490
120,3,3.9326987458224054,1094,20,700
120,2,3.097749020700336,1095,9,315
120,0,2.7817889596874474,964,20,620
120,4,3.842923913351754,1110,20,700
121,6,1.9332285956883282,673,16,352
121,5,3.8211143956812696,1108,20,700
121,0,1.34850112324118,964,3,93
121,2,3.355346807420395,1095,16,560
121,3,3.617532597774919,1094,20,700
121,4,3.8365472475850515,1110,20,700
121,1,2.0973066051753473,963,8,248
122,1,1.2539917887050687,963,5,155
122,0,2.6185122909565455,964,20,620
122,2,3.963980133966709,1095,20,700
122,6,2.5490322283252453,673,20,440
122,5,3.891106014108066,1108,17,595
122,3,3.3088377441934127,1094,11,385
122,4,3.7654880297944153,1110,15,525
123,0,1.546263554464265,964,4,124
123,1,3.027334922390094,963,20,620
123,2,2.7519985116223955,1095,8,280
123,4,3.78914115245937,1110,20,700
123,3,2.656450533628005,1094,7,245
123,5,2.1664904917265333,1108,3,105
123,6,2.0918732684990577,673,20,440
124,0,3.667004078585642,964,20,620
124,2,3.6368832168955723,1095,20,700
124,4,2.383806594653436,1110,8,280
124,3,3.643278089403432,1094,20,700
124,5,3.1463508582225486,1108,16,560
124,1,3.1030373514914493,963,13,403
124,6,1.2554786570140783,673,3,66
125,0,3.3527237145044535,964,16,496
125,2,3.840256910314751,1095,20,700
125,3,1.17694790030418,1094,1,35
125,4,3.3592925812008163,1110,20,700
125,6,1.4301484456286047,673,20,440
125,1,3.533391897237719,963,19,589
125,5,2.434099853284559,1108,5,175
126,3,3.4188387225700403,1094,20,700
126,2,3.4216253415091686,1095,20,700
126,5,3.971843425164158,1108,13,455
126,0,2.0168065603924132,964,2,62
126,1,4.673021770981561,963,16,496
126,4,2.972481162908957,1110,5,175
126,6,4.4315755773416035,673,20,440
127,4,3.4473844023323523,1110,20,700
127,3,4.170583559942087,1094,9,315
127,6,0.2659525910241212,673,3,66
127,5,3.2799800173587013,1108,16,560
127,1,3.228854540413639,963,20,620
127,0,3.2310304273289607,964,20,620
127,2,4.763620135245232,1095,19,665
128,2,3.611889807880716,1095,20,700
128,1,1.885168105370094,963,4,124
128,5,2.890860052025871,1108,11,385
128,4,3.473287930819738,1110,20,700
128,3,2.4967255987124313,1094,5,175
128,0,3.2530928869734645,964,17,527
128,6,1.848277732760565,673,20,440
129,1,2.2548086815043487,963,8,248
129,0,2.274807101340134,964,8,248
129,5,3.8660040045914603,1108,20,700
129,2,3.4099535392974367,1095,20,700
129,6,2.586733930172264,673,18,396
129,3,2.294064716373013,1094,7,245
129,4,3.8866975089006415,1110,20,700
130,1,1.8821371726835145,963,6,186
130,4,3.9927281290692314,1110,20,700
130,0,3.1009349837270355,964,20,620
130,5,2.9472713489078433,1108,7,245
130,2,0.9169643666529613,1095,1,35
130,3,2.7880380395066746,1094,11,385
130,6,2.122691275567864,673,20,440
131,4,3.3606025885521156,1110,8,280
131,6,3.109069335484898,673,12,264
131,3,2.9539995021611936,1094,20,700
131,2,2.6777699303909137,1095,16,560
131,5,4.407328864477577,1108,20,700
131,1,3.2863120628502327,963,10,310
131,0,4.1735117206332095,964,20,620
132,4,3.3803575760543527,1110,20,700
132,2,3.43233604868432,1095,16,560
132,3,3.3157012718216556,1094,14,490
132,5,3.367723070652942,1108,20,700
132,6,0.5506548203771046,673,3,66
132,1,3.2098251603898,963,16,496
132,0,3.479062660809818,964,20,620
133,3,2.186105455866979,1094,3,105
133,0,2.5137637838113314,964,7,217
133,6,1.6712259242947831,673,20,440
133,2,3.4321091616681674,1095,20,700
133,1,3.4871576792200214,963,20,620
133,5,3.288448004240421,1108,14,490
133,4,3.469061298784179,1110,17,595
134,4,4.084075730921131,1110,20,700
134,6,2.936747683522547,673,20,440
134,5,3.5733058957785127,1108,13,455
134,3,2.9779874162880517,1094,20,700
134,2,2.7104518227302257,1095,16,560
134,1,3.653647263471358,963,18,558
134,0,1.8002217254367314,964,4,124
135,6,2.0460710996772438,673,20,440
135,2,1.8848668410068141,1095,2,70
135,3,3.46193531357911,1094,15,525
135,0,2.9973999574873402,964,20,620
135,4,3.727297942493602,1110,20,700
135,5,2.1684209066867517,1108,3,105
135,1,1.299119754066974,963,3,93
136,1,3.8520883656737004,963,16,496
136,6,3.7770969523616706,673,20,440
136,2,3.3757461564625295,1095,17,595
136,5,3.903809373682183,1108,19,665
136,0,4.1449272705775035,964,20,620
136,4,3.9776724568844335,1110,20,700
136,3,2.2236557867071123,1094,6,210
137,2,2.0978384643947128,1095,6,210
137,5,1.9682620817541094,1108,2,70
137,1,3.645085157788597,963,20,620
137,4,2.838679776856961,1110,7,245
137,3,3.0706129566397955,1094,20,700
137,6,1.8706688974423573,673,20,440
137,0,3.611238609885878,964,19,589
138,2,4.1676446964151825,1095,20,700
138,4,0.33930513401739665,1110,1,35
138,6,3.48251097620671,673,20,440
138,1,3.6538173271626597,963,10,310
138,3,2.8888594049633642,1094,6,210
138,5,2.8013082109384886,1108,20,700
138,0,1.9616664260901358,964,3,93
139,2,3.291002818121073,1095,14,490
139,0,3.283492695285989,964,20,620
139,5,3.567502452239445,1108,20,700
139,6,1.2272203257685745,673,9,198
139,4,2.7453762034500317,1110,8,280
139,3,3.6443085666802175,1094,20,700
139,1,1.9602320657645158,963,5,155
140,2,2.7511192132165934,1095,7,245
140,3,3.461835605910379,1094,15,525
140,4,3.483843130576025,1110,20,700
140,5,3.475758323763317,1108,20,700
140,1,2.215110612897489,963,8,248
140,0,3.0229339408059395,964,17,527
140,6,2.2521518449737163,673,20,440
141,3,3.12305839573053,1094,18,630
141,1,1.6946967849755683,963,4,124
141,2,2.851963281841466,1095,14,490
141,0,3.076847201034242,964,16,496
141,4,3.888215682916179,1110,20,700
141,5,3.8792833048276347,1108,20,700
141,6,2.1639221421163257,673,20,440
142,6,2.2997941227568006,673,20,440
142,3,3.666560353476614,1094,20,700
142,0,2.903564152142116,964,20,620
142,4,0.958015070918966,1110,1,35
142,5,2.417826756870272,1108,4,140
142,2,3.181970904400377,1095,13,455
142,1,2.7394287729256153,963,17,527
143,3,4.3878821599008315,1094,12,420
143,1,3.293387256000112,963,6,186
143,4,2.6013601499544965,1110,20,700
143,2,4.959851387273832,1095,20,700
143,6,3.9539127304960227,673,20,440
143,5,0.996892498033734,1108,3,105
143,0,3.513984590567766,964,7,217
144,3,3.7963959744935543,1094,20,700
144,1,2.4390809526601487,963,10,310
144,0,3.105885858009813,964,20,620
144,6,1.6403105827297968,673,17,374
144,2,2.546509608303007,1095,4,140
144,4,3.664223397215682,1110,20,700
144,5,3.481032930957936,1108,17,595
145,1,3.6312288159427006,963,20,620
145,0,3.644179044905673,964,20,620
145,5,3.037372921378548,1108,8,280
145,4,3.68526446954677,1110,15,525
145,3,2.970141060581246,1094,20,700
145,2,1.3262732463546398,1095,3,105
145,6,1.8664132487725484,673,9,198
146,5,2.336825098072037,1108,5,175
146,0,1.1993324832615049,964,2,62
146,6,2.2364683192475456,673,20,440
146,3,2.9980554810775257,1094,20,700
146,4,3.6014357523653553,1110,20,700
146,2,1.666612660008623,1095,4,140
146,1,3.665023122175578,963,16,496
147,3,0.7001496166135911,1094,1,35
147,0,3.2258812155370533,964,16,496
147,4,3.67198598477637,1110,20,700
147,6,2.9406360762966797,673,20,440
147,1,1.5668869928709583,963,4,124
147,2,2.6966252018430317,1095,9,315
147,5,3.6666335352567447,1108,20,700
148,0,2.6328979337255047,964,7,217
148,5,4.565214264288112,1108,20,700
148,4,4.375660196082195,1110,17,595
148,3,2.5559758767821434,1094,20,700
148,6,2.8258281898221678,673,20,440
148,1,1.1340354820537082,963,2,62
148,2,1.9694082917970313,1095,12,420
149,6,0.25465042705121227,673,1,22
149,1,2.0025889063120026,963,12,372
149,4,4.1057763979865545,1110,20,700
149,2,4.041336894170628,1095,20,700
149,5,3.8499206448368266,1108,16,560
149,0,1.1390553127264162,964,4,124
149,3,4.026039609145542,1094,20,700
150,1,2.409884606489641,963,12,372
150,2,2.534595429342956,1095,3,105
150,4,2.9545360009982717,1110,7,245
150,5,3.215486873277464,1108,10,350
150,0,2.8746764394988893,964,20,620
150,3,3.9042637524373003,1094,20,700
150,6,1.6872562888054772,673,20,440
